TransactionID,UserID,LearnerAge,LearnerGender,CourseID,CourseCategory,CourseType,TransactionDate,Amount
TT00001,U00003,33,Female,CR00016,Marketing,Free,2025-10-25,0.0
TT00002,U00003,33,Female,CR00037,Project Management,Free,2025-01-13,0.0
TT00003,U00003,33,Female,CR00019,Marketing,Free,2025-03-28,0.0
TT00004,U00004,23,Female,CR00048,Artificial Intelligence,Free,2025-06-02,0.0
TT00005,U00004,23,Female,CR00060,Digital Marketing,Free,2025-08-10,0.0
TT00006,U00004,23,Female,CR00042,Finance,Free,2025-10-30,0.0
TT00007,U00004,23,Female,CR00017,Marketing,Free,2025-05-09,0.0
TT00008,U00004,23,Female,CR00025,Data Science,Paid,2025-05-07,299.57
TT00009,U00013,33,Female,CR00003,Programming,Free,2025-10-05,0.0
TT00010,U00013,33,Female,CR00032,Cybersecurity,Free,2025-09-29,0.0
TT00011,U00013,33,Female,CR00060,Digital Marketing,Free,2025-11-26,0.0
TT00012,U00013,33,Female,CR00030,Machine Learning,Free,,0.0
TT00013,U00013,33,Female,CR00056,Digital Marketing,Paid,2025-08-28,212.39
TT00014,U00015,27,Female,CR00045,Finance,Free,2025-04-27,0.0
TT00015,U00015,27,Female,CR00046,Artificial Intelligence,Paid,2025-02-19,248.1
TT00016,U00015,27,Female,CR00040,Project Management,Paid,2025-12-22,327.99
TT00017,U00015,27,Female,CR00019,Marketing,Free,2025-07-14,0.0
TT00018,U00018,24,Female,CR00046,Artificial Intelligence,Paid,2025-05-22,248.1
TT00019,U00018,24,Female,CR00047,Artificial Intelligence,Paid,2025-04-21,89.59
TT00020,U00018,24,Female,CR00045,Finance,Free,2025-01-12,0.0
TT00021,U00018,24,Female,CR00001,Programming,Paid,2025-03-24,472.28
TT00022,U00018,24,Female,CR00029,Machine Learning,Free,2025-01-20,0.0
TT00023,U00028,30,Female,CR00040,Project Management,Paid,2025-05-06,327.99
TT00024,U00028,30,Female,CR00010,Design,Free,2025-08-12,0.0
TT00025,U00028,30,Female,CR00056,Digital Marketing,Paid,2025-03-04,212.39
TT00026,U00028,30,Female,CR00021,Data Science,Free,2025-04-17,0.0
TT00027,U00028,30,Female,CR00031,Cybersecurity,Free,2025-04-20,0.0
TT00028,U00045,23,Female,CR00043,Finance,Free,2025-05-06,0.0
TT00029,U00045,23,Female,CR00036,Project Management,Free,2025-04-28,0.0
TT00030,U00045,23,Female,CR00045,Finance,Free,2025-07-10,0.0
TT00031,U00045,23,Female,CR00035,Cybersecurity,Free,2025-07-27,0.0
TT00032,U00048,19,Male,CR00022,Data Science,Free,2025-11-19,0.0
TT00033,U00048,19,Male,CR00016,Marketing,Free,2025-03-21,0.0
TT00034,U00048,19,Male,CR00037,Project Management,Free,2025-05-25,0.0
TT00035,U00048,19,Male,CR00025,Data Science,Paid,2025-05-08,299.57
TT00036,U00055,31,Female,CR00058,Digital Marketing,Free,2025-04-29,0.0
TT00037,U00055,31,Female,CR00057,Digital Marketing,Paid,2025-05-17,177.34
TT00038,U00055,31,Female,CR00014,Business,Free,2025-09-21,0.0
TT00039,U00055,31,Female,CR00016,Marketing,Free,2025-06-02,0.0
TT00040,U00055,31,Female,CR00051,Web Development,Paid,2025-09-14,37.89
TT00041,U00071,30,Female,CR00025,Data Science,Paid,2025-03-02,299.57
TT00042,U00071,30,Female,CR00048,Artificial Intelligence,Free,2025-03-18,0.0
TT00043,U00071,30,Female,CR00015,Business,Paid,2025-10-16,285.05
TT00044,U00083,16,Male,CR00028,Machine Learning,Paid,2025-12-08,0.78
TT00045,U00083,16,Male,CR00054,Web Development,Free,2025-09-09,0.0
TT00046,U00083,16,Male,CR00044,Finance,Paid,2025-09-21,119.04
TT00047,U00083,16,Male,CR00040,Project Management,Paid,2025-11-15,327.99
TT00048,U00085,22,Female,CR00035,Cybersecurity,Free,2025-11-11,0.0
TT00049,U00085,22,Female,CR00053,Web Development,Free,2025-06-15,0.0
TT00050,U00085,22,Female,CR00002,Programming,Free,2025-03-01,0.0
TT00051,U00109,15,Female,CR00002,Programming,Free,2025-04-26,0.0
TT00052,U00109,15,Female,CR00023,Data Science,Free,2025-02-11,0.0
TT00053,U00109,15,Female,CR00054,Web Development,Free,2025-02-21,0.0
TT00054,U00112,34,Female,CR00024,Data Science,Paid,2025-10-21,117.68
TT00055,U00112,34,Female,CR00036,Project Management,Free,2025-04-07,0.0
TT00056,U00112,34,Female,CR00007,Design,Free,2025-02-22,0.0
TT00057,U00112,34,Female,CR00016,Marketing,Free,2025-06-05,0.0
TT00058,U00112,34,Female,CR00023,Data Science,Free,2025-02-25,0.0
TT00059,U00117,19,Female,CR00008,Design,Free,2025-10-15,0.0
TT00060,U00117,19,Female,CR00027,Machine Learning,Free,2025-08-03,0.0
TT00061,U00117,19,Female,CR00001,Programming,Paid,2025-11-28,472.28
TT00062,U00126,23,Female,CR00060,Digital Marketing,Free,2025-07-17,0.0
TT00063,U00126,23,Female,CR00036,Project Management,Free,2025-10-01,0.0
TT00064,U00126,23,Female,CR00050,Artificial Intelligence,Paid,2025-01-06,490.9
TT00065,U00126,23,Female,CR00028,Machine Learning,Paid,2025-04-16,0.78
TT00066,U00128,35,Female,CR00027,Machine Learning,Free,2025-02-21,0.0
TT00067,U00128,35,Female,CR00054,Web Development,Free,2025-12-10,0.0
TT00068,U00128,35,Female,CR00050,Artificial Intelligence,Paid,2025-01-03,490.9
TT00069,U00133,21,Male,CR00052,Web Development,Free,2025-06-05,0.0
TT00070,U00133,21,Male,CR00010,Design,Free,2025-07-19,0.0
TT00071,U00133,21,Male,CR00041,Finance,Paid,2025-10-10,53.86
TT00072,U00133,21,Male,CR00055,Web Development,Paid,2025-07-05,57.32
TT00073,U00133,21,Male,CR00004,Programming,Free,2025-03-24,0.0
TT00074,U00134,26,Female,CR00055,Web Development,Paid,2025-02-11,57.32
TT00075,U00134,26,Female,CR00012,Business,Paid,2025-12-29,487.92
TT00076,U00134,26,Female,CR00030,Machine Learning,Free,2025-08-17,0.0
TT00077,U00134,26,Female,CR00011,Business,Paid,2025-10-17,326.02
TT00078,U00144,24,Female,CR00032,Cybersecurity,Free,2025-12-28,0.0
TT00079,U00144,24,Female,CR00020,Marketing,Free,2025-10-03,0.0
TT00080,U00144,24,Female,CR00042,Finance,Free,2025-07-13,0.0
TT00081,U00144,24,Female,CR00012,Business,Paid,2025-03-18,487.92
TT00082,U00147,30,Male,CR00007,Design,Free,2025-09-02,0.0
TT00083,U00147,30,Male,CR00021,Data Science,Free,2025-12-03,0.0
TT00084,U00147,30,Male,CR00044,Finance,Paid,2025-09-30,119.04
TT00085,U00147,30,Male,CR00001,Programming,Paid,2025-11-14,472.28
TT00086,U00149,17,Female,CR00021,Data Science,Free,2025-03-11,0.0
TT00087,U00149,17,Female,CR00032,Cybersecurity,Free,2025-02-24,0.0
TT00088,U00149,17,Female,CR00049,Artificial Intelligence,Paid,2025-07-06,415.51
TT00089,U00152,19,Female,CR00033,Cybersecurity,Free,2025-05-12,0.0
TT00090,U00152,19,Female,CR00001,Programming,Paid,2025-11-05,472.28
TT00091,U00152,19,Female,CR00008,Design,Free,2025-04-20,0.0
TT00092,U00161,25,Female,CR00024,Data Science,Paid,2025-06-27,117.68
TT00093,U00161,25,Female,CR00042,Finance,Free,2025-03-11,0.0
TT00094,U00161,25,Female,CR00008,Design,Free,2025-04-16,0.0
TT00095,U00161,25,Female,CR00054,Web Development,Free,2025-10-07,0.0
TT00096,U00166,33,Male,CR00002,Programming,Free,2025-01-03,0.0
TT00097,U00166,33,Male,CR00004,Programming,Free,2025-07-11,0.0
TT00098,U00166,33,Male,CR00020,Marketing,Free,2025-12-11,0.0
TT00099,U00166,33,Male,CR00018,Marketing,Free,2025-10-30,0.0
TT00100,U00169,24,Male,CR00013,Business,Free,2025-04-20,0.0
TT00101,U00169,24,Male,CR00044,Finance,Paid,2025-04-29,119.04
TT00102,U00169,24,Male,CR00034,Cybersecurity,Paid,2025-11-24,394.26
TT00103,U00169,24,Male,CR00027,Machine Learning,Free,2025-02-15,0.0
TT00104,U00173,31,Male,CR00016,Marketing,Free,2025-04-03,0.0
TT00105,U00173,31,Male,CR00029,Machine Learning,Free,2025-07-26,0.0
TT00106,U00173,31,Male,CR00048,Artificial Intelligence,Free,2025-09-13,0.0
TT00107,U00177,29,Female,CR00021,Data Science,Free,2025-11-24,0.0
TT00108,U00177,29,Female,CR00006,Design,Paid,2025-04-09,276.37
TT00109,U00177,29,Female,CR00060,Digital Marketing,Free,2025-09-30,0.0
TT00110,U00177,29,Female,CR00002,Programming,Free,2025-03-19,0.0
TT00111,U00177,29,Female,CR00055,Web Development,Paid,2025-04-14,57.32
TT00112,U00178,20,Male,CR00021,Data Science,Free,2025-06-24,0.0
TT00113,U00178,20,Male,CR00048,Artificial Intelligence,Free,2025-08-14,0.0
TT00114,U00178,20,Male,CR00023,Data Science,Free,2025-02-08,0.0
TT00115,U00178,20,Male,CR00014,Business,Free,2025-05-16,0.0
TT00116,U00191,34,Male,CR00043,Finance,Free,2025-08-28,0.0
TT00117,U00191,34,Male,CR00058,Digital Marketing,Free,2025-06-04,0.0
TT00118,U00191,34,Male,CR00056,Digital Marketing,Paid,2025-06-08,212.39
TT00119,U00192,17,Male,CR00054,Web Development,Free,2025-05-30,0.0
TT00120,U00192,17,Male,CR00014,Business,Free,2025-11-14,0.0
TT00121,U00192,17,Male,CR00060,Digital Marketing,Free,2025-09-06,0.0
TT00122,U00192,17,Male,CR00043,Finance,Free,2025-04-21,0.0
TT00123,U00192,17,Male,CR00004,Programming,Free,2025-11-03,0.0
TT00124,U00198,30,Female,CR00041,Finance,Paid,2025-02-16,53.86
TT00125,U00198,30,Female,CR00016,Marketing,Free,2025-08-27,0.0
TT00126,U00198,30,Female,CR00032,Cybersecurity,Free,2025-04-21,0.0
TT00127,U00198,30,Female,CR00020,Marketing,Free,2025-06-20,0.0
TT00128,U00208,18,Female,CR00036,Project Management,Free,2025-03-24,0.0
TT00129,U00208,18,Female,CR00013,Business,Free,2025-06-18,0.0
TT00130,U00208,18,Female,CR00052,Web Development,Free,2025-08-22,0.0
TT00131,U00208,18,Female,CR00047,Artificial Intelligence,Paid,2025-10-29,89.59
TT00132,U00208,18,Female,CR00025,Data Science,Paid,2025-03-16,299.57
TT00133,U00216,23,Male,CR00059,Digital Marketing,Free,2025-03-16,0.0
TT00134,U00216,23,Male,CR00054,Web Development,Free,2025-11-29,0.0
TT00135,U00216,23,Male,CR00036,Project Management,Free,2025-05-08,0.0
TT00136,U00216,23,Male,CR00024,Data Science,Paid,2025-05-01,117.68
TT00137,U00216,23,Male,CR00017,Marketing,Free,2025-12-30,0.0
TT00138,U00220,20,Male,CR00010,Design,Free,2025-04-19,0.0
TT00139,U00220,20,Male,CR00014,Business,Free,2025-04-25,0.0
TT00140,U00220,20,Male,CR00017,Marketing,Free,2025-04-16,0.0
TT00141,U00220,20,Male,CR00003,Programming,Free,2025-04-08,0.0
TT00142,U00238,24,Female,CR00012,Business,Paid,2025-03-25,487.92
TT00143,U00238,24,Female,CR00041,Finance,Paid,2025-11-20,53.86
TT00144,U00238,24,Female,CR00001,Programming,Paid,2025-08-24,472.28
TT00145,U00238,24,Female,CR00052,Web Development,Free,2025-10-27,0.0
TT00146,U00238,24,Female,CR00002,Programming,Free,2025-10-06,0.0
TT00147,U00251,28,Female,CR00043,Finance,Free,2025-04-16,0.0
TT00148,U00251,28,Female,CR00059,Digital Marketing,Free,2025-04-11,0.0
TT00149,U00251,28,Female,CR00040,Project Management,Paid,2025-01-04,327.99
TT00150,U00260,35,Male,CR00060,Digital Marketing,Free,2025-06-08,0.0
TT00151,U00260,35,Male,CR00006,Design,Paid,2025-01-15,276.37
TT00152,U00260,35,Male,CR00039,Project Management,Paid,2025-09-15,346.71
TT00153,U00260,35,Male,CR00028,Machine Learning,Paid,2025-02-08,0.78
TT00154,U00260,35,Male,CR00026,Machine Learning,Free,2025-11-23,0.0
TT00155,U00265,15,Male,CR00004,Programming,Free,2025-12-20,0.0
TT00156,U00265,15,Male,CR00010,Design,Free,2025-01-14,0.0
TT00157,U00265,15,Male,CR00059,Digital Marketing,Free,2025-03-22,0.0
TT00158,U00265,15,Male,CR00042,Finance,Free,2025-04-24,0.0
TT00159,U00265,15,Male,CR00060,Digital Marketing,Free,2025-02-25,0.0
TT00160,U00272,25,Male,CR00051,Web Development,Paid,2025-06-10,37.89
TT00161,U00272,25,Male,CR00022,Data Science,Free,2025-06-20,0.0
TT00162,U00272,25,Male,CR00044,Finance,Paid,2025-08-24,119.04
TT00163,U00282,19,Male,CR00007,Design,Free,2025-12-20,0.0
TT00164,U00282,19,Male,CR00020,Marketing,Free,2025-06-11,0.0
TT00165,U00282,19,Male,CR00029,Machine Learning,Free,2025-03-07,0.0
TT00166,U00282,19,Male,CR00014,Business,Free,2025-11-18,0.0
TT00167,U00282,19,Male,CR00046,Artificial Intelligence,Paid,2025-04-11,248.1
TT00168,U00292,33,Male,CR00005,Programming,Free,2025-10-04,0.0
TT00169,U00292,33,Male,CR00038,Project Management,Paid,2025-04-04,342.61
TT00170,U00293,25,Female,CR00028,Machine Learning,Paid,2025-11-13,0.78
TT00171,U00293,25,Female,CR00016,Marketing,Free,2025-12-10,0.0
TT00172,U00293,25,Female,CR00025,Data Science,Paid,2025-01-22,299.57
TT00173,U00293,25,Female,CR00049,Artificial Intelligence,Paid,2025-01-15,415.51
TT00174,U00298,32,Male,CR00059,Digital Marketing,Free,2025-08-22,0.0
TT00175,U00298,32,Male,CR00026,Machine Learning,Free,2025-09-12,0.0
TT00176,U00298,32,Male,CR00039,Project Management,Paid,2025-07-16,346.71
TT00177,U00298,32,Male,CR00040,Project Management,Paid,2025-01-06,327.99
TT00178,U00301,26,Male,CR00003,Programming,Free,2025-06-10,0.0
TT00179,U00301,26,Male,CR00037,Project Management,Free,2025-07-24,0.0
TT00180,U00301,26,Male,CR00049,Artificial Intelligence,Paid,2025-04-24,415.51
TT00181,U00301,26,Male,CR00030,Machine Learning,Free,2025-01-12,0.0
TT00182,U00303,35,Male,CR00014,Business,Free,2025-04-06,0.0
TT00183,U00303,35,Male,CR00053,Web Development,Free,2025-04-08,0.0
TT00184,U00303,35,Male,CR00039,Project Management,Paid,2025-08-15,346.71
TT00185,U00310,26,Female,CR00010,Design,Free,2025-04-23,0.0
TT00186,U00310,26,Female,CR00023,Data Science,Free,2025-04-04,0.0
TT00187,U00310,26,Female,CR00037,Project Management,Free,2025-09-07,0.0
TT00188,U00315,31,Female,CR00051,Web Development,Paid,2025-10-16,37.89
TT00189,U00315,31,Female,CR00045,Finance,Free,2025-12-26,0.0
TT00190,U00315,31,Female,CR00060,Digital Marketing,Free,2025-08-30,0.0
TT00191,U00321,28,Male,CR00043,Finance,Free,2025-05-06,0.0
TT00192,U00321,28,Male,CR00047,Artificial Intelligence,Paid,2025-01-04,89.59
TT00193,U00321,28,Male,CR00049,Artificial Intelligence,Paid,2025-10-19,415.51
TT00194,U00322,23,Male,CR00041,Finance,Paid,2025-06-26,53.86
TT00195,U00322,23,Male,CR00048,Artificial Intelligence,Free,2025-06-26,0.0
TT00196,U00322,23,Male,CR00022,Data Science,Free,2025-05-11,0.0
TT00197,U00323,21,Female,CR00005,Programming,Free,2025-03-02,0.0
TT00198,U00323,21,Female,CR00036,Project Management,Free,2025-03-11,0.0
TT00199,U00323,21,Female,CR00016,Marketing,Free,2025-02-01,0.0
TT00200,U00323,21,Female,CR00033,Cybersecurity,Free,2025-02-09,0.0
TT00201,U00328,29,Female,CR00042,Finance,Free,2025-01-18,0.0
TT00202,U00328,29,Female,CR00003,Programming,Free,2025-06-06,0.0
TT00203,U00328,29,Female,CR00041,Finance,Paid,2025-07-01,53.86
TT00204,U00328,29,Female,CR00004,Programming,Free,2025-09-21,0.0
TT00205,U00328,29,Female,CR00036,Project Management,Free,2025-04-02,0.0
TT00206,U00329,20,Female,CR00060,Digital Marketing,Free,2025-01-26,0.0
TT00207,U00329,20,Female,CR00021,Data Science,Free,2025-09-29,0.0
TT00208,U00329,20,Female,CR00049,Artificial Intelligence,Paid,2025-03-25,415.51
TT00209,U00330,15,Female,CR00051,Web Development,Paid,2025-12-12,37.89
TT00210,U00330,15,Female,CR00040,Project Management,Paid,2025-02-11,327.99
TT00211,U00330,15,Female,CR00054,Web Development,Free,2025-12-20,0.0
TT00212,U00334,24,Female,CR00024,Data Science,Paid,2025-01-21,117.68
TT00213,U00334,24,Female,CR00051,Web Development,Paid,2025-03-04,37.89
TT00214,U00334,24,Female,CR00046,Artificial Intelligence,Paid,2025-02-18,248.1
TT00215,U00334,24,Female,CR00042,Finance,Free,2025-10-06,0.0
TT00216,U00338,23,Female,CR00023,Data Science,Free,2025-08-25,0.0
TT00217,U00338,23,Female,CR00009,Design,Free,2025-11-28,0.0
TT00218,U00338,23,Female,CR00002,Programming,Free,2025-04-11,0.0
TT00219,U00338,23,Female,CR00039,Project Management,Paid,2025-03-15,346.71
TT00220,U00338,23,Female,CR00017,Marketing,Free,2025-04-10,0.0
TT00221,U00339,29,Male,CR00044,Finance,Paid,2025-08-19,119.04
TT00222,U00339,29,Male,CR00001,Programming,Paid,2025-05-28,472.28
TT00223,U00339,29,Male,CR00039,Project Management,Paid,2025-08-10,346.71
TT00224,U00339,29,Male,CR00040,Project Management,Paid,2025-08-23,327.99
TT00225,U00339,29,Male,CR00060,Digital Marketing,Free,2025-08-01,0.0
TT00226,U00340,30,Male,CR00033,Cybersecurity,Free,2025-02-03,0.0
TT00227,U00340,30,Male,CR00048,Artificial Intelligence,Free,2025-05-24,0.0
TT00228,U00340,30,Male,CR00034,Cybersecurity,Paid,2025-11-09,394.26
TT00229,U00340,30,Male,CR00028,Machine Learning,Paid,2025-01-23,0.78
TT00230,U00345,16,Male,CR00001,Programming,Paid,2025-05-17,472.28
TT00231,U00345,16,Male,CR00017,Marketing,Free,2025-01-02,0.0
TT00232,U00345,16,Male,CR00007,Design,Free,2025-08-10,0.0
TT00233,U00345,16,Male,CR00058,Digital Marketing,Free,2025-08-05,0.0
TT00234,U00345,16,Male,CR00003,Programming,Free,2025-09-12,0.0
TT00235,U00351,18,Female,CR00024,Data Science,Paid,2025-08-09,117.68
TT00236,U00351,18,Female,CR00008,Design,Free,2025-11-15,0.0
TT00237,U00351,18,Female,CR00040,Project Management,Paid,2025-06-24,327.99
TT00238,U00351,18,Female,CR00033,Cybersecurity,Free,2025-03-20,0.0
TT00239,U00352,28,Male,CR00032,Cybersecurity,Free,2025-09-12,0.0
TT00240,U00352,28,Male,CR00024,Data Science,Paid,2025-08-06,117.68
TT00241,U00352,28,Male,CR00058,Digital Marketing,Free,2025-11-16,0.0
TT00242,U00352,28,Male,CR00021,Data Science,Free,2025-01-23,0.0
TT00243,U00353,34,Female,CR00034,Cybersecurity,Paid,2025-11-08,394.26
TT00244,U00353,34,Female,CR00058,Digital Marketing,Free,2025-10-11,0.0
TT00245,U00353,34,Female,CR00060,Digital Marketing,Free,2025-10-15,0.0
TT00246,U00353,34,Female,CR00003,Programming,Free,2025-05-09,0.0
TT00247,U00356,21,Female,CR00028,Machine Learning,Paid,2025-02-11,0.78
TT00248,U00356,21,Female,CR00017,Marketing,Free,2025-02-01,0.0
TT00249,U00356,21,Female,CR00047,Artificial Intelligence,Paid,2025-03-29,89.59
TT00250,U00356,21,Female,CR00032,Cybersecurity,Free,2025-06-30,0.0
TT00251,U00356,21,Female,CR00004,Programming,Free,2025-04-28,0.0
TT00252,U00357,15,Female,CR00048,Artificial Intelligence,Free,2025-03-05,0.0
TT00253,U00357,15,Female,CR00058,Digital Marketing,Free,2025-04-16,0.0
TT00254,U00357,15,Female,CR00023,Data Science,Free,2025-01-11,0.0
TT00255,U00357,15,Female,CR00034,Cybersecurity,Paid,2025-11-25,394.26
TT00256,U00357,15,Female,CR00055,Web Development,Paid,2025-05-07,57.32
TT00257,U00362,16,Male,CR00024,Data Science,Paid,2025-05-22,117.68
TT00258,U00362,16,Male,CR00039,Project Management,Paid,2025-03-07,346.71
TT00259,U00362,16,Male,CR00001,Programming,Paid,2025-07-11,472.28
TT00260,U00362,16,Male,CR00014,Business,Free,2025-07-30,0.0
TT00261,U00365,30,Female,CR00013,Business,Free,2025-12-25,0.0
TT00262,U00365,30,Female,CR00031,Cybersecurity,Free,2025-03-10,0.0
TT00263,U00365,30,Female,CR00045,Finance,Free,2025-07-29,0.0
TT00264,U00365,30,Female,CR00032,Cybersecurity,Free,2025-11-16,0.0
TT00265,U00379,20,Male,CR00038,Project Management,Paid,2025-10-01,342.61
TT00266,U00379,20,Male,CR00017,Marketing,Free,2025-10-09,0.0
TT00267,U00379,20,Male,CR00001,Programming,Paid,2025-12-14,472.28
TT00268,U00383,29,Female,CR00021,Data Science,Free,2025-11-13,0.0
TT00269,U00383,29,Female,CR00013,Business,Free,2025-07-25,0.0
TT00270,U00383,29,Female,CR00040,Project Management,Paid,2025-03-05,327.99
TT00271,U00383,29,Female,CR00051,Web Development,Paid,2025-06-02,37.89
TT00272,U00383,29,Female,CR00017,Marketing,Free,2025-12-18,0.0
TT00273,U00394,30,Female,CR00004,Programming,Free,2025-08-14,0.0
TT00274,U00394,30,Female,CR00014,Business,Free,2025-02-12,0.0
TT00275,U00394,30,Female,CR00051,Web Development,Paid,2025-03-03,37.89
TT00276,U00394,30,Female,CR00052,Web Development,Free,2025-02-23,0.0
TT00277,U00399,31,Female,CR00008,Design,Free,2025-07-25,0.0
TT00278,U00399,31,Female,CR00016,Marketing,Free,2025-09-18,0.0
TT00279,U00399,31,Female,CR00050,Artificial Intelligence,Paid,2025-02-06,490.9
TT00280,U00399,31,Female,CR00057,Digital Marketing,Paid,2025-03-14,177.34
TT00281,U00399,31,Female,CR00033,Cybersecurity,Free,2025-11-21,0.0
TT00282,U00404,21,Female,CR00043,Finance,Free,2025-05-24,0.0
TT00283,U00404,21,Female,CR00049,Artificial Intelligence,Paid,2025-03-23,415.51
TT00284,U00404,21,Female,CR00038,Project Management,Paid,2025-05-06,342.61
TT00285,U00404,21,Female,CR00005,Programming,Free,2025-02-13,0.0
TT00286,U00406,33,Male,CR00032,Cybersecurity,Free,2025-04-10,0.0
TT00287,U00406,33,Male,CR00025,Data Science,Paid,2025-02-06,299.57
TT00288,U00406,33,Male,CR00031,Cybersecurity,Free,2025-08-10,0.0
TT00289,U00406,33,Male,CR00041,Finance,Paid,2025-10-09,53.86
TT00290,U00406,33,Male,CR00054,Web Development,Free,2025-08-05,0.0
TT00291,U00407,23,Male,CR00015,Business,Paid,2025-06-05,285.05
TT00292,U00407,23,Male,CR00013,Business,Free,2025-12-27,0.0
TT00293,U00407,23,Male,CR00026,Machine Learning,Free,2025-05-27,0.0
TT00294,U00407,23,Male,CR00040,Project Management,Paid,2025-12-10,327.99
TT00295,U00407,23,Male,CR00049,Artificial Intelligence,Paid,2025-07-11,415.51
TT00296,U00411,17,Female,CR00017,Marketing,Free,2025-02-05,0.0
TT00297,U00411,17,Female,CR00034,Cybersecurity,Paid,2025-01-17,394.26
TT00298,U00411,17,Female,CR00044,Finance,Paid,2025-07-21,119.04
TT00299,U00415,31,Female,CR00003,Programming,Free,2025-08-06,0.0
TT00300,U00415,31,Female,CR00043,Finance,Free,2025-01-23,0.0
TT00301,U00415,31,Female,CR00045,Finance,Free,2025-02-04,0.0
TT00302,U00415,31,Female,CR00024,Data Science,Paid,2025-11-27,117.68
TT00303,U00423,27,Female,CR00048,Artificial Intelligence,Free,2025-04-07,0.0
TT00304,U00423,27,Female,CR00014,Business,Free,2025-09-11,0.0
TT00305,U00424,35,Male,CR00023,Data Science,Free,2025-06-07,0.0
TT00306,U00424,35,Male,CR00048,Artificial Intelligence,Free,2025-05-16,0.0
TT00307,U00424,35,Male,CR00024,Data Science,Paid,2025-03-18,117.68
TT00308,U00427,29,Female,CR00023,Data Science,Free,2025-06-12,0.0
TT00309,U00427,29,Female,CR00060,Digital Marketing,Free,2025-10-03,0.0
TT00310,U00427,29,Female,CR00048,Artificial Intelligence,Free,2025-07-14,0.0
TT00311,U00427,29,Female,CR00036,Project Management,Free,2025-07-29,0.0
TT00312,U00427,29,Female,CR00059,Digital Marketing,Free,2025-03-06,0.0
TT00313,U00438,21,Male,CR00055,Web Development,Paid,2025-07-16,57.32
TT00314,U00438,21,Male,CR00032,Cybersecurity,Free,2025-04-06,0.0
TT00315,U00438,21,Male,CR00006,Design,Paid,2025-07-07,276.37
TT00316,U00438,21,Male,CR00019,Marketing,Free,2025-02-23,0.0
TT00317,U00438,21,Male,CR00033,Cybersecurity,Free,2025-09-06,0.0
TT00318,U00444,15,Female,CR00022,Data Science,Free,2025-09-19,0.0
TT00319,U00444,15,Female,CR00023,Data Science,Free,2025-04-27,0.0
TT00320,U00444,15,Female,CR00001,Programming,Paid,2025-07-28,472.28
TT00321,U00449,33,Female,CR00020,Marketing,Free,2025-02-15,0.0
TT00322,U00449,33,Female,CR00052,Web Development,Free,2025-11-05,0.0
TT00323,U00449,33,Female,CR00022,Data Science,Free,2025-07-26,0.0
TT00324,U00449,33,Female,CR00049,Artificial Intelligence,Paid,2025-03-18,415.51
TT00325,U00450,20,Male,CR00051,Web Development,Paid,2025-07-04,37.89
TT00326,U00450,20,Male,CR00055,Web Development,Paid,2025-11-07,57.32
TT00327,U00450,20,Male,CR00015,Business,Paid,2025-12-25,285.05
TT00328,U00464,25,Male,CR00021,Data Science,Free,2025-01-03,0.0
TT00329,U00464,25,Male,CR00008,Design,Free,2025-12-11,0.0
TT00330,U00464,25,Male,CR00041,Finance,Paid,2025-04-19,53.86
TT00331,U00494,26,Male,CR00028,Machine Learning,Paid,2025-08-01,0.78
TT00332,U00494,26,Male,CR00058,Digital Marketing,Free,2025-08-29,0.0
TT00333,U00494,26,Male,CR00053,Web Development,Free,2025-01-02,0.0
TT00334,U00494,26,Male,CR00038,Project Management,Paid,2025-07-19,342.61
TT00335,U00494,26,Male,CR00014,Business,Free,2025-12-25,0.0
TT00336,U00543,18,Female,CR00034,Cybersecurity,Paid,2025-01-27,394.26
TT00337,U00543,18,Female,CR00053,Web Development,Free,2025-02-17,0.0
TT00338,U00543,18,Female,CR00050,Artificial Intelligence,Paid,2025-03-09,490.9
TT00339,U00548,32,Female,CR00019,Marketing,Free,2025-04-27,0.0
TT00340,U00548,32,Female,CR00032,Cybersecurity,Free,2025-10-12,0.0
TT00341,U00548,32,Female,CR00046,Artificial Intelligence,Paid,2025-07-19,248.1
TT00342,U00548,32,Female,CR00012,Business,Paid,2025-02-27,487.92
TT00343,U00556,25,Female,CR00036,Project Management,Free,2025-08-10,0.0
TT00344,U00556,25,Female,CR00003,Programming,Free,2025-03-15,0.0
TT00345,U00556,25,Female,CR00046,Artificial Intelligence,Paid,2025-12-23,248.1
TT00346,U00556,25,Female,CR00035,Cybersecurity,Free,2025-07-02,0.0
TT00347,U00559,20,Male,CR00024,Data Science,Paid,2025-08-27,117.68
TT00348,U00559,20,Male,CR00041,Finance,Paid,2025-05-22,53.86
TT00349,U00562,23,Female,CR00055,Web Development,Paid,2025-09-15,57.32
TT00350,U00562,23,Female,CR00060,Digital Marketing,Free,2025-06-25,0.0
TT00351,U00562,23,Female,CR00038,Project Management,Paid,2025-06-14,342.61
TT00352,U00562,23,Female,CR00039,Project Management,Paid,2025-10-23,346.71
TT00353,U00562,23,Female,CR00041,Finance,Paid,2025-11-01,53.86
TT00354,U00569,15,Female,CR00053,Web Development,Free,2025-10-24,0.0
TT00355,U00569,15,Female,CR00039,Project Management,Paid,2025-02-11,346.71
TT00356,U00569,15,Female,CR00042,Finance,Free,2025-02-05,0.0
TT00357,U00569,15,Female,CR00021,Data Science,Free,2025-05-18,0.0
TT00358,U00570,27,Male,CR00033,Cybersecurity,Free,2025-05-25,0.0
TT00359,U00570,27,Male,CR00058,Digital Marketing,Free,2025-09-12,0.0
TT00360,U00570,27,Male,CR00005,Programming,Free,2025-03-10,0.0
TT00361,U00570,27,Male,CR00046,Artificial Intelligence,Paid,2025-07-28,248.1
TT00362,U00570,27,Male,CR00016,Marketing,Free,2025-05-19,0.0
TT00363,U00572,32,Male,CR00002,Programming,Free,2025-12-20,0.0
TT00364,U00572,32,Male,CR00037,Project Management,Free,2025-02-11,0.0
TT00365,U00572,32,Male,CR00019,Marketing,Free,2025-12-23,0.0
TT00366,U00573,30,Male,CR00044,Finance,Paid,2025-11-01,119.04
TT00367,U00573,30,Male,CR00028,Machine Learning,Paid,2025-03-04,0.78
TT00368,U00573,30,Male,CR00031,Cybersecurity,Free,2025-10-23,0.0
TT00369,U00574,33,Female,CR00046,Artificial Intelligence,Paid,2025-09-05,248.1
TT00370,U00574,33,Female,CR00037,Project Management,Free,2025-11-19,0.0
TT00371,U00574,33,Female,CR00047,Artificial Intelligence,Paid,2025-04-20,89.59
TT00372,U00574,33,Female,CR00008,Design,Free,2025-05-23,0.0
TT00373,U00576,16,Male,CR00057,Digital Marketing,Paid,2025-07-11,177.34
TT00374,U00576,16,Male,CR00051,Web Development,Paid,2025-05-25,37.89
TT00375,U00576,16,Male,CR00059,Digital Marketing,Free,2025-05-21,0.0
TT00376,U00584,31,Female,CR00042,Finance,Free,2025-08-14,0.0
TT00377,U00584,31,Female,CR00025,Data Science,Paid,2025-02-11,299.57
TT00378,U00584,31,Female,CR00039,Project Management,Paid,2025-12-06,346.71
TT00379,U00584,31,Female,CR00034,Cybersecurity,Paid,2025-09-08,394.26
TT00380,U00592,18,Female,CR00022,Data Science,Free,2025-02-26,0.0
TT00381,U00592,18,Female,CR00052,Web Development,Free,2025-03-14,0.0
TT00382,U00592,18,Female,CR00048,Artificial Intelligence,Free,2025-09-16,0.0
TT00383,U00592,18,Female,CR00001,Programming,Paid,2025-04-01,472.28
TT00384,U00592,18,Female,CR00035,Cybersecurity,Free,2025-01-20,0.0
TT00385,U00595,29,Male,CR00048,Artificial Intelligence,Free,2025-07-18,0.0
TT00386,U00595,29,Male,CR00015,Business,Paid,2025-01-05,285.05
TT00387,U00595,29,Male,CR00011,Business,Paid,2025-02-19,326.02
TT00388,U00595,29,Male,CR00026,Machine Learning,Free,2025-03-23,0.0
TT00389,U00595,29,Male,CR00005,Programming,Free,2025-03-07,0.0
TT00390,U00604,30,Female,CR00030,Machine Learning,Free,2025-06-18,0.0
TT00391,U00604,30,Female,CR00050,Artificial Intelligence,Paid,2025-09-06,490.9
TT00392,U00604,30,Female,CR00029,Machine Learning,Free,2025-10-25,0.0
TT00393,U00619,32,Female,CR00044,Finance,Paid,2025-06-19,119.04
TT00394,U00619,32,Female,CR00033,Cybersecurity,Free,2025-06-03,0.0
TT00395,U00619,32,Female,CR00031,Cybersecurity,Free,2025-03-26,0.0
TT00396,U00622,28,Female,CR00010,Design,Free,2025-04-15,0.0
TT00397,U00622,28,Female,CR00043,Finance,Free,2025-07-05,0.0
TT00398,U00622,28,Female,CR00016,Marketing,Free,2025-07-24,0.0
TT00399,U00633,35,Female,CR00033,Cybersecurity,Free,2025-09-27,0.0
TT00400,U00633,35,Female,CR00031,Cybersecurity,Free,2025-05-02,0.0
TT00401,U00633,35,Female,CR00060,Digital Marketing,Free,2025-12-22,0.0
TT00402,U00633,35,Female,CR00047,Artificial Intelligence,Paid,2025-09-01,89.59
TT00403,U00636,21,Female,CR00011,Business,Paid,2025-12-25,326.02
TT00404,U00636,21,Female,CR00031,Cybersecurity,Free,2025-06-10,0.0
TT00405,U00636,21,Female,CR00049,Artificial Intelligence,Paid,2025-06-16,415.51
TT00406,U00639,33,Female,CR00034,Cybersecurity,Paid,2025-04-09,394.26
TT00407,U00639,33,Female,CR00003,Programming,Free,2025-09-01,0.0
TT00408,U00639,33,Female,CR00032,Cybersecurity,Free,2025-02-16,0.0
TT00409,U00639,33,Female,CR00053,Web Development,Free,2025-06-02,0.0
TT00410,U00639,33,Female,CR00018,Marketing,Free,2025-07-13,0.0
TT00411,U00666,30,Female,CR00043,Finance,Free,2025-06-24,0.0
TT00412,U00666,30,Female,CR00021,Data Science,Free,2025-06-17,0.0
TT00413,U00666,30,Female,CR00014,Business,Free,2025-08-06,0.0
TT00414,U00687,29,Female,CR00002,Programming,Free,2025-05-29,0.0
TT00415,U00687,29,Female,CR00041,Finance,Paid,2025-06-13,53.86
TT00416,U00687,29,Female,CR00024,Data Science,Paid,2025-07-25,117.68
TT00417,U00687,29,Female,CR00034,Cybersecurity,Paid,2025-03-03,394.26
TT00418,U00687,29,Female,CR00029,Machine Learning,Free,2025-07-21,0.0
TT00419,U00701,32,Male,CR00014,Business,Free,2025-10-30,0.0
TT00420,U00701,32,Male,CR00016,Marketing,Free,2025-11-13,0.0
TT00421,U00701,32,Male,CR00048,Artificial Intelligence,Free,2025-03-27,0.0
TT00422,U00701,32,Male,CR00060,Digital Marketing,Free,2025-06-12,0.0
TT00423,U00704,30,Male,CR00021,Data Science,Free,2025-09-28,0.0
TT00424,U00704,30,Male,CR00028,Machine Learning,Paid,2025-02-09,0.78
TT00425,U00704,30,Male,CR00050,Artificial Intelligence,Paid,2025-03-21,490.9
TT00426,U00709,23,Female,CR00026,Machine Learning,Free,2025-08-13,0.0
TT00427,U00709,23,Female,CR00016,Marketing,Free,2025-01-15,0.0
TT00428,U00709,23,Female,CR00054,Web Development,Free,2025-03-30,0.0
TT00429,U00709,23,Female,CR00056,Digital Marketing,Paid,2025-03-01,212.39
TT00430,U00709,23,Female,CR00058,Digital Marketing,Free,2025-09-01,0.0
TT00431,U00723,35,Male,CR00023,Data Science,Free,2025-11-20,0.0
TT00432,U00723,35,Male,CR00040,Project Management,Paid,2025-05-19,327.99
TT00433,U00723,35,Male,CR00033,Cybersecurity,Free,2025-03-02,0.0
TT00434,U00723,35,Male,CR00057,Digital Marketing,Paid,2025-06-23,177.34
TT00435,U00724,16,Female,CR00037,Project Management,Free,2025-06-14,0.0
TT00436,U00724,16,Female,CR00016,Marketing,Free,2025-08-03,0.0
TT00437,U00724,16,Female,CR00052,Web Development,Free,2025-08-09,0.0
TT00438,U00724,16,Female,CR00014,Business,Free,2025-05-10,0.0
TT00439,U00724,16,Female,CR00017,Marketing,Free,2025-01-20,0.0
TT00440,U00752,30,Male,CR00034,Cybersecurity,Paid,2025-04-03,394.26
TT00441,U00752,30,Male,CR00001,Programming,Paid,2025-09-18,472.28
TT00442,U00752,30,Male,CR00007,Design,Free,2025-08-21,0.0
TT00443,U00752,30,Male,CR00051,Web Development,Paid,2025-07-22,37.89
TT00444,U00752,30,Male,CR00049,Artificial Intelligence,Paid,2025-10-14,415.51
TT00445,U00760,21,Female,CR00019,Marketing,Free,2025-11-22,0.0
TT00446,U00760,21,Female,CR00005,Programming,Free,2025-06-29,0.0
TT00447,U00760,21,Female,CR00003,Programming,Free,2025-12-06,0.0
TT00448,U00765,31,Female,CR00044,Finance,Paid,2025-07-10,119.04
TT00449,U00765,31,Female,CR00039,Project Management,Paid,2025-03-21,346.71
TT00450,U00765,31,Female,CR00008,Design,Free,2025-12-14,0.0
TT00451,U00767,16,Female,CR00032,Cybersecurity,Free,2025-08-07,0.0
TT00452,U00767,16,Female,CR00030,Machine Learning,Free,2025-05-23,0.0
TT00453,U00767,16,Female,CR00007,Design,Free,2025-11-11,0.0
TT00454,U00767,16,Female,CR00049,Artificial Intelligence,Paid,2025-05-17,415.51
TT00455,U00767,16,Female,CR00057,Digital Marketing,Paid,2025-02-03,177.34
TT00456,U00772,24,Female,CR00058,Digital Marketing,Free,2025-11-23,0.0
TT00457,U00772,24,Female,CR00008,Design,Free,2025-01-22,0.0
TT00458,U00772,24,Female,CR00003,Programming,Free,2025-08-27,0.0
TT00459,U00772,24,Female,CR00053,Web Development,Free,2025-06-03,0.0
TT00460,U00772,24,Female,CR00022,Data Science,Free,2025-04-23,0.0
TT00461,U00775,29,Female,CR00044,Finance,Paid,2025-04-29,119.04
TT00462,U00775,29,Female,CR00003,Programming,Free,2025-12-03,0.0
TT00463,U00775,29,Female,CR00053,Web Development,Free,2025-12-24,0.0
TT00464,U00775,29,Female,CR00047,Artificial Intelligence,Paid,2025-06-02,89.59
TT00465,U00775,29,Female,CR00002,Programming,Free,2025-07-13,0.0
TT00466,U00786,32,Female,CR00055,Web Development,Paid,2025-12-09,57.32
TT00467,U00786,32,Female,CR00053,Web Development,Free,2025-09-09,0.0
TT00468,U00786,32,Female,CR00045,Finance,Free,2025-03-21,0.0
TT00469,U00786,32,Female,CR00010,Design,Free,2025-08-14,0.0
TT00470,U00786,32,Female,CR00034,Cybersecurity,Paid,2025-04-24,394.26
TT00471,U00787,29,Female,CR00001,Programming,Paid,2025-05-10,472.28
TT00472,U00787,29,Female,CR00037,Project Management,Free,2025-03-04,0.0
TT00473,U00819,28,Female,CR00056,Digital Marketing,Paid,2025-09-10,212.39
TT00474,U00819,28,Female,CR00013,Business,Free,2025-03-21,0.0
TT00475,U00819,28,Female,CR00060,Digital Marketing,Free,2025-01-27,0.0
TT00476,U00821,23,Male,CR00009,Design,Free,2025-09-12,0.0
TT00477,U00821,23,Male,CR00024,Data Science,Paid,2025-06-12,117.68
TT00478,U00821,23,Male,CR00046,Artificial Intelligence,Paid,2025-04-12,248.1
TT00479,U00829,22,Male,CR00004,Programming,Free,2025-01-20,0.0
TT00480,U00829,22,Male,CR00054,Web Development,Free,2025-11-23,0.0
TT00481,U00829,22,Male,CR00021,Data Science,Free,2025-01-17,0.0
TT00482,U00829,22,Male,CR00040,Project Management,Paid,2025-06-03,327.99
TT00483,U00829,22,Male,CR00037,Project Management,Free,2025-04-27,0.0
TT00484,U00836,29,Female,CR00030,Machine Learning,Free,2025-07-20,0.0
TT00485,U00836,29,Female,CR00051,Web Development,Paid,2025-11-08,37.89
TT00486,U00836,29,Female,CR00041,Finance,Paid,2025-08-22,53.86
TT00487,U00836,29,Female,CR00054,Web Development,Free,2025-11-27,0.0
TT00488,U00838,25,Female,CR00013,Business,Free,2025-11-02,0.0
TT00489,U00838,25,Female,CR00025,Data Science,Paid,2025-03-28,299.57
TT00490,U00838,25,Female,CR00019,Marketing,Free,2025-01-23,0.0
TT00491,U00850,26,Male,CR00014,Business,Free,2025-06-19,0.0
TT00492,U00850,26,Male,CR00007,Design,Free,2025-12-04,0.0
TT00493,U00850,26,Male,CR00022,Data Science,Free,2025-01-22,0.0
TT00494,U00850,26,Male,CR00027,Machine Learning,Free,2025-08-09,0.0
TT00495,U00852,23,Male,CR00050,Artificial Intelligence,Paid,2025-11-29,490.9
TT00496,U00852,23,Male,CR00042,Finance,Free,2025-04-26,0.0
TT00497,U00852,23,Male,CR00058,Digital Marketing,Free,2025-04-08,0.0
TT00498,U00852,23,Male,CR00039,Project Management,Paid,2025-03-21,346.71
TT00499,U00858,20,Male,CR00002,Programming,Free,2025-06-02,0.0
TT00500,U00858,20,Male,CR00027,Machine Learning,Free,2025-05-12,0.0
TT00501,U00858,20,Male,CR00060,Digital Marketing,Free,2025-05-28,0.0
TT00502,U00858,20,Male,CR00052,Web Development,Free,2025-11-07,0.0
TT00503,U00870,22,Male,CR00020,Marketing,Free,2025-11-19,0.0
TT00504,U00870,22,Male,CR00025,Data Science,Paid,2025-01-02,299.57
TT00505,U00870,22,Male,CR00058,Digital Marketing,Free,2025-06-21,0.0
TT00506,U00870,22,Male,CR00031,Cybersecurity,Free,2025-12-30,0.0
TT00507,U00870,22,Male,CR00043,Finance,Free,2025-01-12,0.0
TT00508,U00874,25,Male,CR00045,Finance,Free,2025-04-18,0.0
TT00509,U00874,25,Male,CR00024,Data Science,Paid,2025-04-21,117.68
TT00510,U00874,25,Male,CR00034,Cybersecurity,Paid,2025-02-24,394.26
TT00511,U00876,27,Male,CR00038,Project Management,Paid,2025-12-28,342.61
TT00512,U00876,27,Male,CR00032,Cybersecurity,Free,2025-12-02,0.0
TT00513,U00876,27,Male,CR00049,Artificial Intelligence,Paid,2025-06-07,415.51
TT00514,U00881,34,Female,CR00013,Business,Free,2025-12-03,0.0
TT00515,U00881,34,Female,CR00048,Artificial Intelligence,Free,2025-02-09,0.0
TT00516,U00881,34,Female,CR00035,Cybersecurity,Free,2025-08-03,0.0
TT00517,U00881,34,Female,CR00030,Machine Learning,Free,2025-03-20,0.0
TT00518,U00881,34,Female,CR00034,Cybersecurity,Paid,2025-02-01,394.26
TT00519,U00893,15,Male,CR00007,Design,Free,2025-12-10,0.0
TT00520,U00893,15,Male,CR00045,Finance,Free,2025-07-08,0.0
TT00521,U00893,15,Male,CR00028,Machine Learning,Paid,2025-01-09,0.78
TT00522,U00893,15,Male,CR00050,Artificial Intelligence,Paid,2025-10-05,490.9
TT00523,U00893,15,Male,CR00029,Machine Learning,Free,2025-03-21,0.0
TT00524,U00898,24,Female,CR00020,Marketing,Free,2025-10-28,0.0
TT00525,U00898,24,Female,CR00041,Finance,Paid,2025-11-06,53.86
TT00526,U00898,24,Female,CR00060,Digital Marketing,Free,2025-07-05,0.0
TT00527,U00903,29,Female,CR00039,Project Management,Paid,2025-09-21,346.71
TT00528,U00903,29,Female,CR00014,Business,Free,2025-03-11,0.0
TT00529,U00903,29,Female,CR00016,Marketing,Free,2025-11-24,0.0
TT00530,U00903,29,Female,CR00022,Data Science,Free,2025-10-05,0.0
TT00531,U00907,23,Female,CR00016,Marketing,Free,2025-01-18,0.0
TT00532,U00907,23,Female,CR00057,Digital Marketing,Paid,2025-02-26,177.34
TT00533,U00907,23,Female,CR00012,Business,Paid,2025-05-05,487.92
TT00534,U00907,23,Female,CR00011,Business,Paid,2025-03-07,326.02
TT00535,U00911,15,Female,CR00043,Finance,Free,2025-11-15,0.0
TT00536,U00911,15,Female,CR00006,Design,Paid,2025-12-23,276.37
TT00537,U00911,15,Female,CR00036,Project Management,Free,2025-12-18,0.0
TT00538,U00915,24,Female,CR00013,Business,Free,2025-07-10,0.0
TT00539,U00915,24,Female,CR00031,Cybersecurity,Free,2025-09-20,0.0
TT00540,U00915,24,Female,CR00016,Marketing,Free,2025-09-03,0.0
TT00541,U00917,28,Female,CR00026,Machine Learning,Free,2025-04-21,0.0
TT00542,U00917,28,Female,CR00040,Project Management,Paid,2025-01-24,327.99
TT00543,U00917,28,Female,CR00055,Web Development,Paid,2025-01-02,57.32
TT00544,U00917,28,Female,CR00043,Finance,Free,2025-04-23,0.0
TT00545,U00917,28,Female,CR00045,Finance,Free,2025-11-11,0.0
TT00546,U00919,28,Male,CR00046,Artificial Intelligence,Paid,2025-12-25,248.1
TT00547,U00919,28,Male,CR00027,Machine Learning,Free,2025-06-29,0.0
TT00548,U00919,28,Male,CR00012,Business,Paid,2025-07-27,487.92
TT00549,U00919,28,Male,CR00021,Data Science,Free,2025-05-17,0.0
TT00550,U00919,28,Male,CR00002,Programming,Free,2025-09-26,0.0
TT00551,U00928,33,Female,CR00038,Project Management,Paid,2025-12-17,342.61
TT00552,U00928,33,Female,CR00004,Programming,Free,2025-03-23,0.0
TT00553,U00928,33,Female,CR00040,Project Management,Paid,2025-03-13,327.99
TT00554,U00959,22,Male,CR00019,Marketing,Free,2025-05-07,0.0
TT00555,U00959,22,Male,CR00010,Design,Free,2025-04-15,0.0
TT00556,U00959,22,Male,CR00026,Machine Learning,Free,2025-10-25,0.0
TT00557,U00959,22,Male,CR00028,Machine Learning,Paid,2025-07-15,0.78
TT00558,U00961,31,Male,CR00058,Digital Marketing,Free,2025-08-05,0.0
TT00559,U00961,31,Male,CR00042,Finance,Free,2025-01-13,0.0
TT00560,U00961,31,Male,CR00024,Data Science,Paid,2025-08-18,117.68
TT00561,U00961,31,Male,CR00046,Artificial Intelligence,Paid,2025-01-26,248.1
TT00562,U00961,31,Male,CR00028,Machine Learning,Paid,2025-09-02,0.78
TT00563,U00967,15,Male,CR00059,Digital Marketing,Free,2025-08-01,0.0
TT00564,U00967,15,Male,CR00056,Digital Marketing,Paid,2025-10-23,212.39
TT00565,U00967,15,Male,CR00036,Project Management,Free,2025-02-09,0.0
TT00566,U00967,15,Male,CR00054,Web Development,Free,2025-01-12,0.0
TT00567,U00976,30,Male,CR00056,Digital Marketing,Paid,2025-02-07,212.39
TT00568,U00976,30,Male,CR00031,Cybersecurity,Free,2025-05-12,0.0
TT00569,U00976,30,Male,CR00047,Artificial Intelligence,Paid,2025-12-10,89.59
TT00570,U00976,30,Male,CR00053,Web Development,Free,2025-09-07,0.0
TT00571,U00981,34,Male,CR00025,Data Science,Paid,2025-02-04,299.57
TT00572,U00981,34,Male,CR00037,Project Management,Free,2025-04-12,0.0
TT00573,U00981,34,Male,CR00028,Machine Learning,Paid,2025-04-06,0.78
TT00574,U00981,34,Male,CR00049,Artificial Intelligence,Paid,2025-08-21,415.51
TT00575,U00989,26,Male,CR00003,Programming,Free,2025-03-02,0.0
TT00576,U00989,26,Male,CR00006,Design,Paid,2025-11-15,276.37
TT00577,U00989,26,Male,CR00005,Programming,Free,2025-11-09,0.0
TT00578,U00989,26,Male,CR00047,Artificial Intelligence,Paid,2025-11-08,89.59
TT00579,U00989,26,Male,CR00013,Business,Free,2025-06-16,0.0
TT00580,U00997,34,Female,CR00058,Digital Marketing,Free,2025-04-17,0.0
TT00581,U00997,34,Female,CR00059,Digital Marketing,Free,2025-11-11,0.0
TT00582,U00997,34,Female,CR00008,Design,Free,2025-03-24,0.0
TT00583,U00997,34,Female,CR00030,Machine Learning,Free,2025-03-20,0.0
TT00584,U01000,16,Female,CR00028,Machine Learning,Paid,2025-09-10,0.78
TT00585,U01000,16,Female,CR00002,Programming,Free,2025-01-12,0.0
TT00586,U01000,16,Female,CR00011,Business,Paid,2025-02-25,326.02
TT00587,U01015,29,Male,CR00043,Finance,Free,2025-02-02,0.0
TT00588,U01015,29,Male,CR00056,Digital Marketing,Paid,2025-01-27,212.39
TT00589,U01015,29,Male,CR00049,Artificial Intelligence,Paid,2025-01-14,415.51
TT00590,U01015,29,Male,CR00060,Digital Marketing,Free,2025-09-25,0.0
TT00591,U01020,28,Male,CR00046,Artificial Intelligence,Paid,2025-10-06,248.1
TT00592,U01020,28,Male,CR00041,Finance,Paid,2025-05-16,53.86
TT00593,U01020,28,Male,CR00055,Web Development,Paid,2025-08-10,57.32
TT00594,U01022,17,Male,CR00041,Finance,Paid,2025-07-26,53.86
TT00595,U01022,17,Male,CR00049,Artificial Intelligence,Paid,2025-03-30,415.51
TT00596,U01022,17,Male,CR00037,Project Management,Free,2025-01-23,0.0
TT00597,U01031,15,Male,CR00010,Design,Free,2025-11-12,0.0
TT00598,U01031,15,Male,CR00041,Finance,Paid,2025-03-29,53.86
TT00599,U01031,15,Male,CR00033,Cybersecurity,Free,2025-09-20,0.0
TT00600,U01032,16,Male,CR00041,Finance,Paid,2025-10-23,53.86
TT00601,U01032,16,Male,CR00053,Web Development,Free,2025-02-11,0.0
TT00602,U01032,16,Male,CR00050,Artificial Intelligence,Paid,2025-03-17,490.9
TT00603,U01032,16,Male,CR00055,Web Development,Paid,2025-12-19,57.32
TT00604,U01032,16,Male,CR00018,Marketing,Free,2025-02-10,0.0
TT00605,U01033,30,Male,CR00012,Business,Paid,2025-03-15,487.92
TT00606,U01033,30,Male,CR00010,Design,Free,2025-06-23,0.0
TT00607,U01033,30,Male,CR00004,Programming,Free,2025-04-08,0.0
TT00608,U01034,18,Female,CR00021,Data Science,Free,2025-05-08,0.0
TT00609,U01034,18,Female,CR00055,Web Development,Paid,2025-03-25,57.32
TT00610,U01034,18,Female,CR00016,Marketing,Free,2025-01-29,0.0
TT00611,U01066,19,Female,CR00030,Machine Learning,Free,2025-11-20,0.0
TT00612,U01066,19,Female,CR00038,Project Management,Paid,2025-06-04,342.61
TT00613,U01066,19,Female,CR00040,Project Management,Paid,2025-01-30,327.99
TT00614,U01066,19,Female,CR00017,Marketing,Free,2025-12-02,0.0
TT00615,U01066,19,Female,CR00005,Programming,Free,2025-01-18,0.0
TT00616,U01079,21,Male,CR00018,Marketing,Free,2025-03-13,0.0
TT00617,U01079,21,Male,CR00021,Data Science,Free,2025-04-15,0.0
TT00618,U01079,21,Male,CR00043,Finance,Free,2025-01-16,0.0
TT00619,U01083,29,Male,CR00006,Design,Paid,2025-05-01,276.37
TT00620,U01083,29,Male,CR00047,Artificial Intelligence,Paid,2025-11-03,89.59
TT00621,U01083,29,Male,CR00039,Project Management,Paid,2025-01-13,346.71
TT00622,U01083,29,Male,CR00057,Digital Marketing,Paid,2025-01-09,177.34
TT00623,U01083,29,Male,CR00008,Design,Free,2025-11-09,0.0
TT00624,U01084,24,Male,CR00008,Design,Free,2025-07-18,0.0
TT00625,U01084,24,Male,CR00048,Artificial Intelligence,Free,2025-02-25,0.0
TT00626,U01084,24,Male,CR00036,Project Management,Free,2025-02-16,0.0
TT00627,U01084,24,Male,CR00057,Digital Marketing,Paid,2025-09-09,177.34
TT00628,U01092,34,Female,CR00001,Programming,Paid,2025-05-18,472.28
TT00629,U01092,34,Female,CR00007,Design,Free,2025-03-03,0.0
TT00630,U01092,34,Female,CR00013,Business,Free,2025-11-30,0.0
TT00631,U01092,34,Female,CR00026,Machine Learning,Free,2025-12-02,0.0
TT00632,U01096,18,Male,CR00028,Machine Learning,Paid,2025-03-04,0.78
TT00633,U01096,18,Male,CR00021,Data Science,Free,2025-12-21,0.0
TT00634,U01096,18,Male,CR00048,Artificial Intelligence,Free,2025-01-17,0.0
TT00635,U01096,18,Male,CR00052,Web Development,Free,2025-02-08,0.0
TT00636,U01096,18,Male,CR00043,Finance,Free,2025-10-27,0.0
TT00637,U01123,29,Female,CR00013,Business,Free,2025-03-30,0.0
TT00638,U01123,29,Female,CR00031,Cybersecurity,Free,2025-05-15,0.0
TT00639,U01123,29,Female,CR00044,Finance,Paid,2025-07-02,119.04
TT00640,U01123,29,Female,CR00005,Programming,Free,2025-02-21,0.0
TT00641,U01123,29,Female,CR00010,Design,Free,2025-10-13,0.0
TT00642,U01143,31,Male,CR00030,Machine Learning,Free,2025-06-29,0.0
TT00643,U01143,31,Male,CR00033,Cybersecurity,Free,2025-06-26,0.0
TT00644,U01143,31,Male,CR00052,Web Development,Free,2025-06-01,0.0
TT00645,U01143,31,Male,CR00054,Web Development,Free,2025-03-13,0.0
TT00646,U01143,31,Male,CR00006,Design,Paid,2025-03-14,276.37
TT00647,U01146,15,Male,CR00029,Machine Learning,Free,2025-11-24,0.0
TT00648,U01146,15,Male,CR00004,Programming,Free,2025-08-04,0.0
TT00649,U01146,15,Male,CR00014,Business,Free,2025-05-28,0.0
TT00650,U01151,28,Female,CR00049,Artificial Intelligence,Paid,2025-01-09,415.51
TT00651,U01151,28,Female,CR00039,Project Management,Paid,2025-08-13,346.71
TT00652,U01151,28,Female,CR00003,Programming,Free,2025-04-16,0.0
TT00653,U01151,28,Female,CR00031,Cybersecurity,Free,2025-12-29,0.0
TT00654,U01158,35,Male,CR00034,Cybersecurity,Paid,2025-09-18,394.26
TT00655,U01158,35,Male,CR00059,Digital Marketing,Free,2025-12-11,0.0
TT00656,U01158,35,Male,CR00033,Cybersecurity,Free,2025-03-14,0.0
TT00657,U01163,24,Male,CR00006,Design,Paid,2025-10-02,276.37
TT00658,U01163,24,Male,CR00014,Business,Free,2025-03-25,0.0
TT00659,U01163,24,Male,CR00015,Business,Paid,2025-02-24,285.05
TT00660,U01167,16,Female,CR00044,Finance,Paid,2025-06-05,119.04
TT00661,U01167,16,Female,CR00051,Web Development,Paid,2025-03-04,37.89
TT00662,U01170,27,Female,CR00047,Artificial Intelligence,Paid,2025-07-09,89.59
TT00663,U01170,27,Female,CR00058,Digital Marketing,Free,2025-10-02,0.0
TT00664,U01170,27,Female,CR00005,Programming,Free,2025-06-15,0.0
TT00665,U01170,27,Female,CR00046,Artificial Intelligence,Paid,2025-12-07,248.1
TT00666,U01170,27,Female,CR00007,Design,Free,2025-11-08,0.0
TT00667,U01177,16,Male,CR00058,Digital Marketing,Free,2025-12-16,0.0
TT00668,U01177,16,Male,CR00047,Artificial Intelligence,Paid,2025-10-11,89.59
TT00669,U01177,16,Male,CR00006,Design,Paid,2025-11-16,276.37
TT00670,U01177,16,Male,CR00020,Marketing,Free,2025-08-09,0.0
TT00671,U01180,18,Male,CR00025,Data Science,Paid,2025-03-07,299.57
TT00672,U01180,18,Male,CR00024,Data Science,Paid,2025-12-04,117.68
TT00673,U01180,18,Male,CR00021,Data Science,Free,2025-12-19,0.0
TT00674,U01180,18,Male,CR00031,Cybersecurity,Free,2025-04-06,0.0
TT00675,U01197,28,Male,CR00013,Business,Free,2025-08-19,0.0
TT00676,U01197,28,Male,CR00036,Project Management,Free,2025-09-14,0.0
TT00677,U01197,28,Male,CR00015,Business,Paid,2025-01-18,285.05
TT00678,U01203,15,Male,CR00028,Machine Learning,Paid,2025-03-22,0.78
TT00679,U01203,15,Male,CR00035,Cybersecurity,Free,2025-03-08,0.0
TT00680,U01203,15,Male,CR00038,Project Management,Paid,2025-10-13,342.61
TT00681,U01203,15,Male,CR00031,Cybersecurity,Free,2025-03-12,0.0
TT00682,U01203,15,Male,CR00048,Artificial Intelligence,Free,2025-05-03,0.0
TT00683,U01221,32,Male,CR00028,Machine Learning,Paid,2025-09-20,0.78
TT00684,U01221,32,Male,CR00053,Web Development,Free,2025-05-11,0.0
TT00685,U01221,32,Male,CR00048,Artificial Intelligence,Free,2025-10-15,0.0
TT00686,U01221,32,Male,CR00051,Web Development,Paid,2025-03-17,37.89
TT00687,U01224,23,Female,CR00047,Artificial Intelligence,Paid,2025-08-14,89.59
TT00688,U01224,23,Female,CR00015,Business,Paid,2025-05-12,285.05
TT00689,U01224,23,Female,CR00059,Digital Marketing,Free,2025-04-02,0.0
TT00690,U01231,21,Female,CR00032,Cybersecurity,Free,2025-08-12,0.0
TT00691,U01231,21,Female,CR00015,Business,Paid,2025-09-12,285.05
TT00692,U01231,21,Female,CR00039,Project Management,Paid,2025-08-24,346.71
TT00693,U01233,28,Male,CR00011,Business,Paid,2025-04-20,326.02
TT00694,U01233,28,Male,CR00050,Artificial Intelligence,Paid,2025-05-05,490.9
TT00695,U01233,28,Male,CR00041,Finance,Paid,2025-01-17,53.86
TT00696,U01235,27,Female,CR00021,Data Science,Free,2025-01-09,0.0
TT00697,U01235,27,Female,CR00055,Web Development,Paid,2025-10-09,57.32
TT00698,U01235,27,Female,CR00001,Programming,Paid,2025-01-20,472.28
TT00699,U01237,24,Male,CR00053,Web Development,Free,2025-08-03,0.0
TT00700,U01237,24,Male,CR00006,Design,Paid,2025-09-26,276.37
TT00701,U01237,24,Male,CR00041,Finance,Paid,2025-02-20,53.86
TT00702,U01237,24,Male,CR00001,Programming,Paid,2025-11-18,472.28
TT00703,U01237,24,Male,CR00025,Data Science,Paid,2025-11-01,299.57
TT00704,U01239,20,Male,CR00009,Design,Free,2025-04-24,0.0
TT00705,U01239,20,Male,CR00058,Digital Marketing,Free,2025-02-09,0.0
TT00706,U01239,20,Male,CR00029,Machine Learning,Free,2025-08-15,0.0
TT00707,U01239,20,Male,CR00015,Business,Paid,2025-04-08,285.05
TT00708,U01244,30,Female,CR00013,Business,Free,2025-05-01,0.0
TT00709,U01244,30,Female,CR00012,Business,Paid,2025-12-24,487.92
TT00710,U01244,30,Female,CR00030,Machine Learning,Free,2025-12-01,0.0
TT00711,U01249,25,Male,CR00015,Business,Paid,2025-03-11,285.05
TT00712,U01249,25,Male,CR00040,Project Management,Paid,2025-03-30,327.99
TT00713,U01249,25,Male,CR00009,Design,Free,2025-05-28,0.0
TT00714,U01249,25,Male,CR00059,Digital Marketing,Free,2025-08-14,0.0
TT00715,U01249,25,Male,CR00013,Business,Free,2025-07-19,0.0
TT00716,U01250,27,Female,CR00022,Data Science,Free,2025-11-11,0.0
TT00717,U01250,27,Female,CR00056,Digital Marketing,Paid,2025-09-04,212.39
TT00718,U01250,27,Female,CR00006,Design,Paid,2025-06-27,276.37
TT00719,U01250,27,Female,CR00009,Design,Free,2025-04-11,0.0
TT00720,U01250,27,Female,CR00060,Digital Marketing,Free,2025-12-27,0.0
TT00721,U01261,25,Male,CR00033,Cybersecurity,Free,2025-03-01,0.0
TT00722,U01261,25,Male,CR00060,Digital Marketing,Free,2025-02-03,0.0
TT00723,U01261,25,Male,CR00018,Marketing,Free,2025-10-28,0.0
TT00724,U01266,18,Female,CR00005,Programming,Free,2025-12-29,0.0
TT00725,U01266,18,Female,CR00004,Programming,Free,2025-01-11,0.0
TT00726,U01266,18,Female,CR00024,Data Science,Paid,2025-08-16,117.68
TT00727,U01266,18,Female,CR00047,Artificial Intelligence,Paid,2025-05-01,89.59
TT00728,U01266,18,Female,CR00033,Cybersecurity,Free,2025-09-24,0.0
TT00729,U01267,30,Female,CR00053,Web Development,Free,2025-07-04,0.0
TT00730,U01267,30,Female,CR00008,Design,Free,2025-12-20,0.0
TT00731,U01267,30,Female,CR00049,Artificial Intelligence,Paid,2025-08-27,415.51
TT00732,U01267,30,Female,CR00010,Design,Free,2025-12-02,0.0
TT00733,U01267,30,Female,CR00005,Programming,Free,2025-09-09,0.0
TT00734,U01268,33,Male,CR00001,Programming,Paid,2025-01-23,472.28
TT00735,U01268,33,Male,CR00021,Data Science,Free,2025-11-21,0.0
TT00736,U01268,33,Male,CR00006,Design,Paid,2025-01-24,276.37
TT00737,U01277,26,Female,CR00010,Design,Free,2025-02-08,0.0
TT00738,U01277,26,Female,CR00033,Cybersecurity,Free,2025-07-25,0.0
TT00739,U01277,26,Female,CR00043,Finance,Free,2025-06-15,0.0
TT00740,U01277,26,Female,CR00057,Digital Marketing,Paid,2025-02-21,177.34
TT00741,U01280,26,Female,CR00014,Business,Free,2025-01-06,0.0
TT00742,U01280,26,Female,CR00027,Machine Learning,Free,2025-05-23,0.0
TT00743,U01280,26,Female,CR00003,Programming,Free,2025-03-21,0.0
TT00744,U01281,23,Female,CR00022,Data Science,Free,2025-07-27,0.0
TT00745,U01281,23,Female,CR00043,Finance,Free,2025-06-20,0.0
TT00746,U01281,23,Female,CR00047,Artificial Intelligence,Paid,2025-01-09,89.59
TT00747,U01281,23,Female,CR00010,Design,Free,2025-07-12,0.0
TT00748,U01284,34,Female,CR00012,Business,Paid,2025-01-18,487.92
TT00749,U01284,34,Female,CR00006,Design,Paid,2025-01-24,276.37
TT00750,U01284,34,Female,CR00040,Project Management,Paid,2025-01-20,327.99
TT00751,U01284,34,Female,CR00056,Digital Marketing,Paid,2025-07-21,212.39
TT00752,U01284,34,Female,CR00038,Project Management,Paid,2025-04-17,342.61
TT00753,U01286,27,Male,CR00059,Digital Marketing,Free,2025-02-05,0.0
TT00754,U01286,27,Male,CR00058,Digital Marketing,Free,2025-10-04,0.0
TT00755,U01286,27,Male,CR00015,Business,Paid,2025-08-15,285.05
TT00756,U01287,33,Female,CR00016,Marketing,Free,2025-10-18,0.0
TT00757,U01287,33,Female,CR00049,Artificial Intelligence,Paid,2025-10-12,415.51
TT00758,U01287,33,Female,CR00033,Cybersecurity,Free,2025-08-02,0.0
TT00759,U01287,33,Female,CR00043,Finance,Free,2025-02-17,0.0
TT00760,U01290,16,Male,CR00014,Business,Free,2025-11-18,0.0
TT00761,U01290,16,Male,CR00030,Machine Learning,Free,2025-09-21,0.0
TT00762,U01290,16,Male,CR00004,Programming,Free,2025-06-28,0.0
TT00763,U01290,16,Male,CR00031,Cybersecurity,Free,2025-01-05,0.0
TT00764,U01315,33,Male,CR00011,Business,Paid,2025-11-27,326.02
TT00765,U01315,33,Male,CR00057,Digital Marketing,Paid,2025-02-21,177.34
TT00766,U01315,33,Male,CR00025,Data Science,Paid,2025-08-04,299.57
TT00767,U01318,18,Female,CR00050,Artificial Intelligence,Paid,2025-04-07,490.9
TT00768,U01318,18,Female,CR00039,Project Management,Paid,2025-05-18,346.71
TT00769,U01318,18,Female,CR00010,Design,Free,2025-04-20,0.0
TT00770,U01321,35,Male,CR00045,Finance,Free,2025-09-24,0.0
TT00771,U01321,35,Male,CR00060,Digital Marketing,Free,2025-03-09,0.0
TT00772,U01321,35,Male,CR00031,Cybersecurity,Free,2025-11-05,0.0
TT00773,U01321,35,Male,CR00028,Machine Learning,Paid,2025-07-30,0.78
TT00774,U01321,35,Male,CR00001,Programming,Paid,2025-05-29,472.28
TT00775,U01322,26,Female,CR00019,Marketing,Free,2025-11-11,0.0
TT00776,U01322,26,Female,CR00022,Data Science,Free,2025-04-15,0.0
TT00777,U01322,26,Female,CR00024,Data Science,Paid,2025-09-17,117.68
TT00778,U01322,26,Female,CR00045,Finance,Free,2025-05-13,0.0
TT00779,U01331,16,Male,CR00004,Programming,Free,2025-05-26,0.0
TT00780,U01331,16,Male,CR00021,Data Science,Free,2025-08-17,0.0
TT00781,U01331,16,Male,CR00005,Programming,Free,2025-04-01,0.0
TT00782,U01332,20,Male,CR00019,Marketing,Free,2025-12-12,0.0
TT00783,U01332,20,Male,CR00020,Marketing,Free,2025-11-12,0.0
TT00784,U01332,20,Male,CR00016,Marketing,Free,2025-11-16,0.0
TT00785,U01334,35,Female,CR00008,Design,Free,2025-06-01,0.0
TT00786,U01334,35,Female,CR00013,Business,Free,2025-08-11,0.0
TT00787,U01334,35,Female,CR00023,Data Science,Free,2025-09-19,0.0
TT00788,U01334,35,Female,CR00047,Artificial Intelligence,Paid,2025-12-05,89.59
TT00789,U01334,35,Female,CR00057,Digital Marketing,Paid,2025-11-06,177.34
TT00790,U01336,33,Male,CR00005,Programming,Free,2025-06-01,0.0
TT00791,U01336,33,Male,CR00023,Data Science,Free,2025-11-11,0.0
TT00792,U01336,33,Male,CR00020,Marketing,Free,2025-10-27,0.0
TT00793,U01337,32,Female,CR00051,Web Development,Paid,2025-12-10,37.89
TT00794,U01337,32,Female,CR00027,Machine Learning,Free,2025-07-20,0.0
TT00795,U01337,32,Female,CR00028,Machine Learning,Paid,2025-05-04,0.78
TT00796,U01337,32,Female,CR00017,Marketing,Free,2025-04-05,0.0
TT00797,U01337,32,Female,CR00014,Business,Free,2025-11-24,0.0
TT00798,U01343,32,Male,CR00059,Digital Marketing,Free,2025-12-25,0.0
TT00799,U01343,32,Male,CR00057,Digital Marketing,Paid,2025-05-01,177.34
TT00800,U01343,32,Male,CR00002,Programming,Free,2025-08-04,0.0
TT00801,U01343,32,Male,CR00055,Web Development,Paid,2025-01-27,57.32
TT00802,U01343,32,Male,CR00034,Cybersecurity,Paid,2025-11-08,394.26
TT00803,U01344,25,Female,CR00036,Project Management,Free,2025-11-11,0.0
TT00804,U01344,25,Female,CR00045,Finance,Free,2025-01-11,0.0
TT00805,U01344,25,Female,CR00008,Design,Free,2025-07-15,0.0
TT00806,U01346,16,Male,CR00045,Finance,Free,2025-12-29,0.0
TT00807,U01346,16,Male,CR00031,Cybersecurity,Free,2025-07-26,0.0
TT00808,U01346,16,Male,CR00037,Project Management,Free,2025-08-14,0.0
TT00809,U01346,16,Male,CR00028,Machine Learning,Paid,2025-06-07,0.78
TT00810,U01346,16,Male,CR00039,Project Management,Paid,2025-03-25,346.71
TT00811,U01347,20,Male,CR00026,Machine Learning,Free,2025-05-01,0.0
TT00812,U01347,20,Male,CR00045,Finance,Free,2025-11-07,0.0
TT00813,U01347,20,Male,CR00019,Marketing,Free,2025-07-29,0.0
TT00814,U01350,16,Female,CR00046,Artificial Intelligence,Paid,2025-05-20,248.1
TT00815,U01350,16,Female,CR00015,Business,Paid,2025-04-22,285.05
TT00816,U01350,16,Female,CR00009,Design,Free,2025-12-13,0.0
TT00817,U01350,16,Female,CR00048,Artificial Intelligence,Free,2025-01-29,0.0
TT00818,U01352,25,Male,CR00055,Web Development,Paid,2025-12-14,57.32
TT00819,U01352,25,Male,CR00049,Artificial Intelligence,Paid,2025-05-03,415.51
TT00820,U01352,25,Male,CR00036,Project Management,Free,2025-07-25,0.0
TT00821,U01352,25,Male,CR00003,Programming,Free,2025-02-24,0.0
TT00822,U01355,28,Female,CR00019,Marketing,Free,2025-02-07,0.0
TT00823,U01355,28,Female,CR00032,Cybersecurity,Free,2025-03-13,0.0
TT00824,U01355,28,Female,CR00018,Marketing,Free,2025-10-04,0.0
TT00825,U01364,16,Female,CR00049,Artificial Intelligence,Paid,2025-06-07,415.51
TT00826,U01364,16,Female,CR00019,Marketing,Free,2025-11-30,0.0
TT00827,U01364,16,Female,CR00009,Design,Free,2025-10-17,0.0
TT00828,U01364,16,Female,CR00056,Digital Marketing,Paid,2025-01-14,212.39
TT00829,U01364,16,Female,CR00060,Digital Marketing,Free,2025-12-09,0.0
TT00830,U01365,25,Male,CR00011,Business,Paid,2025-12-21,326.02
TT00831,U01365,25,Male,CR00042,Finance,Free,2025-02-25,0.0
TT00832,U01365,25,Male,CR00031,Cybersecurity,Free,2025-02-18,0.0
TT00833,U01365,25,Male,CR00052,Web Development,Free,2025-06-01,0.0
TT00834,U01375,22,Male,CR00025,Data Science,Paid,2025-05-04,299.57
TT00835,U01375,22,Male,CR00015,Business,Paid,2025-11-25,285.05
TT00836,U01375,22,Male,CR00022,Data Science,Free,2025-01-29,0.0
TT00837,U01394,26,Female,CR00022,Data Science,Free,2025-06-02,0.0
TT00838,U01394,26,Female,CR00016,Marketing,Free,2025-11-13,0.0
TT00839,U01394,26,Female,CR00054,Web Development,Free,2025-07-29,0.0
TT00840,U01395,31,Male,CR00008,Design,Free,2025-04-23,0.0
TT00841,U01395,31,Male,CR00009,Design,Free,2025-11-05,0.0
TT00842,U01395,31,Male,CR00037,Project Management,Free,2025-03-14,0.0
TT00843,U01395,31,Male,CR00015,Business,Paid,2025-05-20,285.05
TT00844,U01397,28,Male,CR00047,Artificial Intelligence,Paid,2025-05-04,89.59
TT00845,U01397,28,Male,CR00033,Cybersecurity,Free,2025-10-28,0.0
TT00846,U01397,28,Male,CR00051,Web Development,Paid,2025-11-05,37.89
TT00847,U01397,28,Male,CR00024,Data Science,Paid,2025-06-19,117.68
TT00848,U01397,28,Male,CR00035,Cybersecurity,Free,2025-08-20,0.0
TT00849,U01399,20,Male,CR00028,Machine Learning,Paid,2025-03-20,0.78
TT00850,U01399,20,Male,CR00003,Programming,Free,2025-10-15,0.0
TT00851,U01399,20,Male,CR00055,Web Development,Paid,2025-09-06,57.32
TT00852,U01399,20,Male,CR00058,Digital Marketing,Free,2025-08-09,0.0
TT00853,U01399,20,Male,CR00013,Business,Free,2025-07-21,0.0
TT00854,U01405,35,Male,CR00053,Web Development,Free,2025-08-14,0.0
TT00855,U01405,35,Male,CR00021,Data Science,Free,2025-01-06,0.0
TT00856,U01405,35,Male,CR00020,Marketing,Free,2025-09-19,0.0
TT00857,U01411,21,Male,CR00010,Design,Free,2025-07-26,0.0
TT00858,U01411,21,Male,CR00017,Marketing,Free,2025-11-28,0.0
TT00859,U01411,21,Male,CR00007,Design,Free,2025-06-16,0.0
TT00860,U01411,21,Male,CR00042,Finance,Free,2025-03-25,0.0
TT00861,U01411,21,Male,CR00026,Machine Learning,Free,2025-10-24,0.0
TT00862,U01414,35,Female,CR00045,Finance,Free,2025-10-23,0.0
TT00863,U01414,35,Female,CR00007,Design,Free,2025-09-27,0.0
TT00864,U01414,35,Female,CR00059,Digital Marketing,Free,2025-08-26,0.0
TT00865,U01414,35,Female,CR00023,Data Science,Free,2025-09-23,0.0
TT00866,U01414,35,Female,CR00011,Business,Paid,2025-07-14,326.02
TT00867,U01429,31,Female,CR00036,Project Management,Free,2025-10-12,0.0
TT00868,U01429,31,Female,CR00033,Cybersecurity,Free,2025-11-21,0.0
TT00869,U01429,31,Female,CR00001,Programming,Paid,2025-05-15,472.28
TT00870,U01429,31,Female,CR00045,Finance,Free,2025-04-16,0.0
TT00871,U01429,31,Female,CR00055,Web Development,Paid,2025-02-21,57.32
TT00872,U01430,19,Female,CR00013,Business,Free,2025-02-06,0.0
TT00873,U01430,19,Female,CR00025,Data Science,Paid,2025-02-07,299.57
TT00874,U01430,19,Female,CR00043,Finance,Free,2025-06-02,0.0
TT00875,U01430,19,Female,CR00039,Project Management,Paid,2025-10-11,346.71
TT00876,U01432,17,Female,CR00049,Artificial Intelligence,Paid,2025-02-23,415.51
TT00877,U01432,17,Female,CR00042,Finance,Free,2025-05-04,0.0
TT00878,U01432,17,Female,CR00023,Data Science,Free,2025-06-18,0.0
TT00879,U01435,16,Male,CR00004,Programming,Free,2025-03-20,0.0
TT00880,U01435,16,Male,CR00048,Artificial Intelligence,Free,2025-05-24,0.0
TT00881,U01435,16,Male,CR00052,Web Development,Free,2025-11-08,0.0
TT00882,U01435,16,Male,CR00034,Cybersecurity,Paid,2025-06-01,394.26
TT00883,U01445,29,Male,CR00016,Marketing,Free,2025-11-10,0.0
TT00884,U01445,29,Male,CR00018,Marketing,Free,2025-11-06,0.0
TT00885,U01445,29,Male,CR00040,Project Management,Paid,2025-07-09,327.99
TT00886,U01450,16,Female,CR00038,Project Management,Paid,2025-07-03,342.61
TT00887,U01450,16,Female,CR00016,Marketing,Free,2025-07-07,0.0
TT00888,U01450,16,Female,CR00030,Machine Learning,Free,2025-11-30,0.0
TT00889,U01451,17,Male,CR00026,Machine Learning,Free,2025-07-15,0.0
TT00890,U01451,17,Male,CR00043,Finance,Free,2025-01-26,0.0
TT00891,U01451,17,Male,CR00045,Finance,Free,2025-02-13,0.0
TT00892,U01455,22,Female,CR00057,Digital Marketing,Paid,2025-04-13,177.34
TT00893,U01455,22,Female,CR00047,Artificial Intelligence,Paid,2025-05-03,89.59
TT00894,U01455,22,Female,CR00021,Data Science,Free,2025-09-16,0.0
TT00895,U01460,32,Female,CR00037,Project Management,Free,2025-04-22,0.0
TT00896,U01460,32,Female,CR00016,Marketing,Free,2025-11-22,0.0
TT00897,U01460,32,Female,CR00050,Artificial Intelligence,Paid,2025-01-11,490.9
TT00898,U01460,32,Female,CR00022,Data Science,Free,2025-03-15,0.0
TT00899,U01463,30,Female,CR00001,Programming,Paid,2025-01-04,472.28
TT00900,U01463,30,Female,CR00035,Cybersecurity,Free,2025-07-18,0.0
TT00901,U01463,30,Female,CR00052,Web Development,Free,2025-03-29,0.0
TT00902,U01463,30,Female,CR00030,Machine Learning,Free,2025-04-27,0.0
TT00903,U01472,27,Female,CR00007,Design,Free,2025-12-17,0.0
TT00904,U01472,27,Female,CR00032,Cybersecurity,Free,2025-02-07,0.0
TT00905,U01472,27,Female,CR00035,Cybersecurity,Free,2025-04-07,0.0
TT00906,U01473,17,Female,CR00057,Digital Marketing,Paid,2025-06-27,177.34
TT00907,U01473,17,Female,CR00049,Artificial Intelligence,Paid,2025-07-14,415.51
TT00908,U01473,17,Female,CR00034,Cybersecurity,Paid,2025-07-05,394.26
TT00909,U01473,17,Female,CR00039,Project Management,Paid,2025-08-06,346.71
TT00910,U01473,17,Female,CR00058,Digital Marketing,Free,2025-01-17,0.0
TT00911,U01475,20,Male,CR00019,Marketing,Free,2025-04-06,0.0
TT00912,U01475,20,Male,CR00048,Artificial Intelligence,Free,2025-03-21,0.0
TT00913,U01475,20,Male,CR00042,Finance,Free,2025-11-24,0.0
TT00914,U01475,20,Male,CR00014,Business,Free,2025-01-05,0.0
TT00915,U01475,20,Male,CR00045,Finance,Free,2025-01-30,0.0
TT00916,U01488,27,Male,CR00001,Programming,Paid,2025-05-17,472.28
TT00917,U01488,27,Male,CR00002,Programming,Free,2025-08-09,0.0
TT00918,U01488,27,Male,CR00019,Marketing,Free,2025-08-07,0.0
TT00919,U01488,27,Male,CR00052,Web Development,Free,2025-07-07,0.0
TT00920,U01496,22,Female,CR00007,Design,Free,2025-10-15,0.0
TT00921,U01496,22,Female,CR00051,Web Development,Paid,2025-04-22,37.89
TT00922,U01496,22,Female,CR00039,Project Management,Paid,2025-11-04,346.71
TT00923,U01496,22,Female,CR00034,Cybersecurity,Paid,2025-07-12,394.26
TT00924,U01496,22,Female,CR00049,Artificial Intelligence,Paid,2025-02-19,415.51
TT00925,U01497,35,Female,CR00059,Digital Marketing,Free,2025-12-04,0.0
TT00926,U01497,35,Female,CR00053,Web Development,Free,2025-05-19,0.0
TT00927,U01497,35,Female,CR00022,Data Science,Free,2025-02-15,0.0
TT00928,U01500,15,Male,CR00056,Digital Marketing,Paid,2025-02-14,212.39
TT00929,U01500,15,Male,CR00020,Marketing,Free,2025-08-30,0.0
TT00930,U01500,15,Male,CR00004,Programming,Free,2025-05-20,0.0
TT00931,U01506,34,Male,CR00057,Digital Marketing,Paid,2025-05-06,177.34
TT00932,U01506,34,Male,CR00026,Machine Learning,Free,2025-01-19,0.0
TT00933,U01506,34,Male,CR00050,Artificial Intelligence,Paid,2025-11-15,490.9
TT00934,U01506,34,Male,CR00013,Business,Free,2025-01-12,0.0
TT00935,U01511,15,Male,CR00008,Design,Free,2025-07-24,0.0
TT00936,U01511,15,Male,CR00014,Business,Free,2025-01-24,0.0
TT00937,U01511,15,Male,CR00042,Finance,Free,2025-03-12,0.0
TT00938,U01511,15,Male,CR00007,Design,Free,2025-04-14,0.0
TT00939,U01512,19,Male,CR00025,Data Science,Paid,2025-09-24,299.57
TT00940,U01512,19,Male,CR00034,Cybersecurity,Paid,2025-04-14,394.26
TT00941,U01512,19,Male,CR00006,Design,Paid,2025-05-04,276.37
TT00942,U01517,26,Male,CR00014,Business,Free,2025-07-23,0.0
TT00943,U01517,26,Male,CR00060,Digital Marketing,Free,2025-06-29,0.0
TT00944,U01517,26,Male,CR00040,Project Management,Paid,2025-07-09,327.99
TT00945,U01517,26,Male,CR00050,Artificial Intelligence,Paid,2025-08-06,490.9
TT00946,U01522,31,Female,CR00058,Digital Marketing,Free,2025-11-19,0.0
TT00947,U01522,31,Female,CR00060,Digital Marketing,Free,2025-12-18,0.0
TT00948,U01522,31,Female,CR00032,Cybersecurity,Free,2025-04-22,0.0
TT00949,U01526,20,Male,CR00020,Marketing,Free,2025-06-05,0.0
TT00950,U01526,20,Male,CR00017,Marketing,Free,2025-06-17,0.0
TT00951,U01526,20,Male,CR00056,Digital Marketing,Paid,2025-09-29,212.39
TT00952,U01526,20,Male,CR00040,Project Management,Paid,2025-11-17,327.99
TT00953,U01526,20,Male,CR00038,Project Management,Paid,2025-06-07,342.61
TT00954,U01528,16,Male,CR00036,Project Management,Free,2025-02-28,0.0
TT00955,U01528,16,Male,CR00028,Machine Learning,Paid,2025-05-25,0.78
TT00956,U01528,16,Male,CR00044,Finance,Paid,2025-02-05,119.04
TT00957,U01528,16,Male,CR00009,Design,Free,2025-01-25,0.0
TT00958,U01528,16,Male,CR00011,Business,Paid,2025-08-14,326.02
TT00959,U01530,16,Male,CR00034,Cybersecurity,Paid,2025-01-21,394.26
TT00960,U01530,16,Male,CR00041,Finance,Paid,2025-02-14,53.86
TT00961,U01530,16,Male,CR00058,Digital Marketing,Free,2025-03-28,0.0
TT00962,U01530,16,Male,CR00030,Machine Learning,Free,2025-06-20,0.0
TT00963,U01530,16,Male,CR00055,Web Development,Paid,2025-01-28,57.32
TT00964,U01531,30,Female,CR00009,Design,Free,2025-12-21,0.0
TT00965,U01531,30,Female,CR00022,Data Science,Free,2025-04-17,0.0
TT00966,U01531,30,Female,CR00054,Web Development,Free,2025-09-09,0.0
TT00967,U01531,30,Female,CR00016,Marketing,Free,2025-07-09,0.0
TT00968,U01536,33,Female,CR00014,Business,Free,2025-11-08,0.0
TT00969,U01536,33,Female,CR00059,Digital Marketing,Free,2025-03-13,0.0
TT00970,U01536,33,Female,CR00036,Project Management,Free,2025-04-24,0.0
TT00971,U01536,33,Female,CR00046,Artificial Intelligence,Paid,2025-06-24,248.1
TT00972,U01543,25,Female,CR00012,Business,Paid,2025-04-03,487.92
TT00973,U01543,25,Female,CR00041,Finance,Paid,2025-11-21,53.86
TT00974,U01543,25,Female,CR00001,Programming,Paid,2025-05-11,472.28
TT00975,U01543,25,Female,CR00025,Data Science,Paid,2025-03-06,299.57
TT00976,U01543,25,Female,CR00044,Finance,Paid,2025-07-18,119.04
TT00977,U01553,27,Male,CR00010,Design,Free,2025-12-20,0.0
TT00978,U01553,27,Male,CR00036,Project Management,Free,2025-01-20,0.0
TT00979,U01553,27,Male,CR00027,Machine Learning,Free,2025-12-30,0.0
TT00980,U01553,27,Male,CR00002,Programming,Free,2025-02-26,0.0
TT00981,U01553,27,Male,CR00056,Digital Marketing,Paid,2025-09-03,212.39
TT00982,U01575,15,Female,CR00003,Programming,Free,2025-12-08,0.0
TT00983,U01575,15,Female,CR00024,Data Science,Paid,2025-07-22,117.68
TT00984,U01575,15,Female,CR00051,Web Development,Paid,2025-07-02,37.89
TT00985,U01575,15,Female,CR00035,Cybersecurity,Free,2025-01-20,0.0
TT00986,U01575,15,Female,CR00028,Machine Learning,Paid,2025-10-08,0.78
TT00987,U01578,26,Male,CR00002,Programming,Free,2025-04-18,0.0
TT00988,U01578,26,Male,CR00030,Machine Learning,Free,2025-08-14,0.0
TT00989,U01578,26,Male,CR00022,Data Science,Free,2025-12-25,0.0
TT00990,U01578,26,Male,CR00057,Digital Marketing,Paid,2025-04-18,177.34
TT00991,U01585,27,Male,CR00003,Programming,Free,2025-08-04,0.0
TT00992,U01585,27,Male,CR00025,Data Science,Paid,2025-10-10,299.57
TT00993,U01585,27,Male,CR00043,Finance,Free,2025-05-01,0.0
TT00994,U01585,27,Male,CR00029,Machine Learning,Free,2025-01-22,0.0
TT00995,U01586,27,Male,CR00023,Data Science,Free,2025-10-16,0.0
TT00996,U01586,27,Male,CR00030,Machine Learning,Free,2025-12-14,0.0
TT00997,U01586,27,Male,CR00036,Project Management,Free,2025-03-15,0.0
TT00998,U01586,27,Male,CR00022,Data Science,Free,2025-01-30,0.0
TT00999,U01586,27,Male,CR00039,Project Management,Paid,2025-08-12,346.71
TT01000,U01602,31,Female,CR00030,Machine Learning,Free,2025-05-11,0.0
TT01001,U01602,31,Female,CR00032,Cybersecurity,Free,2025-05-01,0.0
TT01002,U01602,31,Female,CR00022,Data Science,Free,2025-10-03,0.0
TT01003,U01602,31,Female,CR00051,Web Development,Paid,2025-01-24,37.89
TT01004,U01602,31,Female,CR00058,Digital Marketing,Free,2025-04-19,0.0
TT01005,U01618,15,Female,CR00041,Finance,Paid,2025-12-07,53.86
TT01006,U01618,15,Female,CR00039,Project Management,Paid,2025-02-18,346.71
TT01007,U01618,15,Female,CR00051,Web Development,Paid,2025-09-15,37.89
TT01008,U01618,15,Female,CR00009,Design,Free,2025-08-27,0.0
TT01009,U01618,15,Female,CR00026,Machine Learning,Free,2025-08-12,0.0
TT01010,U01627,23,Female,CR00021,Data Science,Free,2025-06-07,0.0
TT01011,U01627,23,Female,CR00033,Cybersecurity,Free,2025-05-06,0.0
TT01012,U01627,23,Female,CR00015,Business,Paid,2025-05-09,285.05
TT01013,U01627,23,Female,CR00028,Machine Learning,Paid,2025-01-14,0.78
TT01014,U01628,26,Male,CR00030,Machine Learning,Free,2025-10-25,0.0
TT01015,U01628,26,Male,CR00060,Digital Marketing,Free,2025-09-25,0.0
TT01016,U01628,26,Male,CR00039,Project Management,Paid,2025-08-08,346.71
TT01017,U01635,18,Female,CR00008,Design,Free,2025-05-13,0.0
TT01018,U01635,18,Female,CR00034,Cybersecurity,Paid,2025-06-20,394.26
TT01019,U01635,18,Female,CR00060,Digital Marketing,Free,2025-10-20,0.0
TT01020,U01637,30,Male,CR00040,Project Management,Paid,2025-06-11,327.99
TT01021,U01637,30,Male,CR00035,Cybersecurity,Free,2025-07-28,0.0
TT01022,U01637,30,Male,CR00054,Web Development,Free,2025-09-16,0.0
TT01023,U01637,30,Male,CR00058,Digital Marketing,Free,2025-02-14,0.0
TT01024,U01637,30,Male,CR00001,Programming,Paid,2025-07-10,472.28
TT01025,U01647,17,Female,CR00037,Project Management,Free,2025-09-02,0.0
TT01026,U01647,17,Female,CR00033,Cybersecurity,Free,2025-08-02,0.0
TT01027,U01647,17,Female,CR00052,Web Development,Free,2025-09-01,0.0
TT01028,U01647,17,Female,CR00035,Cybersecurity,Free,2025-12-10,0.0
TT01029,U01649,35,Male,CR00046,Artificial Intelligence,Paid,2025-08-17,248.1
TT01030,U01649,35,Male,CR00050,Artificial Intelligence,Paid,2025-10-25,490.9
TT01031,U01649,35,Male,CR00014,Business,Free,2025-09-18,0.0
TT01032,U01649,35,Male,CR00031,Cybersecurity,Free,2025-06-15,0.0
TT01033,U01654,22,Female,CR00049,Artificial Intelligence,Paid,2025-11-02,415.51
TT01034,U01654,22,Female,CR00039,Project Management,Paid,2025-01-07,346.71
TT01035,U01654,22,Female,CR00010,Design,Free,2025-10-08,0.0
TT01036,U01654,22,Female,CR00012,Business,Paid,2025-02-07,487.92
TT01037,U01656,27,Male,CR00010,Design,Free,2025-12-03,0.0
TT01038,U01656,27,Male,CR00035,Cybersecurity,Free,2025-02-12,0.0
TT01039,U01656,27,Male,CR00004,Programming,Free,2025-10-07,0.0
TT01040,U01656,27,Male,CR00031,Cybersecurity,Free,2025-04-21,0.0
TT01041,U01662,28,Male,CR00054,Web Development,Free,2025-07-24,0.0
TT01042,U01662,28,Male,CR00049,Artificial Intelligence,Paid,2025-12-18,415.51
TT01043,U01662,28,Male,CR00045,Finance,Free,2025-07-04,0.0
TT01044,U01662,28,Male,CR00019,Marketing,Free,2025-11-20,0.0
TT01045,U01666,28,Female,CR00054,Web Development,Free,2025-01-10,0.0
TT01046,U01666,28,Female,CR00010,Design,Free,2025-06-25,0.0
TT01047,U01666,28,Female,CR00021,Data Science,Free,2025-12-09,0.0
TT01048,U01671,25,Male,CR00048,Artificial Intelligence,Free,2025-06-10,0.0
TT01049,U01671,25,Male,CR00043,Finance,Free,2025-12-19,0.0
TT01050,U01671,25,Male,CR00005,Programming,Free,2025-06-17,0.0
TT01051,U01671,25,Male,CR00058,Digital Marketing,Free,2025-10-07,0.0
TT01052,U01671,25,Male,CR00015,Business,Paid,2025-09-11,285.05
TT01053,U01674,27,Female,CR00009,Design,Free,2025-09-13,0.0
TT01054,U01674,27,Female,CR00058,Digital Marketing,Free,2025-02-19,0.0
TT01055,U01674,27,Female,CR00033,Cybersecurity,Free,2025-11-26,0.0
TT01056,U01692,26,Male,CR00055,Web Development,Paid,2025-12-29,57.32
TT01057,U01692,26,Male,CR00045,Finance,Free,2025-10-14,0.0
TT01058,U01692,26,Male,CR00026,Machine Learning,Free,2025-10-24,0.0
TT01059,U01695,32,Male,CR00019,Marketing,Free,2025-11-05,0.0
TT01060,U01695,32,Male,CR00020,Marketing,Free,2025-11-26,0.0
TT01061,U01702,21,Female,CR00035,Cybersecurity,Free,2025-06-09,0.0
TT01062,U01702,21,Female,CR00011,Business,Paid,2025-02-01,326.02
TT01063,U01702,21,Female,CR00033,Cybersecurity,Free,2025-11-16,0.0
TT01064,U01702,21,Female,CR00052,Web Development,Free,2025-10-03,0.0
TT01065,U01708,22,Male,CR00037,Project Management,Free,2025-09-09,0.0
TT01066,U01708,22,Male,CR00011,Business,Paid,2025-05-03,326.02
TT01067,U01708,22,Male,CR00040,Project Management,Paid,2025-03-05,327.99
TT01068,U01708,22,Male,CR00030,Machine Learning,Free,2025-09-17,0.0
TT01069,U01708,22,Male,CR00041,Finance,Paid,2025-10-08,53.86
TT01070,U01720,21,Female,CR00044,Finance,Paid,2025-09-14,119.04
TT01071,U01720,21,Female,CR00001,Programming,Paid,2025-01-11,472.28
TT01072,U01720,21,Female,CR00006,Design,Paid,2025-12-28,276.37
TT01073,U01720,21,Female,CR00003,Programming,Free,2025-01-01,0.0
TT01074,U01721,15,Female,CR00055,Web Development,Paid,2025-07-30,57.32
TT01075,U01721,15,Female,CR00036,Project Management,Free,2025-05-03,0.0
TT01076,U01721,15,Female,CR00014,Business,Free,2025-04-10,0.0
TT01077,U01724,17,Male,CR00059,Digital Marketing,Free,2025-05-25,0.0
TT01078,U01724,17,Male,CR00005,Programming,Free,2025-11-24,0.0
TT01079,U01724,17,Male,CR00027,Machine Learning,Free,2025-12-20,0.0
TT01080,U01724,17,Male,CR00032,Cybersecurity,Free,2025-11-06,0.0
TT01081,U01724,17,Male,CR00050,Artificial Intelligence,Paid,2025-02-28,490.9
TT01082,U01726,32,Female,CR00028,Machine Learning,Paid,2025-12-26,0.78
TT01083,U01726,32,Female,CR00055,Web Development,Paid,2025-06-17,57.32
TT01084,U01729,29,Female,CR00050,Artificial Intelligence,Paid,2025-03-12,490.9
TT01085,U01729,29,Female,CR00039,Project Management,Paid,2025-11-16,346.71
TT01086,U01729,29,Female,CR00007,Design,Free,2025-07-09,0.0
TT01087,U01729,29,Female,CR00042,Finance,Free,2025-10-27,0.0
TT01088,U01745,21,Female,CR00060,Digital Marketing,Free,2025-07-27,0.0
TT01089,U01745,21,Female,CR00023,Data Science,Free,2025-11-15,0.0
TT01090,U01745,21,Female,CR00022,Data Science,Free,2025-04-27,0.0
TT01091,U01745,21,Female,CR00055,Web Development,Paid,2025-10-24,57.32
TT01092,U01746,24,Male,CR00040,Project Management,Paid,2025-12-01,327.99
TT01093,U01746,24,Male,CR00007,Design,Free,2025-05-26,0.0
TT01094,U01746,24,Male,CR00024,Data Science,Paid,2025-10-30,117.68
TT01095,U01746,24,Male,CR00001,Programming,Paid,2025-09-26,472.28
TT01096,U01762,33,Male,CR00007,Design,Free,2025-09-09,0.0
TT01097,U01762,33,Male,CR00011,Business,Paid,2025-12-03,326.02
TT01098,U01762,33,Male,CR00018,Marketing,Free,2025-07-14,0.0
TT01099,U01762,33,Male,CR00048,Artificial Intelligence,Free,2025-08-23,0.0
TT01100,U01773,17,Male,CR00054,Web Development,Free,2025-10-03,0.0
TT01101,U01773,17,Male,CR00015,Business,Paid,2025-04-07,285.05
TT01102,U01773,17,Male,CR00051,Web Development,Paid,2025-01-21,37.89
TT01103,U01773,17,Male,CR00045,Finance,Free,2025-11-11,0.0
TT01104,U01773,17,Male,CR00001,Programming,Paid,2025-11-06,472.28
TT01105,U01786,25,Female,CR00043,Finance,Free,2025-01-25,0.0
TT01106,U01786,25,Female,CR00036,Project Management,Free,2025-08-07,0.0
TT01107,U01786,25,Female,CR00008,Design,Free,2025-05-06,0.0
TT01108,U01786,25,Female,CR00050,Artificial Intelligence,Paid,2025-07-07,490.9
TT01109,U01789,33,Female,CR00003,Programming,Free,2025-11-01,0.0
TT01110,U01789,33,Female,CR00054,Web Development,Free,2025-03-04,0.0
TT01111,U01789,33,Female,CR00001,Programming,Paid,2025-08-07,472.28
TT01112,U01789,33,Female,CR00055,Web Development,Paid,2025-09-05,57.32
TT01113,U01795,15,Female,CR00049,Artificial Intelligence,Paid,2025-04-11,415.51
TT01114,U01795,15,Female,CR00048,Artificial Intelligence,Free,2025-12-02,0.0
TT01115,U01795,15,Female,CR00019,Marketing,Free,2025-06-29,0.0
TT01116,U01805,21,Male,CR00013,Business,Free,2025-02-06,0.0
TT01117,U01805,21,Male,CR00022,Data Science,Free,2025-08-10,0.0
TT01118,U01805,21,Male,CR00053,Web Development,Free,2025-03-05,0.0
TT01119,U01805,21,Male,CR00037,Project Management,Free,2025-09-05,0.0
TT01120,U01809,24,Female,CR00058,Digital Marketing,Free,2025-03-11,0.0
TT01121,U01809,24,Female,CR00034,Cybersecurity,Paid,2025-12-18,394.26
TT01122,U01809,24,Female,CR00037,Project Management,Free,2025-03-25,0.0
TT01123,U01809,24,Female,CR00050,Artificial Intelligence,Paid,2025-11-06,490.9
TT01124,U01809,24,Female,CR00030,Machine Learning,Free,2025-12-13,0.0
TT01125,U01810,15,Female,CR00039,Project Management,Paid,2025-05-10,346.71
TT01126,U01810,15,Female,CR00050,Artificial Intelligence,Paid,2025-10-10,490.9
TT01127,U01810,15,Female,CR00012,Business,Paid,2025-12-22,487.92
TT01128,U01810,15,Female,CR00054,Web Development,Free,2025-12-16,0.0
TT01129,U01810,15,Female,CR00010,Design,Free,2025-07-22,0.0
TT01130,U01812,17,Male,CR00025,Data Science,Paid,2025-04-09,299.57
TT01131,U01812,17,Male,CR00060,Digital Marketing,Free,2025-11-22,0.0
TT01132,U01812,17,Male,CR00005,Programming,Free,2025-05-02,0.0
TT01133,U01812,17,Male,CR00038,Project Management,Paid,2025-12-24,342.61
TT01134,U01812,17,Male,CR00042,Finance,Free,2025-11-18,0.0
TT01135,U01820,24,Male,CR00007,Design,Free,2025-09-09,0.0
TT01136,U01820,24,Male,CR00022,Data Science,Free,2025-07-09,0.0
TT01137,U01820,24,Male,CR00046,Artificial Intelligence,Paid,2025-06-14,248.1
TT01138,U01820,24,Male,CR00012,Business,Paid,2025-01-13,487.92
TT01139,U01820,24,Male,CR00038,Project Management,Paid,2025-12-06,342.61
TT01140,U01822,22,Male,CR00044,Finance,Paid,2025-10-10,119.04
TT01141,U01822,22,Male,CR00058,Digital Marketing,Free,2025-04-02,0.0
TT01142,U01822,22,Male,CR00043,Finance,Free,2025-08-11,0.0
TT01143,U01822,22,Male,CR00027,Machine Learning,Free,2025-03-11,0.0
TT01144,U01822,22,Male,CR00029,Machine Learning,Free,2025-03-03,0.0
TT01145,U01825,25,Male,CR00059,Digital Marketing,Free,2025-05-04,0.0
TT01146,U01825,25,Male,CR00045,Finance,Free,2025-09-06,0.0
TT01147,U01825,25,Male,CR00029,Machine Learning,Free,2025-03-06,0.0
TT01148,U01840,35,Female,CR00055,Web Development,Paid,2025-01-22,57.32
TT01149,U01840,35,Female,CR00037,Project Management,Free,2025-05-03,0.0
TT01150,U01840,35,Female,CR00015,Business,Paid,2025-04-25,285.05
TT01151,U01840,35,Female,CR00028,Machine Learning,Paid,2025-05-02,0.78
TT01152,U01842,33,Female,CR00048,Artificial Intelligence,Free,2025-07-04,0.0
TT01153,U01842,33,Female,CR00001,Programming,Paid,2025-04-11,472.28
TT01154,U01842,33,Female,CR00020,Marketing,Free,2025-07-11,0.0
TT01155,U01854,16,Male,CR00051,Web Development,Paid,2025-07-30,37.89
TT01156,U01854,16,Male,CR00023,Data Science,Free,2025-01-09,0.0
TT01157,U01854,16,Male,CR00020,Marketing,Free,2025-01-27,0.0
TT01158,U01854,16,Male,CR00042,Finance,Free,2025-03-04,0.0
TT01159,U01867,24,Female,CR00020,Marketing,Free,2025-05-20,0.0
TT01160,U01867,24,Female,CR00054,Web Development,Free,2025-08-23,0.0
TT01161,U01867,24,Female,CR00047,Artificial Intelligence,Paid,2025-06-08,89.59
TT01162,U01871,21,Male,CR00008,Design,Free,2025-08-19,0.0
TT01163,U01871,21,Male,CR00037,Project Management,Free,2025-03-21,0.0
TT01164,U01871,21,Male,CR00049,Artificial Intelligence,Paid,2025-09-21,415.51
TT01165,U01871,21,Male,CR00007,Design,Free,2025-05-22,0.0
TT01166,U01872,28,Female,CR00040,Project Management,Paid,2025-01-30,327.99
TT01167,U01872,28,Female,CR00042,Finance,Free,2025-05-17,0.0
TT01168,U01872,28,Female,CR00023,Data Science,Free,2025-06-09,0.0
TT01169,U01876,17,Male,CR00035,Cybersecurity,Free,2025-09-25,0.0
TT01170,U01876,17,Male,CR00003,Programming,Free,2025-03-03,0.0
TT01171,U01876,17,Male,CR00053,Web Development,Free,2025-07-13,0.0
TT01172,U01876,17,Male,CR00033,Cybersecurity,Free,2025-06-04,0.0
TT01173,U01876,17,Male,CR00013,Business,Free,2025-02-13,0.0
TT01174,U01877,19,Male,CR00019,Marketing,Free,2025-09-15,0.0
TT01175,U01877,19,Male,CR00039,Project Management,Paid,2025-09-26,346.71
TT01176,U01877,19,Male,CR00059,Digital Marketing,Free,2025-08-19,0.0
TT01177,U01879,32,Female,CR00012,Business,Paid,2025-06-25,487.92
TT01178,U01879,32,Female,CR00015,Business,Paid,2025-05-15,285.05
TT01179,U01879,32,Female,CR00025,Data Science,Paid,2025-01-28,299.57
TT01180,U01879,32,Female,CR00010,Design,Free,2025-09-12,0.0
TT01181,U01879,32,Female,CR00045,Finance,Free,2025-07-10,0.0
TT01182,U01893,23,Female,CR00004,Programming,Free,2025-04-15,0.0
TT01183,U01893,23,Female,CR00057,Digital Marketing,Paid,2025-07-28,177.34
TT01184,U01893,23,Female,CR00060,Digital Marketing,Free,2025-03-22,0.0
TT01185,U01896,32,Female,CR00026,Machine Learning,Free,2025-01-24,0.0
TT01186,U01896,32,Female,CR00020,Marketing,Free,2025-09-21,0.0
TT01187,U01896,32,Female,CR00034,Cybersecurity,Paid,2025-01-08,394.26
TT01188,U01896,32,Female,CR00033,Cybersecurity,Free,2025-07-15,0.0
TT01189,U01900,19,Male,CR00011,Business,Paid,2025-04-06,326.02
TT01190,U01900,19,Male,CR00022,Data Science,Free,2025-10-16,0.0
TT01191,U01900,19,Male,CR00039,Project Management,Paid,2025-02-12,346.71
TT01192,U01903,17,Female,CR00046,Artificial Intelligence,Paid,2025-04-17,248.1
TT01193,U01903,17,Female,CR00040,Project Management,Paid,2025-11-03,327.99
TT01194,U01903,17,Female,CR00048,Artificial Intelligence,Free,2025-08-01,0.0
TT01195,U01903,17,Female,CR00050,Artificial Intelligence,Paid,2025-06-03,490.9
TT01196,U01903,17,Female,CR00059,Digital Marketing,Free,2025-11-04,0.0
TT01197,U01906,19,Male,CR00021,Data Science,Free,2025-06-13,0.0
TT01198,U01906,19,Male,CR00018,Marketing,Free,2025-04-19,0.0
TT01199,U01906,19,Male,CR00044,Finance,Paid,2025-06-26,119.04
TT01200,U01906,19,Male,CR00019,Marketing,Free,2025-02-04,0.0
TT01201,U01906,19,Male,CR00007,Design,Free,2025-03-28,0.0
TT01202,U01908,19,Male,CR00017,Marketing,Free,2025-11-07,0.0
TT01203,U01908,19,Male,CR00040,Project Management,Paid,2025-10-05,327.99
TT01204,U01908,19,Male,CR00057,Digital Marketing,Paid,2025-12-26,177.34
TT01205,U01917,18,Female,CR00032,Cybersecurity,Free,2025-10-14,0.0
TT01206,U01917,18,Female,CR00022,Data Science,Free,2025-11-02,0.0
TT01207,U01917,18,Female,CR00023,Data Science,Free,2025-03-26,0.0
TT01208,U01917,18,Female,CR00040,Project Management,Paid,2025-01-13,327.99
TT01209,U01917,18,Female,CR00051,Web Development,Paid,2025-04-06,37.89
TT01210,U01918,23,Male,CR00002,Programming,Free,2025-10-10,0.0
TT01211,U01918,23,Male,CR00005,Programming,Free,2025-02-21,0.0
TT01212,U01918,23,Male,CR00032,Cybersecurity,Free,2025-01-25,0.0
TT01213,U01920,33,Male,CR00023,Data Science,Free,2025-09-28,0.0
TT01214,U01920,33,Male,CR00026,Machine Learning,Free,2025-09-13,0.0
TT01215,U01920,33,Male,CR00034,Cybersecurity,Paid,2025-12-09,394.26
TT01216,U01920,33,Male,CR00007,Design,Free,2025-05-01,0.0
TT01217,U01926,26,Female,CR00001,Programming,Paid,2025-04-24,472.28
TT01218,U01926,26,Female,CR00029,Machine Learning,Free,2025-11-27,0.0
TT01219,U01926,26,Female,CR00045,Finance,Free,2025-11-16,0.0
TT01220,U01929,19,Male,CR00011,Business,Paid,2025-02-02,326.02
TT01221,U01929,19,Male,CR00023,Data Science,Free,2025-01-01,0.0
TT01222,U01929,19,Male,CR00027,Machine Learning,Free,2025-05-15,0.0
TT01223,U01929,19,Male,CR00028,Machine Learning,Paid,2025-06-23,0.78
TT01224,U01931,23,Female,CR00004,Programming,Free,2025-07-09,0.0
TT01225,U01931,23,Female,CR00015,Business,Paid,2025-10-09,285.05
TT01226,U01931,23,Female,CR00034,Cybersecurity,Paid,2025-04-07,394.26
TT01227,U01931,23,Female,CR00046,Artificial Intelligence,Paid,2025-05-26,248.1
TT01228,U01931,23,Female,CR00027,Machine Learning,Free,2025-06-30,0.0
TT01229,U01934,22,Male,CR00049,Artificial Intelligence,Paid,2025-11-14,415.51
TT01230,U01934,22,Male,CR00026,Machine Learning,Free,2025-06-14,0.0
TT01231,U01934,22,Male,CR00006,Design,Paid,2025-02-08,276.37
TT01232,U01934,22,Male,CR00039,Project Management,Paid,2025-02-23,346.71
TT01233,U01934,22,Male,CR00050,Artificial Intelligence,Paid,2025-09-04,490.9
TT01234,U01943,17,Male,CR00027,Machine Learning,Free,2025-08-25,0.0
TT01235,U01943,17,Male,CR00035,Cybersecurity,Free,2025-01-03,0.0
TT01236,U01943,17,Male,CR00030,Machine Learning,Free,2025-06-26,0.0
TT01237,U01943,17,Male,CR00044,Finance,Paid,2025-11-16,119.04
TT01238,U01943,17,Male,CR00025,Data Science,Paid,2025-02-07,299.57
TT01239,U01953,19,Male,CR00016,Marketing,Free,2025-09-07,0.0
TT01240,U01953,19,Male,CR00025,Data Science,Paid,2025-08-29,299.57
TT01241,U01953,19,Male,CR00057,Digital Marketing,Paid,2025-02-05,177.34
TT01242,U01953,19,Male,CR00031,Cybersecurity,Free,2025-10-07,0.0
TT01243,U01953,19,Male,CR00017,Marketing,Free,2025-02-01,0.0
TT01244,U01958,16,Male,CR00008,Design,Free,2025-08-06,0.0
TT01245,U01958,16,Male,CR00047,Artificial Intelligence,Paid,2025-04-16,89.59
TT01246,U01958,16,Male,CR00045,Finance,Free,2025-08-11,0.0
TT01247,U01959,26,Female,CR00044,Finance,Paid,2025-12-03,119.04
TT01248,U01959,26,Female,CR00012,Business,Paid,2025-01-07,487.92
TT01249,U01959,26,Female,CR00010,Design,Free,2025-04-09,0.0
TT01250,U01961,30,Male,CR00051,Web Development,Paid,2025-10-29,37.89
TT01251,U01961,30,Male,CR00048,Artificial Intelligence,Free,2025-04-12,0.0
TT01252,U01961,30,Male,CR00026,Machine Learning,Free,2025-09-08,0.0
TT01253,U01961,30,Male,CR00040,Project Management,Paid,2025-08-21,327.99
TT01254,U01961,30,Male,CR00039,Project Management,Paid,2025-05-04,346.71
TT01255,U01962,19,Male,CR00009,Design,Free,2025-03-15,0.0
TT01256,U01962,19,Male,CR00038,Project Management,Paid,2025-03-14,342.61
TT01257,U01962,19,Male,CR00010,Design,Free,2025-03-10,0.0
TT01258,U01962,19,Male,CR00013,Business,Free,2025-01-09,0.0
TT01259,U01979,25,Female,CR00023,Data Science,Free,2025-10-08,0.0
TT01260,U01979,25,Female,CR00015,Business,Paid,2025-12-24,285.05
TT01261,U01979,25,Female,CR00039,Project Management,Paid,2025-05-22,346.71
TT01262,U01979,25,Female,CR00030,Machine Learning,Free,2025-09-08,0.0
TT01263,U01979,25,Female,CR00005,Programming,Free,2025-03-02,0.0
TT01264,U01987,15,Male,CR00012,Business,Paid,2025-10-15,487.92
TT01265,U01987,15,Male,CR00015,Business,Paid,2025-12-25,285.05
TT01266,U01987,15,Male,CR00040,Project Management,Paid,2025-01-03,327.99
TT01267,U01989,26,Female,CR00022,Data Science,Free,2025-03-08,0.0
TT01268,U01989,26,Female,CR00058,Digital Marketing,Free,2025-01-04,0.0
TT01269,U01989,26,Female,CR00002,Programming,Free,2025-08-02,0.0
TT01270,U01993,23,Female,CR00045,Finance,Free,2025-05-23,0.0
TT01271,U01993,23,Female,CR00026,Machine Learning,Free,2025-04-28,0.0
TT01272,U01993,23,Female,CR00029,Machine Learning,Free,2025-04-22,0.0
TT01273,U01994,20,Female,CR00001,Programming,Paid,2025-10-20,472.28
TT01274,U01994,20,Female,CR00046,Artificial Intelligence,Paid,2025-11-05,248.1
TT01275,U01994,20,Female,CR00057,Digital Marketing,Paid,2025-12-21,177.34
TT01276,U01998,23,Male,CR00059,Digital Marketing,Free,2025-03-26,0.0
TT01277,U01998,23,Male,CR00047,Artificial Intelligence,Paid,2025-08-04,89.59
TT01278,U01998,23,Male,CR00029,Machine Learning,Free,2025-08-06,0.0
TT01279,U01998,23,Male,CR00053,Web Development,Free,2025-12-30,0.0
TT01280,U01998,23,Male,CR00025,Data Science,Paid,2025-06-04,299.57
TT01281,U02010,31,Male,CR00038,Project Management,Paid,2025-01-29,342.61
TT01282,U02010,31,Male,CR00019,Marketing,Free,2025-10-02,0.0
TT01283,U02010,31,Male,CR00028,Machine Learning,Paid,2025-09-26,0.78
TT01284,U02010,31,Male,CR00006,Design,Paid,2025-09-02,276.37
TT01285,U02015,30,Male,CR00038,Project Management,Paid,2025-10-12,342.61
TT01286,U02015,30,Male,CR00036,Project Management,Free,2025-05-27,0.0
TT01287,U02015,30,Male,CR00052,Web Development,Free,2025-05-27,0.0
TT01288,U02015,30,Male,CR00016,Marketing,Free,2025-02-18,0.0
TT01289,U02015,30,Male,CR00031,Cybersecurity,Free,2025-11-16,0.0
TT01290,U02022,27,Female,CR00022,Data Science,Free,2025-03-13,0.0
TT01291,U02022,27,Female,CR00008,Design,Free,2025-09-18,0.0
TT01292,U02022,27,Female,CR00002,Programming,Free,2025-10-21,0.0
TT01293,U02022,27,Female,CR00001,Programming,Paid,2025-08-12,472.28
TT01294,U02035,32,Male,CR00038,Project Management,Paid,2025-04-16,342.61
TT01295,U02035,32,Male,CR00045,Finance,Free,2025-08-13,0.0
TT01296,U02035,32,Male,CR00056,Digital Marketing,Paid,2025-10-09,212.39
TT01297,U02035,32,Male,CR00006,Design,Paid,2025-09-28,276.37
TT01298,U02038,32,Female,CR00036,Project Management,Free,2025-02-18,0.0
TT01299,U02038,32,Female,CR00057,Digital Marketing,Paid,2025-06-01,177.34
TT01300,U02039,29,Male,CR00016,Marketing,Free,2025-06-21,0.0
TT01301,U02039,29,Male,CR00009,Design,Free,2025-08-15,0.0
TT01302,U02039,29,Male,CR00025,Data Science,Paid,2025-09-14,299.57
TT01303,U02039,29,Male,CR00012,Business,Paid,2025-03-08,487.92
TT01304,U02055,33,Female,CR00018,Marketing,Free,2025-04-22,0.0
TT01305,U02055,33,Female,CR00014,Business,Free,2025-11-12,0.0
TT01306,U02055,33,Female,CR00004,Programming,Free,2025-07-08,0.0
TT01307,U02055,33,Female,CR00059,Digital Marketing,Free,2025-04-14,0.0
TT01308,U02055,33,Female,CR00008,Design,Free,2025-06-10,0.0
TT01309,U02058,16,Male,CR00049,Artificial Intelligence,Paid,2025-02-13,415.51
TT01310,U02058,16,Male,CR00058,Digital Marketing,Free,2025-06-01,0.0
TT01311,U02058,16,Male,CR00046,Artificial Intelligence,Paid,2025-03-02,248.1
TT01312,U02064,35,Male,CR00054,Web Development,Free,2025-04-05,0.0
TT01313,U02064,35,Male,CR00006,Design,Paid,2025-02-03,276.37
TT01314,U02064,35,Male,CR00044,Finance,Paid,2025-08-13,119.04
TT01315,U02064,35,Male,CR00048,Artificial Intelligence,Free,2025-09-07,0.0
TT01316,U02064,35,Male,CR00043,Finance,Free,2025-05-04,0.0
TT01317,U02068,15,Male,CR00044,Finance,Paid,2025-09-27,119.04
TT01318,U02068,15,Male,CR00009,Design,Free,2025-08-15,0.0
TT01319,U02068,15,Male,CR00055,Web Development,Paid,2025-06-25,57.32
TT01320,U02071,24,Male,CR00047,Artificial Intelligence,Paid,2025-05-03,89.59
TT01321,U02071,24,Male,CR00048,Artificial Intelligence,Free,2025-08-30,0.0
TT01322,U02071,24,Male,CR00029,Machine Learning,Free,2025-03-03,0.0
TT01323,U02074,27,Female,CR00003,Programming,Free,2025-11-26,0.0
TT01324,U02074,27,Female,CR00046,Artificial Intelligence,Paid,2025-10-24,248.1
TT01325,U02074,27,Female,CR00034,Cybersecurity,Paid,2025-06-07,394.26
TT01326,U02074,27,Female,CR00027,Machine Learning,Free,2025-11-01,0.0
TT01327,U02077,24,Male,CR00059,Digital Marketing,Free,2025-08-18,0.0
TT01328,U02077,24,Male,CR00040,Project Management,Paid,2025-12-27,327.99
TT01329,U02077,24,Male,CR00036,Project Management,Free,2025-02-15,0.0
TT01330,U02077,24,Male,CR00058,Digital Marketing,Free,2025-02-23,0.0
TT01331,U02094,24,Female,CR00005,Programming,Free,2025-10-10,0.0
TT01332,U02094,24,Female,CR00034,Cybersecurity,Paid,2025-09-04,394.26
TT01333,U02094,24,Female,CR00021,Data Science,Free,2025-04-11,0.0
TT01334,U02096,31,Male,CR00013,Business,Free,2025-12-06,0.0
TT01335,U02096,31,Male,CR00021,Data Science,Free,2025-03-07,0.0
TT01336,U02096,31,Male,CR00027,Machine Learning,Free,2025-12-22,0.0
TT01337,U02096,31,Male,CR00003,Programming,Free,2025-07-07,0.0
TT01338,U02098,25,Male,CR00018,Marketing,Free,2025-06-19,0.0
TT01339,U02098,25,Male,CR00030,Machine Learning,Free,2025-08-21,0.0
TT01340,U02098,25,Male,CR00011,Business,Paid,2025-03-01,326.02
TT01341,U02125,31,Female,CR00001,Programming,Paid,2025-11-09,472.28
TT01342,U02125,31,Female,CR00019,Marketing,Free,2025-06-13,0.0
TT01343,U02125,31,Female,CR00029,Machine Learning,Free,2025-04-26,0.0
TT01344,U02125,31,Female,CR00006,Design,Paid,2025-03-03,276.37
TT01345,U02144,15,Male,CR00047,Artificial Intelligence,Paid,2025-01-18,89.59
TT01346,U02144,15,Male,CR00023,Data Science,Free,2025-09-16,0.0
TT01347,U02144,15,Male,CR00053,Web Development,Free,2025-02-15,0.0
TT01348,U02144,15,Male,CR00052,Web Development,Free,2025-08-30,0.0
TT01349,U02147,33,Male,CR00002,Programming,Free,2025-10-04,0.0
TT01350,U02147,33,Male,CR00001,Programming,Paid,2025-09-28,472.28
TT01351,U02147,33,Male,CR00051,Web Development,Paid,2025-09-16,37.89
TT01352,U02147,33,Male,CR00013,Business,Free,2025-11-13,0.0
TT01353,U02149,21,Female,CR00042,Finance,Free,2025-11-21,0.0
TT01354,U02149,21,Female,CR00029,Machine Learning,Free,2025-02-21,0.0
TT01355,U02149,21,Female,CR00033,Cybersecurity,Free,2025-06-22,0.0
TT01356,U02149,21,Female,CR00035,Cybersecurity,Free,2025-10-03,0.0
TT01357,U02151,18,Female,CR00043,Finance,Free,2025-04-05,0.0
TT01358,U02151,18,Female,CR00001,Programming,Paid,2025-11-16,472.28
TT01359,U02151,18,Female,CR00048,Artificial Intelligence,Free,2025-10-06,0.0
TT01360,U02151,18,Female,CR00047,Artificial Intelligence,Paid,2025-07-14,89.59
TT01361,U02151,18,Female,CR00056,Digital Marketing,Paid,2025-08-21,212.39
TT01362,U02152,35,Female,CR00006,Design,Paid,2025-05-29,276.37
TT01363,U02152,35,Female,CR00054,Web Development,Free,2025-03-14,0.0
TT01364,U02152,35,Female,CR00017,Marketing,Free,2025-12-21,0.0
TT01365,U02153,18,Female,CR00049,Artificial Intelligence,Paid,2025-01-06,415.51
TT01366,U02153,18,Female,CR00040,Project Management,Paid,2025-06-02,327.99
TT01367,U02153,18,Female,CR00022,Data Science,Free,2025-04-04,0.0
TT01368,U02155,16,Female,CR00018,Marketing,Free,2025-04-15,0.0
TT01369,U02155,16,Female,CR00056,Digital Marketing,Paid,2025-11-14,212.39
TT01370,U02155,16,Female,CR00045,Finance,Free,2025-02-09,0.0
TT01371,U02155,16,Female,CR00009,Design,Free,2025-06-10,0.0
TT01372,U02161,23,Female,CR00029,Machine Learning,Free,2025-07-03,0.0
TT01373,U02161,23,Female,CR00008,Design,Free,2025-07-01,0.0
TT01374,U02161,23,Female,CR00055,Web Development,Paid,2025-03-30,57.32
TT01375,U02161,23,Female,CR00017,Marketing,Free,2025-08-02,0.0
TT01376,U02161,23,Female,CR00036,Project Management,Free,2025-03-23,0.0
TT01377,U02174,17,Female,CR00008,Design,Free,2025-12-11,0.0
TT01378,U02174,17,Female,CR00006,Design,Paid,2025-11-27,276.37
TT01379,U02174,17,Female,CR00002,Programming,Free,2025-09-22,0.0
TT01380,U02174,17,Female,CR00016,Marketing,Free,2025-12-08,0.0
TT01381,U02174,17,Female,CR00041,Finance,Paid,2025-02-23,53.86
TT01382,U02199,27,Male,CR00011,Business,Paid,2025-11-02,326.02
TT01383,U02199,27,Male,CR00041,Finance,Paid,2025-11-17,53.86
TT01384,U02199,27,Male,CR00044,Finance,Paid,2025-02-15,119.04
TT01385,U02199,27,Male,CR00048,Artificial Intelligence,Free,2025-02-25,0.0
TT01386,U02212,33,Male,CR00024,Data Science,Paid,2025-07-23,117.68
TT01387,U02212,33,Male,CR00029,Machine Learning,Free,2025-02-12,0.0
TT01388,U02212,33,Male,CR00042,Finance,Free,2025-09-30,0.0
TT01389,U02212,33,Male,CR00009,Design,Free,2025-04-29,0.0
TT01390,U02215,32,Male,CR00004,Programming,Free,2025-02-06,0.0
TT01391,U02215,32,Male,CR00028,Machine Learning,Paid,2025-11-11,0.78
TT01392,U02215,32,Male,CR00058,Digital Marketing,Free,2025-03-07,0.0
TT01393,U02217,21,Male,CR00018,Marketing,Free,2025-06-07,0.0
TT01394,U02217,21,Male,CR00010,Design,Free,2025-12-03,0.0
TT01395,U02217,21,Male,CR00029,Machine Learning,Free,2025-04-06,0.0
TT01396,U02217,21,Male,CR00009,Design,Free,2025-05-30,0.0
TT01397,U02224,18,Female,CR00039,Project Management,Paid,2025-10-28,346.71
TT01398,U02224,18,Female,CR00048,Artificial Intelligence,Free,2025-12-19,0.0
TT01399,U02224,18,Female,CR00016,Marketing,Free,2025-02-26,0.0
TT01400,U02224,18,Female,CR00005,Programming,Free,2025-03-25,0.0
TT01401,U02231,20,Male,CR00012,Business,Paid,2025-07-11,487.92
TT01402,U02231,20,Male,CR00054,Web Development,Free,2025-12-26,0.0
TT01403,U02231,20,Male,CR00024,Data Science,Paid,2025-12-10,117.68
TT01404,U02248,29,Male,CR00014,Business,Free,2025-05-12,0.0
TT01405,U02248,29,Male,CR00001,Programming,Paid,2025-09-20,472.28
TT01406,U02248,29,Male,CR00054,Web Development,Free,2025-02-21,0.0
TT01407,U02250,19,Female,CR00036,Project Management,Free,2025-05-09,0.0
TT01408,U02250,19,Female,CR00020,Marketing,Free,2025-01-06,0.0
TT01409,U02250,19,Female,CR00019,Marketing,Free,2025-06-30,0.0
TT01410,U02250,19,Female,CR00038,Project Management,Paid,2025-09-08,342.61
TT01411,U02250,19,Female,CR00003,Programming,Free,2025-11-23,0.0
TT01412,U02254,17,Female,CR00032,Cybersecurity,Free,2025-06-13,0.0
TT01413,U02254,17,Female,CR00009,Design,Free,2025-08-27,0.0
TT01414,U02254,17,Female,CR00023,Data Science,Free,2025-02-01,0.0
TT01415,U02254,17,Female,CR00007,Design,Free,2025-06-03,0.0
TT01416,U02254,17,Female,CR00049,Artificial Intelligence,Paid,2025-01-07,415.51
TT01417,U02258,21,Male,CR00019,Marketing,Free,2025-09-16,0.0
TT01418,U02258,21,Male,CR00005,Programming,Free,2025-03-04,0.0
TT01419,U02258,21,Male,CR00053,Web Development,Free,2025-12-03,0.0
TT01420,U02258,21,Male,CR00025,Data Science,Paid,2025-12-02,299.57
TT01421,U02258,21,Male,CR00026,Machine Learning,Free,2025-05-24,0.0
TT01422,U02284,28,Male,CR00041,Finance,Paid,2025-09-25,53.86
TT01423,U02284,28,Male,CR00051,Web Development,Paid,2025-06-29,37.89
TT01424,U02284,28,Male,CR00052,Web Development,Free,2025-09-18,0.0
TT01425,U02284,28,Male,CR00009,Design,Free,2025-09-17,0.0
TT01426,U02288,32,Female,CR00048,Artificial Intelligence,Free,2025-12-17,0.0
TT01427,U02288,32,Female,CR00031,Cybersecurity,Free,2025-02-21,0.0
TT01428,U02288,32,Female,CR00015,Business,Paid,2025-02-11,285.05
TT01429,U02288,32,Female,CR00030,Machine Learning,Free,2025-08-20,0.0
TT01430,U02290,25,Male,CR00050,Artificial Intelligence,Paid,2025-02-07,490.9
TT01431,U02290,25,Male,CR00042,Finance,Free,2025-11-22,0.0
TT01432,U02290,25,Male,CR00002,Programming,Free,2025-08-27,0.0
TT01433,U02290,25,Male,CR00027,Machine Learning,Free,2025-10-09,0.0
TT01434,U02290,25,Male,CR00053,Web Development,Free,2025-11-18,0.0
TT01435,U02300,35,Male,CR00038,Project Management,Paid,2025-11-25,342.61
TT01436,U02300,35,Male,CR00023,Data Science,Free,2025-05-15,0.0
TT01437,U02300,35,Male,CR00052,Web Development,Free,2025-07-09,0.0
TT01438,U02300,35,Male,CR00058,Digital Marketing,Free,2025-08-07,0.0
TT01439,U02301,18,Female,CR00031,Cybersecurity,Free,2025-04-01,0.0
TT01440,U02301,18,Female,CR00019,Marketing,Free,2025-01-03,0.0
TT01441,U02301,18,Female,CR00025,Data Science,Paid,2025-03-08,299.57
TT01442,U02306,18,Female,CR00040,Project Management,Paid,2025-06-02,327.99
TT01443,U02306,18,Female,CR00009,Design,Free,2025-06-27,0.0
TT01444,U02306,18,Female,CR00010,Design,Free,2025-07-12,0.0
TT01445,U02306,18,Female,CR00041,Finance,Paid,2025-06-28,53.86
TT01446,U02315,34,Male,CR00038,Project Management,Paid,2025-07-08,342.61
TT01447,U02315,34,Male,CR00015,Business,Paid,2025-03-30,285.05
TT01448,U02315,34,Male,CR00043,Finance,Free,2025-10-23,0.0
TT01449,U02315,34,Male,CR00042,Finance,Free,2025-04-23,0.0
TT01450,U02336,17,Female,CR00047,Artificial Intelligence,Paid,2025-06-20,89.59
TT01451,U02336,17,Female,CR00030,Machine Learning,Free,2025-10-24,0.0
TT01452,U02336,17,Female,CR00057,Digital Marketing,Paid,2025-06-07,177.34
TT01453,U02336,17,Female,CR00042,Finance,Free,2025-08-17,0.0
TT01454,U02337,18,Female,CR00046,Artificial Intelligence,Paid,2025-11-07,248.1
TT01455,U02337,18,Female,CR00015,Business,Paid,2025-07-09,285.05
TT01456,U02337,18,Female,CR00003,Programming,Free,2025-07-12,0.0
TT01457,U02341,17,Male,CR00022,Data Science,Free,2025-11-27,0.0
TT01458,U02341,17,Male,CR00036,Project Management,Free,2025-11-29,0.0
TT01459,U02341,17,Male,CR00019,Marketing,Free,2025-05-01,0.0
TT01460,U02341,17,Male,CR00033,Cybersecurity,Free,2025-07-30,0.0
TT01461,U02344,26,Male,CR00022,Data Science,Free,2025-04-27,0.0
TT01462,U02344,26,Male,CR00014,Business,Free,2025-11-01,0.0
TT01463,U02344,26,Male,CR00018,Marketing,Free,2025-10-06,0.0
TT01464,U02344,26,Male,CR00051,Web Development,Paid,2025-12-18,37.89
TT01465,U02345,31,Male,CR00028,Machine Learning,Paid,2025-06-12,0.78
TT01466,U02345,31,Male,CR00026,Machine Learning,Free,2025-06-06,0.0
TT01467,U02345,31,Male,CR00005,Programming,Free,2025-06-10,0.0
TT01468,U02345,31,Male,CR00027,Machine Learning,Free,2025-09-20,0.0
TT01469,U02349,27,Male,CR00026,Machine Learning,Free,2025-07-19,0.0
TT01470,U02349,27,Male,CR00012,Business,Paid,2025-03-23,487.92
TT01471,U02349,27,Male,CR00053,Web Development,Free,2025-03-08,0.0
TT01472,U02349,27,Male,CR00016,Marketing,Free,2025-10-07,0.0
TT01473,U02370,24,Male,CR00041,Finance,Paid,2025-11-03,53.86
TT01474,U02370,24,Male,CR00002,Programming,Free,2025-10-16,0.0
TT01475,U02370,24,Male,CR00025,Data Science,Paid,2025-05-04,299.57
TT01476,U02371,34,Female,CR00024,Data Science,Paid,2025-09-29,117.68
TT01477,U02371,34,Female,CR00008,Design,Free,2025-05-11,0.0
TT01478,U02371,34,Female,CR00030,Machine Learning,Free,2025-12-26,0.0
TT01479,U02410,18,Male,CR00022,Data Science,Free,2025-03-15,0.0
TT01480,U02410,18,Male,CR00057,Digital Marketing,Paid,2025-04-29,177.34
TT01481,U02410,18,Male,CR00003,Programming,Free,2025-02-09,0.0
TT01482,U02415,33,Male,CR00056,Digital Marketing,Paid,2025-10-08,212.39
TT01483,U02415,33,Male,CR00048,Artificial Intelligence,Free,2025-09-17,0.0
TT01484,U02415,33,Male,CR00050,Artificial Intelligence,Paid,2025-01-15,490.9
TT01485,U02427,31,Female,CR00035,Cybersecurity,Free,2025-04-16,0.0
TT01486,U02427,31,Female,CR00043,Finance,Free,2025-01-01,0.0
TT01487,U02427,31,Female,CR00054,Web Development,Free,2025-02-07,0.0
TT01488,U02427,31,Female,CR00025,Data Science,Paid,2025-01-13,299.57
TT01489,U02432,30,Female,CR00040,Project Management,Paid,2025-08-16,327.99
TT01490,U02432,30,Female,CR00058,Digital Marketing,Free,2025-08-19,0.0
TT01491,U02432,30,Female,CR00033,Cybersecurity,Free,2025-10-01,0.0
TT01492,U02432,30,Female,CR00039,Project Management,Paid,2025-10-03,346.71
TT01493,U02432,30,Female,CR00005,Programming,Free,2025-09-26,0.0
TT01494,U02445,26,Female,CR00031,Cybersecurity,Free,2025-11-27,0.0
TT01495,U02445,26,Female,CR00030,Machine Learning,Free,2025-08-24,0.0
TT01496,U02445,26,Female,CR00049,Artificial Intelligence,Paid,2025-12-24,415.51
TT01497,U02459,33,Male,CR00043,Finance,Free,2025-05-17,0.0
TT01498,U02459,33,Male,CR00010,Design,Free,2025-11-27,0.0
TT01499,U02459,33,Male,CR00016,Marketing,Free,2025-08-30,0.0
TT01500,U02470,34,Male,CR00022,Data Science,Free,2025-09-26,0.0
TT01501,U02470,34,Male,CR00006,Design,Paid,2025-12-16,276.37
TT01502,U02470,34,Male,CR00045,Finance,Free,2025-01-30,0.0
TT01503,U02470,34,Male,CR00041,Finance,Paid,2025-04-24,53.86
TT01504,U02470,34,Male,CR00030,Machine Learning,Free,2025-04-02,0.0
TT01505,U02485,22,Male,CR00001,Programming,Paid,2025-06-07,472.28
TT01506,U02485,22,Male,CR00052,Web Development,Free,2025-05-10,0.0
TT01507,U02485,22,Male,CR00017,Marketing,Free,2025-08-12,0.0
TT01508,U02485,22,Male,CR00058,Digital Marketing,Free,2025-04-24,0.0
TT01509,U02490,24,Female,CR00026,Machine Learning,Free,2025-03-09,0.0
TT01510,U02490,24,Female,CR00023,Data Science,Free,2025-04-27,0.0
TT01511,U02490,24,Female,CR00013,Business,Free,2025-06-07,0.0
TT01512,U02512,15,Female,CR00036,Project Management,Free,2025-01-15,0.0
TT01513,U02512,15,Female,CR00013,Business,Free,2025-01-30,0.0
TT01514,U02512,15,Female,CR00004,Programming,Free,2025-03-18,0.0
TT01515,U02515,15,Male,CR00051,Web Development,Paid,2025-11-30,37.89
TT01516,U02515,15,Male,CR00025,Data Science,Paid,2025-07-12,299.57
TT01517,U02515,15,Male,CR00058,Digital Marketing,Free,2025-04-24,0.0
TT01518,U02515,15,Male,CR00059,Digital Marketing,Free,2025-02-04,0.0
TT01519,U02537,31,Female,CR00016,Marketing,Free,2025-09-06,0.0
TT01520,U02537,31,Female,CR00040,Project Management,Paid,2025-05-11,327.99
TT01521,U02537,31,Female,CR00047,Artificial Intelligence,Paid,2025-02-27,89.59
TT01522,U02540,33,Female,CR00018,Marketing,Free,2025-07-28,0.0
TT01523,U02540,33,Female,CR00050,Artificial Intelligence,Paid,2025-01-07,490.9
TT01524,U02540,33,Female,CR00033,Cybersecurity,Free,2025-04-21,0.0
TT01525,U02540,33,Female,CR00003,Programming,Free,2025-05-20,0.0
TT01526,U02540,33,Female,CR00037,Project Management,Free,2025-03-27,0.0
TT01527,U02541,18,Female,CR00059,Digital Marketing,Free,2025-12-27,0.0
TT01528,U02541,18,Female,CR00052,Web Development,Free,2025-02-05,0.0
TT01529,U02541,18,Female,CR00003,Programming,Free,2025-08-14,0.0
TT01530,U02542,35,Female,CR00018,Marketing,Free,2025-01-17,0.0
TT01531,U02542,35,Female,CR00050,Artificial Intelligence,Paid,2025-11-13,490.9
TT01532,U02542,35,Female,CR00060,Digital Marketing,Free,2025-04-24,0.0
TT01533,U02564,19,Female,CR00055,Web Development,Paid,2025-03-01,57.32
TT01534,U02564,19,Female,CR00060,Digital Marketing,Free,2025-04-20,0.0
TT01535,U02564,19,Female,CR00003,Programming,Free,2025-10-16,0.0
TT01536,U02564,19,Female,CR00027,Machine Learning,Free,2025-06-29,0.0
TT01537,U02566,30,Female,CR00033,Cybersecurity,Free,2025-04-18,0.0
TT01538,U02566,30,Female,CR00014,Business,Free,2025-10-22,0.0
TT01539,U02566,30,Female,CR00002,Programming,Free,2025-07-20,0.0
TT01540,U02582,23,Male,CR00003,Programming,Free,2025-07-29,0.0
TT01541,U02582,23,Male,CR00048,Artificial Intelligence,Free,2025-12-24,0.0
TT01542,U02582,23,Male,CR00035,Cybersecurity,Free,2025-02-22,0.0
TT01543,U02582,23,Male,CR00037,Project Management,Free,2025-01-18,0.0
TT01544,U02582,23,Male,CR00042,Finance,Free,2025-04-10,0.0
TT01545,U02583,33,Male,CR00032,Cybersecurity,Free,2025-12-24,0.0
TT01546,U02583,33,Male,CR00038,Project Management,Paid,2025-05-06,342.61
TT01547,U02583,33,Male,CR00060,Digital Marketing,Free,2025-03-25,0.0
TT01548,U02593,16,Male,CR00006,Design,Paid,2025-02-12,276.37
TT01549,U02593,16,Male,CR00008,Design,Free,2025-02-09,0.0
TT01550,U02593,16,Male,CR00012,Business,Paid,2025-06-17,487.92
TT01551,U02593,16,Male,CR00003,Programming,Free,2025-07-15,0.0
TT01552,U02593,16,Male,CR00057,Digital Marketing,Paid,2025-06-19,177.34
TT01553,U02602,33,Male,CR00042,Finance,Free,2025-05-29,0.0
TT01554,U02602,33,Male,CR00047,Artificial Intelligence,Paid,2025-02-26,89.59
TT01555,U02602,33,Male,CR00032,Cybersecurity,Free,2025-06-11,0.0
TT01556,U02602,33,Male,CR00010,Design,Free,2025-10-16,0.0
TT01557,U02602,33,Male,CR00034,Cybersecurity,Paid,2025-11-08,394.26
TT01558,U02605,22,Male,CR00019,Marketing,Free,2025-06-15,0.0
TT01559,U02605,22,Male,CR00057,Digital Marketing,Paid,2025-11-17,177.34
TT01560,U02605,22,Male,CR00047,Artificial Intelligence,Paid,2025-09-12,89.59
TT01561,U02612,22,Male,CR00044,Finance,Paid,2025-07-13,119.04
TT01562,U02612,22,Male,CR00059,Digital Marketing,Free,2025-03-12,0.0
TT01563,U02612,22,Male,CR00045,Finance,Free,2025-11-10,0.0
TT01564,U02612,22,Male,CR00005,Programming,Free,2025-08-11,0.0
TT01565,U02614,30,Female,CR00009,Design,Free,2025-06-07,0.0
TT01566,U02614,30,Female,CR00017,Marketing,Free,2025-08-12,0.0
TT01567,U02614,30,Female,CR00005,Programming,Free,2025-02-14,0.0
TT01568,U02616,19,Female,CR00008,Design,Free,2025-11-07,0.0
TT01569,U02616,19,Female,CR00007,Design,Free,2025-12-14,0.0
TT01570,U02616,19,Female,CR00006,Design,Paid,2025-03-28,276.37
TT01571,U02623,32,Female,CR00032,Cybersecurity,Free,2025-03-14,0.0
TT01572,U02623,32,Female,CR00057,Digital Marketing,Paid,2025-04-14,177.34
TT01573,U02623,32,Female,CR00055,Web Development,Paid,2025-08-10,57.32
TT01574,U02623,32,Female,CR00016,Marketing,Free,2025-08-27,0.0
TT01575,U02623,32,Female,CR00018,Marketing,Free,2025-06-02,0.0
TT01576,U02630,20,Male,CR00029,Machine Learning,Free,2025-01-09,0.0
TT01577,U02630,20,Male,CR00014,Business,Free,2025-05-19,0.0
TT01578,U02630,20,Male,CR00048,Artificial Intelligence,Free,2025-09-08,0.0
TT01579,U02630,20,Male,CR00006,Design,Paid,2025-07-30,276.37
TT01580,U02633,19,Female,CR00010,Design,Free,2025-10-02,0.0
TT01581,U02633,19,Female,CR00045,Finance,Free,2025-03-03,0.0
TT01582,U02633,19,Female,CR00057,Digital Marketing,Paid,2025-09-01,177.34
TT01583,U02633,19,Female,CR00047,Artificial Intelligence,Paid,2025-03-18,89.59
TT01584,U02633,19,Female,CR00023,Data Science,Free,2025-07-09,0.0
TT01585,U02643,17,Female,CR00041,Finance,Paid,2025-07-12,53.86
TT01586,U02643,17,Female,CR00002,Programming,Free,2025-11-24,0.0
TT01587,U02643,17,Female,CR00048,Artificial Intelligence,Free,2025-09-05,0.0
TT01588,U02643,17,Female,CR00051,Web Development,Paid,2025-03-28,37.89
TT01589,U02643,17,Female,CR00042,Finance,Free,2025-09-27,0.0
TT01590,U02645,26,Female,CR00003,Programming,Free,2025-10-03,0.0
TT01591,U02645,26,Female,CR00041,Finance,Paid,2025-05-12,53.86
TT01592,U02645,26,Female,CR00059,Digital Marketing,Free,2025-01-07,0.0
TT01593,U02651,16,Female,CR00053,Web Development,Free,2025-01-07,0.0
TT01594,U02651,16,Female,CR00037,Project Management,Free,2025-01-17,0.0
TT01595,U02651,16,Female,CR00056,Digital Marketing,Paid,2025-11-28,212.39
TT01596,U02651,16,Female,CR00057,Digital Marketing,Paid,2025-07-23,177.34
TT01597,U02651,16,Female,CR00035,Cybersecurity,Free,2025-01-19,0.0
TT01598,U02663,27,Female,CR00058,Digital Marketing,Free,2025-02-16,0.0
TT01599,U02663,27,Female,CR00010,Design,Free,2025-05-07,0.0
TT01600,U02663,27,Female,CR00030,Machine Learning,Free,2025-05-27,0.0
TT01601,U02663,27,Female,CR00004,Programming,Free,2025-02-17,0.0
TT01602,U02672,32,Male,CR00051,Web Development,Paid,2025-09-16,37.89
TT01603,U02672,32,Male,CR00059,Digital Marketing,Free,2025-01-16,0.0
TT01604,U02672,32,Male,CR00010,Design,Free,2025-05-20,0.0
TT01605,U02672,32,Male,CR00060,Digital Marketing,Free,2025-02-09,0.0
TT01606,U02672,32,Male,CR00015,Business,Paid,2025-01-19,285.05
TT01607,U02679,18,Male,CR00011,Business,Paid,2025-07-26,326.02
TT01608,U02679,18,Male,CR00014,Business,Free,2025-06-08,0.0
TT01609,U02679,18,Male,CR00004,Programming,Free,2025-06-12,0.0
TT01610,U02683,28,Male,CR00045,Finance,Free,2025-03-17,0.0
TT01611,U02683,28,Male,CR00012,Business,Paid,2025-11-18,487.92
TT01612,U02683,28,Male,CR00008,Design,Free,2025-12-01,0.0
TT01613,U02683,28,Male,CR00047,Artificial Intelligence,Paid,2025-05-14,89.59
TT01614,U02683,28,Male,CR00044,Finance,Paid,2025-04-24,119.04
TT01615,U02684,28,Male,CR00027,Machine Learning,Free,2025-08-14,0.0
TT01616,U02684,28,Male,CR00007,Design,Free,2025-06-02,0.0
TT01617,U02684,28,Male,CR00023,Data Science,Free,2025-07-25,0.0
TT01618,U02684,28,Male,CR00057,Digital Marketing,Paid,2025-01-05,177.34
TT01619,U02698,18,Female,CR00050,Artificial Intelligence,Paid,2025-01-05,490.9
TT01620,U02698,18,Female,CR00039,Project Management,Paid,2025-02-16,346.71
TT01621,U02698,18,Female,CR00010,Design,Free,2025-11-03,0.0
TT01622,U02709,19,Female,CR00034,Cybersecurity,Paid,2025-09-07,394.26
TT01623,U02709,19,Female,CR00015,Business,Paid,2025-06-03,285.05
TT01624,U02709,19,Female,CR00028,Machine Learning,Paid,2025-05-14,0.78
TT01625,U02709,19,Female,CR00023,Data Science,Free,2025-03-20,0.0
TT01626,U02733,31,Male,CR00017,Marketing,Free,2025-04-01,0.0
TT01627,U02733,31,Male,CR00015,Business,Paid,2025-12-19,285.05
TT01628,U02733,31,Male,CR00011,Business,Paid,2025-10-25,326.02
TT01629,U02733,31,Male,CR00008,Design,Free,2025-07-11,0.0
TT01630,U02743,33,Male,CR00016,Marketing,Free,2025-09-18,0.0
TT01631,U02743,33,Male,CR00042,Finance,Free,2025-09-08,0.0
TT01632,U02743,33,Male,CR00037,Project Management,Free,2025-05-15,0.0
TT01633,U02743,33,Male,CR00040,Project Management,Paid,2025-04-23,327.99
TT01634,U02754,34,Male,CR00018,Marketing,Free,2025-05-29,0.0
TT01635,U02754,34,Male,CR00015,Business,Paid,2025-05-05,285.05
TT01636,U02754,34,Male,CR00041,Finance,Paid,2025-11-15,53.86
TT01637,U02767,31,Male,CR00042,Finance,Free,2025-02-04,0.0
TT01638,U02767,31,Male,CR00039,Project Management,Paid,2025-01-05,346.71
TT01639,U02767,31,Male,CR00053,Web Development,Free,2025-09-25,0.0
TT01640,U02767,31,Male,CR00040,Project Management,Paid,2025-03-01,327.99
TT01641,U02767,31,Male,CR00012,Business,Paid,2025-01-09,487.92
TT01642,U02770,31,Male,CR00047,Artificial Intelligence,Paid,2025-08-27,89.59
TT01643,U02770,31,Male,CR00021,Data Science,Free,2025-10-25,0.0
TT01644,U02770,31,Male,CR00060,Digital Marketing,Free,2025-10-26,0.0
TT01645,U02770,31,Male,CR00054,Web Development,Free,2025-09-06,0.0
TT01646,U02775,24,Female,CR00001,Programming,Paid,2025-09-12,472.28
TT01647,U02775,24,Female,CR00010,Design,Free,2025-09-04,0.0
TT01648,U02775,24,Female,CR00027,Machine Learning,Free,2025-02-26,0.0
TT01649,U02786,25,Male,CR00053,Web Development,Free,2025-08-08,0.0
TT01650,U02786,25,Male,CR00054,Web Development,Free,2025-11-11,0.0
TT01651,U02786,25,Male,CR00030,Machine Learning,Free,2025-07-30,0.0
TT01652,U02786,25,Male,CR00020,Marketing,Free,2025-06-13,0.0
TT01653,U02788,20,Female,CR00026,Machine Learning,Free,2025-04-18,0.0
TT01654,U02788,20,Female,CR00055,Web Development,Paid,2025-01-25,57.32
TT01655,U02788,20,Female,CR00031,Cybersecurity,Free,2025-09-13,0.0
TT01656,U02791,27,Male,CR00009,Design,Free,2025-06-08,0.0
TT01657,U02791,27,Male,CR00055,Web Development,Paid,2025-09-27,57.32
TT01658,U02791,27,Male,CR00049,Artificial Intelligence,Paid,2025-06-21,415.51
TT01659,U02791,27,Male,CR00036,Project Management,Free,2025-01-07,0.0
TT01660,U02792,27,Female,CR00020,Marketing,Free,2025-08-16,0.0
TT01661,U02792,27,Female,CR00021,Data Science,Free,2025-09-15,0.0
TT01662,U02792,27,Female,CR00008,Design,Free,2025-05-12,0.0
TT01663,U02792,27,Female,CR00029,Machine Learning,Free,2025-10-14,0.0
TT01664,U02792,27,Female,CR00052,Web Development,Free,2025-03-19,0.0
TT01665,U02793,22,Female,CR00015,Business,Paid,2025-11-09,285.05
TT01666,U02793,22,Female,CR00039,Project Management,Paid,2025-08-18,346.71
TT01667,U02793,22,Female,CR00026,Machine Learning,Free,2025-04-27,0.0
TT01668,U02793,22,Female,CR00006,Design,Paid,2025-12-10,276.37
TT01669,U02821,27,Male,CR00011,Business,Paid,2025-01-28,326.02
TT01670,U02821,27,Male,CR00017,Marketing,Free,2025-11-20,0.0
TT01671,U02821,27,Male,CR00020,Marketing,Free,2025-07-14,0.0
TT01672,U02821,27,Male,CR00040,Project Management,Paid,2025-12-08,327.99
TT01673,U02825,34,Male,CR00015,Business,Paid,2025-09-20,285.05
TT01674,U02825,34,Male,CR00040,Project Management,Paid,2025-09-07,327.99
TT01675,U02825,34,Male,CR00011,Business,Paid,2025-05-13,326.02
TT01676,U02832,31,Male,CR00030,Machine Learning,Free,2025-07-13,0.0
TT01677,U02832,31,Male,CR00042,Finance,Free,2025-02-11,0.0
TT01678,U02832,31,Male,CR00022,Data Science,Free,2025-03-26,0.0
TT01679,U02843,26,Male,CR00034,Cybersecurity,Paid,2025-04-23,394.26
TT01680,U02843,26,Male,CR00046,Artificial Intelligence,Paid,2025-01-13,248.1
TT01681,U02843,26,Male,CR00024,Data Science,Paid,2025-09-03,117.68
TT01682,U02844,21,Female,CR00035,Cybersecurity,Free,2025-08-03,0.0
TT01683,U02844,21,Female,CR00046,Artificial Intelligence,Paid,2025-10-17,248.1
TT01684,U02844,21,Female,CR00047,Artificial Intelligence,Paid,2025-05-15,89.59
TT01685,U02844,21,Female,CR00016,Marketing,Free,2025-03-24,0.0
TT01686,U02850,25,Female,CR00026,Machine Learning,Free,2025-10-30,0.0
TT01687,U02850,25,Female,CR00031,Cybersecurity,Free,2025-10-09,0.0
TT01688,U02850,25,Female,CR00057,Digital Marketing,Paid,2025-08-03,177.34
TT01689,U02857,35,Male,CR00028,Machine Learning,Paid,2025-06-01,0.78
TT01690,U02857,35,Male,CR00011,Business,Paid,2025-09-24,326.02
TT01691,U02857,35,Male,CR00039,Project Management,Paid,2025-07-02,346.71
TT01692,U02874,32,Male,CR00019,Marketing,Free,2025-05-25,0.0
TT01693,U02874,32,Male,CR00050,Artificial Intelligence,Paid,2025-06-25,490.9
TT01694,U02874,32,Male,CR00005,Programming,Free,2025-07-10,0.0
TT01695,U02874,32,Male,CR00052,Web Development,Free,2025-03-02,0.0
TT01696,U02883,16,Female,CR00011,Business,Paid,2025-05-11,326.02
TT01697,U02883,16,Female,CR00012,Business,Paid,2025-04-23,487.92
TT01698,U02883,16,Female,CR00033,Cybersecurity,Free,2025-03-24,0.0
TT01699,U02899,28,Female,CR00040,Project Management,Paid,2025-03-17,327.99
TT01700,U02899,28,Female,CR00020,Marketing,Free,2025-12-05,0.0
TT01701,U02899,28,Female,CR00008,Design,Free,2025-10-24,0.0
TT01702,U02909,19,Female,CR00021,Data Science,Free,2025-02-06,0.0
TT01703,U02909,19,Female,CR00046,Artificial Intelligence,Paid,2025-05-16,248.1
TT01704,U02909,19,Female,CR00059,Digital Marketing,Free,2025-02-22,0.0
TT01705,U02915,33,Female,CR00017,Marketing,Free,2025-07-22,0.0
TT01706,U02915,33,Female,CR00036,Project Management,Free,2025-05-14,0.0
TT01707,U02915,33,Female,CR00002,Programming,Free,2025-05-28,0.0
TT01708,U02916,20,Male,CR00054,Web Development,Free,2025-06-15,0.0
TT01709,U02916,20,Male,CR00011,Business,Paid,2025-07-27,326.02
TT01710,U02916,20,Male,CR00005,Programming,Free,2025-02-21,0.0
TT01711,U02916,20,Male,CR00016,Marketing,Free,2025-10-03,0.0
TT01712,U02927,20,Male,CR00008,Design,Free,2025-09-24,0.0
TT01713,U02927,20,Male,CR00039,Project Management,Paid,2025-11-30,346.71
TT01714,U02927,20,Male,CR00059,Digital Marketing,Free,2025-01-08,0.0
TT01715,U02927,20,Male,CR00041,Finance,Paid,2025-01-09,53.86
TT01716,U02931,28,Female,CR00004,Programming,Free,2025-09-30,0.0
TT01717,U02931,28,Female,CR00010,Design,Free,2025-11-19,0.0
TT01718,U02931,28,Female,CR00051,Web Development,Paid,2025-05-05,37.89
TT01719,U02931,28,Female,CR00033,Cybersecurity,Free,2025-11-04,0.0
TT01720,U02931,28,Female,CR00030,Machine Learning,Free,2025-11-13,0.0
TT01721,U02937,23,Male,CR00040,Project Management,Paid,2025-08-20,327.99
TT01722,U02937,23,Male,CR00037,Project Management,Free,2025-06-14,0.0
TT01723,U02937,23,Male,CR00045,Finance,Free,2025-06-26,0.0
TT01724,U02937,23,Male,CR00013,Business,Free,2025-03-23,0.0
TT01725,U02941,22,Male,CR00054,Web Development,Free,2025-09-18,0.0
TT01726,U02941,22,Male,CR00052,Web Development,Free,2025-05-08,0.0
TT01727,U02941,22,Male,CR00033,Cybersecurity,Free,2025-07-23,0.0
TT01728,U02945,23,Female,CR00002,Programming,Free,2025-06-18,0.0
TT01729,U02945,23,Female,CR00050,Artificial Intelligence,Paid,2025-06-12,490.9
TT01730,U02945,23,Female,CR00037,Project Management,Free,2025-04-22,0.0
TT01731,U02945,23,Female,CR00058,Digital Marketing,Free,2025-11-05,0.0
TT01732,U02947,18,Female,CR00018,Marketing,Free,2025-10-13,0.0
TT01733,U02947,18,Female,CR00050,Artificial Intelligence,Paid,2025-02-04,490.9
TT01734,U02947,18,Female,CR00022,Data Science,Free,2025-01-02,0.0
TT01735,U02958,33,Male,CR00006,Design,Paid,2025-01-24,276.37
TT01736,U02958,33,Male,CR00011,Business,Paid,2025-03-12,326.02
TT01737,U02958,33,Male,CR00009,Design,Free,2025-08-22,0.0
TT01738,U02969,18,Female,CR00023,Data Science,Free,2025-06-23,0.0
TT01739,U02969,18,Female,CR00060,Digital Marketing,Free,2025-02-25,0.0
TT01740,U02969,18,Female,CR00029,Machine Learning,Free,2025-07-10,0.0
TT01741,U02969,18,Female,CR00035,Cybersecurity,Free,2025-09-04,0.0
TT01742,U02969,18,Female,CR00018,Marketing,Free,2025-02-09,0.0
TT01743,U02971,20,Female,CR00013,Business,Free,2025-11-05,0.0
TT01744,U02971,20,Female,CR00045,Finance,Free,2025-06-15,0.0
TT01745,U02971,20,Female,CR00048,Artificial Intelligence,Free,2025-12-05,0.0
TT01746,U02974,31,Female,CR00016,Marketing,Free,2025-05-19,0.0
TT01747,U02974,31,Female,CR00035,Cybersecurity,Free,2025-01-11,0.0
TT01748,U02974,31,Female,CR00018,Marketing,Free,2025-03-27,0.0
TT01749,U02976,28,Female,CR00037,Project Management,Free,2025-05-18,0.0
TT01750,U02976,28,Female,CR00030,Machine Learning,Free,2025-11-22,0.0
TT01751,U02976,28,Female,CR00033,Cybersecurity,Free,2025-02-07,0.0
TT01752,U02976,28,Female,CR00001,Programming,Paid,2025-01-13,472.28
TT01753,U02976,28,Female,CR00040,Project Management,Paid,2025-12-01,327.99
TT01754,U02980,27,Male,CR00007,Design,Free,2025-09-14,0.0
TT01755,U02980,27,Male,CR00026,Machine Learning,Free,2025-05-03,0.0
TT01756,U02980,27,Male,CR00043,Finance,Free,2025-05-03,0.0
TT01757,U02981,23,Male,CR00023,Data Science,Free,2025-12-25,0.0
TT01758,U02981,23,Male,CR00015,Business,Paid,2025-02-28,285.05
TT01759,U02981,23,Male,CR00054,Web Development,Free,2025-09-16,0.0
TT01760,U02984,35,Female,CR00040,Project Management,Paid,2025-03-12,327.99
TT01761,U02984,35,Female,CR00036,Project Management,Free,2025-12-03,0.0
TT01762,U02984,35,Female,CR00021,Data Science,Free,2025-10-15,0.0
TT01763,U02989,22,Male,CR00038,Project Management,Paid,2025-11-20,342.61
TT01764,U02989,22,Male,CR00031,Cybersecurity,Free,2025-12-08,0.0
TT01765,U02989,22,Male,CR00058,Digital Marketing,Free,2025-10-20,0.0
TT01766,U02992,24,Female,CR00040,Project Management,Paid,2025-10-17,327.99
TT01767,U02992,24,Female,CR00012,Business,Paid,2025-07-05,487.92
TT01768,U02992,24,Female,CR00023,Data Science,Free,2025-06-20,0.0
TT01769,U02992,24,Female,CR00005,Programming,Free,2025-10-30,0.0
TT01770,U02994,31,Female,CR00014,Business,Free,2025-08-06,0.0
TT01771,U02994,31,Female,CR00046,Artificial Intelligence,Paid,2025-02-11,248.1
TT01772,U02994,31,Female,CR00004,Programming,Free,2025-06-09,0.0
TT01773,U02994,31,Female,CR00015,Business,Paid,2025-01-22,285.05
TT01774,U02994,31,Female,CR00029,Machine Learning,Free,2025-03-12,0.0
TT01775,U00005,21,Male,CR00004,Programming,Free,2025-12-03,0.0
TT01776,U00005,21,Male,CR00039,Project Management,Paid,2025-09-11,346.71
TT01777,U00011,15,Female,CR00053,Web Development,Free,2025-03-28,0.0
TT01778,U00011,15,Female,CR00025,Data Science,Paid,2025-09-24,299.57
TT01779,U00014,30,Male,CR00027,Machine Learning,Free,2025-04-11,0.0
TT01780,U00019,24,Female,CR00009,Design,Free,2025-11-10,0.0
TT01781,U00021,15,Male,CR00057,Digital Marketing,Paid,2025-04-08,177.34
TT01782,U00021,15,Male,CR00032,Cybersecurity,Free,2025-05-08,0.0
TT01783,U00024,18,Female,CR00033,Cybersecurity,Free,2025-09-27,0.0
TT01784,U00027,31,Male,CR00037,Project Management,Free,2025-07-25,0.0
TT01785,U00027,31,Male,CR00032,Cybersecurity,Free,2025-10-08,0.0
TT01786,U00029,30,Male,CR00011,Business,Paid,2025-07-09,326.02
TT01787,U00034,32,Female,CR00043,Finance,Free,2025-07-02,0.0
TT01788,U00034,32,Female,CR00046,Artificial Intelligence,Paid,2025-04-20,248.1
TT01789,U00037,31,Female,CR00032,Cybersecurity,Free,2025-02-28,0.0
TT01790,U00037,31,Female,CR00045,Finance,Free,2025-11-12,0.0
TT01791,U00041,19,Female,CR00058,Digital Marketing,Free,2025-06-10,0.0
TT01792,U00041,19,Female,CR00011,Business,Paid,2025-05-28,326.02
TT01793,U00042,32,Male,CR00047,Artificial Intelligence,Paid,2025-10-27,89.59
TT01794,U00043,31,Male,CR00040,Project Management,Paid,2025-08-29,327.99
TT01795,U00057,18,Male,CR00012,Business,Paid,2025-06-10,487.92
TT01796,U00063,34,Female,CR00004,Programming,Free,2025-01-22,0.0
TT01797,U00063,34,Female,CR00025,Data Science,Paid,2025-02-03,299.57
TT01798,U00066,26,Female,CR00040,Project Management,Paid,2025-04-12,327.99
TT01799,U00068,32,Male,CR00037,Project Management,Free,2025-03-29,0.0
TT01800,U00073,16,Male,CR00028,Machine Learning,Paid,2025-06-23,0.78
TT01801,U00075,22,Male,CR00010,Design,Free,2025-11-12,0.0
TT01802,U00078,32,Female,CR00020,Marketing,Free,2025-04-09,0.0
TT01803,U00091,35,Male,CR00043,Finance,Free,2025-10-30,0.0
TT01804,U00094,27,Male,CR00025,Data Science,Paid,2025-02-11,299.57
TT01805,U00097,25,Male,CR00027,Machine Learning,Free,2025-07-10,0.0
TT01806,U00097,25,Male,CR00032,Cybersecurity,Free,2025-07-07,0.0
TT01807,U00102,32,Male,CR00025,Data Science,Paid,2025-10-01,299.57
TT01808,U00104,19,Male,CR00041,Finance,Paid,2025-10-29,53.86
TT01809,U00106,19,Male,CR00060,Digital Marketing,Free,2025-10-22,0.0
TT01810,U00106,19,Male,CR00055,Web Development,Paid,2025-12-01,57.32
TT01811,U00110,26,Female,CR00012,Business,Paid,2025-12-05,487.92
TT01812,U00114,22,Female,CR00032,Cybersecurity,Free,2025-02-22,0.0
TT01813,U00118,28,Female,CR00013,Business,Free,2025-03-12,0.0
TT01814,U00120,15,Male,CR00054,Web Development,Free,2025-04-09,0.0
TT01815,U00120,15,Male,CR00049,Artificial Intelligence,Paid,2025-03-06,415.51
TT01816,U00121,27,Female,CR00040,Project Management,Paid,2025-11-22,327.99
TT01817,U00121,27,Female,CR00028,Machine Learning,Paid,2025-06-08,0.78
TT01818,U00123,18,Female,CR00025,Data Science,Paid,2025-05-02,299.57
TT01819,U00123,18,Female,CR00055,Web Development,Paid,2025-10-21,57.32
TT01820,U00124,19,Female,CR00056,Digital Marketing,Paid,2025-09-07,212.39
TT01821,U00124,19,Female,CR00046,Artificial Intelligence,Paid,2025-02-28,248.1
TT01822,U00129,19,Male,CR00049,Artificial Intelligence,Paid,2025-01-23,415.51
TT01823,U00129,19,Male,CR00059,Digital Marketing,Free,2025-03-19,0.0
TT01824,U00136,25,Female,CR00014,Business,Free,2025-03-23,0.0
TT01825,U00138,26,Male,CR00029,Machine Learning,Free,2025-01-21,0.0
TT01826,U00138,26,Male,CR00007,Design,Free,2025-08-11,0.0
TT01827,U00140,24,Female,CR00059,Digital Marketing,Free,2025-02-19,0.0
TT01828,U00140,24,Female,CR00041,Finance,Paid,2025-03-26,53.86
TT01829,U00145,23,Female,CR00035,Cybersecurity,Free,2025-02-26,0.0
TT01830,U00155,27,Male,CR00042,Finance,Free,2025-01-19,0.0
TT01831,U00155,27,Male,CR00054,Web Development,Free,2025-05-19,0.0
TT01832,U00157,32,Female,CR00056,Digital Marketing,Paid,2025-12-18,212.39
TT01833,U00157,32,Female,CR00031,Cybersecurity,Free,2025-05-07,0.0
TT01834,U00159,16,Male,CR00041,Finance,Paid,2025-04-16,53.86
TT01835,U00159,16,Male,CR00030,Machine Learning,Free,2025-03-09,0.0
TT01836,U00164,32,Male,CR00027,Machine Learning,Free,2025-05-15,0.0
TT01837,U00164,32,Male,CR00026,Machine Learning,Free,2025-09-11,0.0
TT01838,U00168,24,Female,CR00011,Business,Paid,2025-09-20,326.02
TT01839,U00171,24,Male,CR00036,Project Management,Free,2025-09-29,0.0
TT01840,U00171,24,Male,CR00037,Project Management,Free,2025-06-24,0.0
TT01841,U00175,32,Female,CR00005,Programming,Free,2025-10-07,0.0
TT01842,U00175,32,Female,CR00050,Artificial Intelligence,Paid,2025-01-01,490.9
TT01843,U00179,34,Male,CR00012,Business,Paid,2025-11-18,487.92
TT01844,U00179,34,Male,CR00030,Machine Learning,Free,2025-08-27,0.0
TT01845,U00180,26,Female,CR00026,Machine Learning,Free,2025-09-26,0.0
TT01846,U00196,23,Female,CR00034,Cybersecurity,Paid,2025-07-04,394.26
TT01847,U00203,25,Female,CR00054,Web Development,Free,2025-01-10,0.0
TT01848,U00203,25,Female,CR00011,Business,Paid,2025-07-22,326.02
TT01849,U00205,32,Male,CR00038,Project Management,Paid,2025-06-12,342.61
TT01850,U00206,19,Female,CR00047,Artificial Intelligence,Paid,2025-05-06,89.59
TT01851,U00207,33,Male,CR00057,Digital Marketing,Paid,2025-11-11,177.34
TT01852,U00207,33,Male,CR00005,Programming,Free,2025-07-17,0.0
TT01853,U00210,30,Male,CR00051,Web Development,Paid,2025-02-20,37.89
TT01854,U00210,30,Male,CR00030,Machine Learning,Free,2025-03-29,0.0
TT01855,U00212,30,Female,CR00036,Project Management,Free,2025-07-04,0.0
TT01856,U00212,30,Female,CR00003,Programming,Free,2025-04-24,0.0
TT01857,U00217,28,Male,CR00051,Web Development,Paid,2025-05-02,37.89
TT01858,U00227,23,Male,CR00042,Finance,Free,2025-03-04,0.0
TT01859,U00227,23,Male,CR00009,Design,Free,2025-06-04,0.0
TT01860,U00229,22,Male,CR00022,Data Science,Free,2025-05-22,0.0
TT01861,U00229,22,Male,CR00027,Machine Learning,Free,2025-01-18,0.0
TT01862,U00230,17,Female,CR00058,Digital Marketing,Free,2025-11-28,0.0
TT01863,U00230,17,Female,CR00044,Finance,Paid,2025-11-01,119.04
TT01864,U00231,16,Male,CR00056,Digital Marketing,Paid,2025-06-27,212.39
TT01865,U00231,16,Male,CR00028,Machine Learning,Paid,2025-03-30,0.78
TT01866,U00237,20,Male,CR00014,Business,Free,2025-11-27,0.0
TT01867,U00239,32,Female,CR00058,Digital Marketing,Free,2025-05-01,0.0
TT01868,U00242,27,Male,CR00057,Digital Marketing,Paid,2025-01-18,177.34
TT01869,U00242,27,Male,CR00047,Artificial Intelligence,Paid,2025-03-27,89.59
TT01870,U00245,31,Female,CR00043,Finance,Free,2025-07-20,0.0
TT01871,U00254,19,Female,CR00035,Cybersecurity,Free,2025-08-02,0.0
TT01872,U00255,26,Female,CR00034,Cybersecurity,Paid,2025-07-12,394.26
TT01873,U00268,29,Female,CR00021,Data Science,Free,2025-05-22,0.0
TT01874,U00274,32,Female,CR00014,Business,Free,2025-09-02,0.0
TT01875,U00274,32,Female,CR00057,Digital Marketing,Paid,2025-04-07,177.34
TT01876,U00280,15,Male,CR00025,Data Science,Paid,2025-04-11,299.57
TT01877,U00296,31,Female,CR00057,Digital Marketing,Paid,2025-01-08,177.34
TT01878,U00296,31,Female,CR00037,Project Management,Free,2025-05-17,0.0
TT01879,U00297,29,Male,CR00060,Digital Marketing,Free,2025-06-26,0.0
TT01880,U00300,26,Female,CR00012,Business,Paid,2025-12-20,487.92
TT01881,U00300,26,Female,CR00052,Web Development,Free,2025-12-03,0.0
TT01882,U00311,18,Female,CR00014,Business,Free,2025-07-05,0.0
TT01883,U00312,30,Female,CR00037,Project Management,Free,2025-06-30,0.0
TT01884,U00350,17,Male,CR00047,Artificial Intelligence,Paid,2025-10-13,89.59
TT01885,U00350,17,Male,CR00035,Cybersecurity,Free,2025-04-22,0.0
TT01886,U00367,21,Male,CR00053,Web Development,Free,2025-07-03,0.0
TT01887,U00371,17,Female,CR00023,Data Science,Free,2025-08-22,0.0
TT01888,U00375,34,Female,CR00011,Business,Paid,2025-10-25,326.02
TT01889,U00384,32,Female,CR00018,Marketing,Free,2025-10-26,0.0
TT01890,U00384,32,Female,CR00025,Data Science,Paid,2025-05-08,299.57
TT01891,U00388,18,Male,CR00038,Project Management,Paid,2025-01-07,342.61
TT01892,U00392,19,Female,CR00040,Project Management,Paid,2025-09-09,327.99
TT01893,U00400,23,Male,CR00027,Machine Learning,Free,2025-04-09,0.0
TT01894,U00400,23,Male,CR00003,Programming,Free,2025-05-20,0.0
TT01895,U00401,21,Female,CR00023,Data Science,Free,2025-12-08,0.0
TT01896,U00401,21,Female,CR00004,Programming,Free,2025-02-02,0.0
TT01897,U00403,34,Female,CR00042,Finance,Free,2025-05-08,0.0
TT01898,U00405,24,Male,CR00038,Project Management,Paid,2025-12-04,342.61
TT01899,U00405,24,Male,CR00039,Project Management,Paid,2025-05-28,346.71
TT01900,U00409,35,Male,CR00020,Marketing,Free,2025-02-23,0.0
TT01901,U00409,35,Male,CR00045,Finance,Free,2025-01-13,0.0
TT01902,U00416,17,Female,CR00022,Data Science,Free,2025-01-11,0.0
TT01903,U00416,17,Female,CR00052,Web Development,Free,2025-01-27,0.0
TT01904,U00417,32,Female,CR00048,Artificial Intelligence,Free,2025-09-26,0.0
TT01905,U00417,32,Female,CR00052,Web Development,Free,2025-04-13,0.0
TT01906,U00436,20,Female,CR00050,Artificial Intelligence,Paid,2025-04-21,490.9
TT01907,U00443,21,Female,CR00050,Artificial Intelligence,Paid,2025-12-15,490.9
TT01908,U00443,21,Female,CR00012,Business,Paid,2025-11-10,487.92
TT01909,U00460,24,Female,CR00022,Data Science,Free,2025-12-16,0.0
TT01910,U00460,24,Female,CR00049,Artificial Intelligence,Paid,2025-02-26,415.51
TT01911,U00466,32,Female,CR00056,Digital Marketing,Paid,2025-12-09,212.39
TT01912,U00466,32,Female,CR00016,Marketing,Free,2025-08-25,0.0
TT01913,U00469,20,Female,CR00029,Machine Learning,Free,2025-10-27,0.0
TT01914,U00469,20,Female,CR00053,Web Development,Free,2025-08-24,0.0
TT01915,U00474,31,Male,CR00055,Web Development,Paid,2025-10-07,57.32
TT01916,U00476,29,Female,CR00006,Design,Paid,2025-04-21,276.37
TT01917,U00476,29,Female,CR00045,Finance,Free,2025-10-25,0.0
TT01918,U00478,30,Male,CR00030,Machine Learning,Free,2025-06-18,0.0
TT01919,U00478,30,Male,CR00055,Web Development,Paid,2025-08-14,57.32
TT01920,U00484,16,Male,CR00023,Data Science,Free,2025-04-28,0.0
TT01921,U00484,16,Male,CR00002,Programming,Free,2025-06-21,0.0
TT01922,U00485,29,Female,CR00036,Project Management,Free,2025-10-05,0.0
TT01923,U00496,29,Female,CR00032,Cybersecurity,Free,2025-12-18,0.0
TT01924,U00504,16,Male,CR00054,Web Development,Free,2025-07-24,0.0
TT01925,U00504,16,Male,CR00033,Cybersecurity,Free,2025-03-04,0.0
TT01926,U00506,33,Female,CR00021,Data Science,Free,2025-02-25,0.0
TT01927,U00507,15,Male,CR00057,Digital Marketing,Paid,2025-04-28,177.34
TT01928,U00507,15,Male,CR00023,Data Science,Free,2025-07-06,0.0
TT01929,U00512,22,Male,CR00011,Business,Paid,2025-10-03,326.02
TT01930,U00512,22,Male,CR00045,Finance,Free,2025-07-15,0.0
TT01931,U00521,26,Female,CR00027,Machine Learning,Free,2025-05-01,0.0
TT01932,U00524,24,Male,CR00044,Finance,Paid,2025-06-25,119.04
TT01933,U00524,24,Male,CR00043,Finance,Free,2025-12-03,0.0
TT01934,U00531,24,Male,CR00034,Cybersecurity,Paid,2025-04-04,394.26
TT01935,U00531,24,Male,CR00058,Digital Marketing,Free,2025-10-08,0.0
TT01936,U00533,29,Male,CR00007,Design,Free,2025-06-26,0.0
TT01937,U00533,29,Male,CR00016,Marketing,Free,2025-10-25,0.0
TT01938,U00550,17,Male,CR00007,Design,Free,2025-04-08,0.0
TT01939,U00550,17,Male,CR00053,Web Development,Free,2025-03-05,0.0
TT01940,U00552,30,Female,CR00004,Programming,Free,2025-12-10,0.0
TT01941,U00552,30,Female,CR00029,Machine Learning,Free,2025-04-13,0.0
TT01942,U00555,17,Female,CR00049,Artificial Intelligence,Paid,2025-12-30,415.51
TT01943,U00557,31,Male,CR00017,Marketing,Free,2025-02-22,0.0
TT01944,U00557,31,Male,CR00028,Machine Learning,Paid,2025-04-20,0.78
TT01945,U00558,32,Male,CR00043,Finance,Free,2025-09-24,0.0
TT01946,U00560,32,Male,CR00025,Data Science,Paid,2025-01-29,299.57
TT01947,U00560,32,Male,CR00050,Artificial Intelligence,Paid,2025-02-06,490.9
TT01948,U00563,31,Female,CR00058,Digital Marketing,Free,2025-08-10,0.0
TT01949,U00563,31,Female,CR00013,Business,Free,2025-05-04,0.0
TT01950,U00565,28,Male,CR00060,Digital Marketing,Free,2025-08-07,0.0
TT01951,U00565,28,Male,CR00046,Artificial Intelligence,Paid,2025-01-18,248.1
TT01952,U00567,20,Male,CR00015,Business,Paid,2025-03-20,285.05
TT01953,U00581,32,Female,CR00047,Artificial Intelligence,Paid,2025-11-14,89.59
TT01954,U00581,32,Female,CR00053,Web Development,Free,2025-06-30,0.0
TT01955,U00583,21,Female,CR00032,Cybersecurity,Free,2025-03-01,0.0
TT01956,U00587,22,Female,CR00039,Project Management,Paid,2025-09-17,346.71
TT01957,U00587,22,Female,CR00003,Programming,Free,2025-01-28,0.0
TT01958,U00588,24,Male,CR00055,Web Development,Paid,2025-05-12,57.32
TT01959,U00590,19,Male,CR00014,Business,Free,2025-11-30,0.0
TT01960,U00591,35,Male,CR00060,Digital Marketing,Free,2025-02-11,0.0
TT01961,U00591,35,Male,CR00021,Data Science,Free,2025-08-07,0.0
TT01962,U00596,26,Male,CR00057,Digital Marketing,Paid,2025-06-19,177.34
TT01963,U00596,26,Male,CR00054,Web Development,Free,2025-06-11,0.0
TT01964,U00611,30,Male,CR00023,Data Science,Free,2025-08-29,0.0
TT01965,U00611,30,Male,CR00049,Artificial Intelligence,Paid,2025-09-03,415.51
TT01966,U00613,24,Male,CR00050,Artificial Intelligence,Paid,2025-02-27,490.9
TT01967,U00613,24,Male,CR00005,Programming,Free,2025-09-25,0.0
TT01968,U00616,19,Female,CR00033,Cybersecurity,Free,2025-08-12,0.0
TT01969,U00616,19,Female,CR00060,Digital Marketing,Free,2025-11-03,0.0
TT01970,U00624,34,Female,CR00054,Web Development,Free,2025-05-08,0.0
TT01971,U00624,34,Female,CR00009,Design,Free,2025-02-25,0.0
TT01972,U00635,26,Female,CR00026,Machine Learning,Free,2025-03-27,0.0
TT01973,U00645,23,Female,CR00025,Data Science,Paid,2025-08-01,299.57
TT01974,U00653,15,Male,CR00039,Project Management,Paid,2025-06-30,346.71
TT01975,U00655,33,Female,CR00041,Finance,Paid,2025-03-02,53.86
TT01976,U00657,23,Male,CR00047,Artificial Intelligence,Paid,2025-08-07,89.59
TT01977,U00659,33,Male,CR00043,Finance,Free,2025-09-06,0.0
TT01978,U00659,33,Male,CR00036,Project Management,Free,2025-08-19,0.0
TT01979,U00665,35,Male,CR00051,Web Development,Paid,2025-06-10,37.89
TT01980,U00673,24,Female,CR00051,Web Development,Paid,2025-07-07,37.89
TT01981,U00673,24,Female,CR00038,Project Management,Paid,2025-06-16,342.61
TT01982,U00675,20,Female,CR00018,Marketing,Free,2025-03-03,0.0
TT01983,U00681,32,Male,CR00037,Project Management,Free,2025-02-22,0.0
TT01984,U00681,32,Male,CR00014,Business,Free,2025-02-17,0.0
TT01985,U00688,30,Female,CR00027,Machine Learning,Free,2025-04-01,0.0
TT01986,U00688,30,Female,CR00028,Machine Learning,Paid,2025-10-29,0.78
TT01987,U00699,20,Male,CR00027,Machine Learning,Free,2025-01-11,0.0
TT01988,U00699,20,Male,CR00016,Marketing,Free,2025-08-27,0.0
TT01989,U00700,25,Male,CR00024,Data Science,Paid,2025-04-17,117.68
TT01990,U00706,21,Male,CR00025,Data Science,Paid,2025-05-16,299.57
TT01991,U00706,21,Male,CR00012,Business,Paid,2025-11-05,487.92
TT01992,U00711,27,Male,CR00040,Project Management,Paid,2025-01-08,327.99
TT01993,U00711,27,Male,CR00054,Web Development,Free,2025-03-12,0.0
TT01994,U00713,17,Female,CR00001,Programming,Paid,2025-01-05,472.28
TT01995,U00719,25,Female,CR00024,Data Science,Paid,2025-09-27,117.68
TT01996,U00730,30,Male,CR00019,Marketing,Free,2025-06-21,0.0
TT01997,U00730,30,Male,CR00012,Business,Paid,2025-08-13,487.92
TT01998,U00731,16,Male,CR00015,Business,Paid,2025-09-17,285.05
TT01999,U00731,16,Male,CR00054,Web Development,Free,2025-05-06,0.0
TT02000,U00733,28,Female,CR00007,Design,Free,2025-04-27,0.0
TT02001,U00740,34,Female,CR00040,Project Management,Paid,2025-09-25,327.99
TT02002,U00745,29,Female,CR00014,Business,Free,2025-06-28,0.0
TT02003,U00745,29,Female,CR00008,Design,Free,2025-11-22,0.0
TT02004,U00746,28,Male,CR00013,Business,Free,2025-11-11,0.0
TT02005,U00746,28,Male,CR00006,Design,Paid,2025-03-26,276.37
TT02006,U00754,33,Male,CR00050,Artificial Intelligence,Paid,2025-12-18,490.9
TT02007,U00755,31,Male,CR00031,Cybersecurity,Free,2025-07-25,0.0
TT02008,U00783,35,Female,CR00023,Data Science,Free,2025-03-24,0.0
TT02009,U00783,35,Female,CR00055,Web Development,Paid,2025-06-18,57.32
TT02010,U00784,22,Female,CR00025,Data Science,Paid,2025-09-16,299.57
TT02011,U00784,22,Female,CR00036,Project Management,Free,2025-06-28,0.0
TT02012,U00790,16,Female,CR00039,Project Management,Paid,2025-04-02,346.71
TT02013,U00790,16,Female,CR00028,Machine Learning,Paid,2025-09-02,0.78
TT02014,U00791,34,Female,CR00033,Cybersecurity,Free,2025-09-16,0.0
TT02015,U00791,34,Female,CR00047,Artificial Intelligence,Paid,2025-12-16,89.59
TT02016,U00792,20,Male,CR00039,Project Management,Paid,2025-01-25,346.71
TT02017,U00796,22,Female,CR00056,Digital Marketing,Paid,2025-07-07,212.39
TT02018,U00796,22,Female,CR00005,Programming,Free,2025-07-14,0.0
TT02019,U00799,26,Female,CR00022,Data Science,Free,2025-08-02,0.0
TT02020,U00799,26,Female,CR00052,Web Development,Free,2025-03-02,0.0
TT02021,U00810,28,Male,CR00006,Design,Paid,2025-11-01,276.37
TT02022,U00818,20,Female,CR00017,Marketing,Free,2025-02-28,0.0
TT02023,U00822,35,Female,CR00002,Programming,Free,2025-02-25,0.0
TT02024,U00823,22,Male,CR00056,Digital Marketing,Paid,2025-03-03,212.39
TT02025,U00827,26,Female,CR00016,Marketing,Free,2025-04-09,0.0
TT02026,U00827,26,Female,CR00042,Finance,Free,2025-02-25,0.0
TT02027,U00839,33,Male,CR00035,Cybersecurity,Free,2025-08-13,0.0
TT02028,U00841,29,Female,CR00031,Cybersecurity,Free,2025-07-29,0.0
TT02029,U00842,21,Female,CR00047,Artificial Intelligence,Paid,2025-12-20,89.59
TT02030,U00842,21,Female,CR00004,Programming,Free,2025-01-26,0.0
TT02031,U00854,28,Male,CR00025,Data Science,Paid,2025-12-12,299.57
TT02032,U00854,28,Male,CR00019,Marketing,Free,2025-12-26,0.0
TT02033,U00862,18,Female,CR00012,Business,Paid,2025-06-30,487.92
TT02034,U00864,22,Female,CR00013,Business,Free,2025-08-25,0.0
TT02035,U00868,16,Female,CR00060,Digital Marketing,Free,2025-06-13,0.0
TT02036,U00869,19,Male,CR00018,Marketing,Free,2025-01-12,0.0
TT02037,U00873,28,Male,CR00010,Design,Free,2025-08-30,0.0
TT02038,U00886,22,Female,CR00030,Machine Learning,Free,2025-09-14,0.0
TT02039,U00886,22,Female,CR00005,Programming,Free,2025-01-10,0.0
TT02040,U00887,17,Male,CR00060,Digital Marketing,Free,2025-12-30,0.0
TT02041,U00890,31,Female,CR00005,Programming,Free,2025-12-22,0.0
TT02042,U00890,31,Female,CR00025,Data Science,Paid,2025-04-09,299.57
TT02043,U00891,28,Female,CR00017,Marketing,Free,2025-12-04,0.0
TT02044,U00891,28,Female,CR00021,Data Science,Free,2025-07-03,0.0
TT02045,U00899,19,Male,CR00018,Marketing,Free,2025-10-08,0.0
TT02046,U00900,26,Female,CR00033,Cybersecurity,Free,2025-02-05,0.0
TT02047,U00900,26,Female,CR00044,Finance,Paid,2025-02-22,119.04
TT02048,U00914,22,Male,CR00020,Marketing,Free,2025-08-29,0.0
TT02049,U00918,35,Male,CR00025,Data Science,Paid,2025-05-05,299.57
TT02050,U00926,32,Male,CR00043,Finance,Free,2025-01-25,0.0
TT02051,U00926,32,Male,CR00038,Project Management,Paid,2025-12-05,342.61
TT02052,U00931,31,Male,CR00024,Data Science,Paid,2025-05-04,117.68
TT02053,U00937,35,Male,CR00027,Machine Learning,Free,2025-12-28,0.0
TT02054,U00938,30,Male,CR00009,Design,Free,2025-05-27,0.0
TT02055,U00943,21,Female,CR00018,Marketing,Free,2025-06-07,0.0
TT02056,U00943,21,Female,CR00032,Cybersecurity,Free,2025-08-13,0.0
TT02057,U00944,28,Female,CR00024,Data Science,Paid,2025-06-18,117.68
TT02058,U00951,15,Male,CR00038,Project Management,Paid,2025-09-11,342.61
TT02059,U00951,15,Male,CR00059,Digital Marketing,Free,2025-01-12,0.0
TT02060,U00954,21,Female,CR00016,Marketing,Free,2025-08-10,0.0
TT02061,U00954,21,Female,CR00013,Business,Free,2025-08-19,0.0
TT02062,U00964,16,Female,CR00019,Marketing,Free,2025-12-20,0.0
TT02063,U00968,21,Male,CR00054,Web Development,Free,2025-04-24,0.0
TT02064,U00968,21,Male,CR00030,Machine Learning,Free,2025-06-15,0.0
TT02065,U00970,18,Male,CR00015,Business,Paid,2025-05-04,285.05
TT02066,U00980,17,Male,CR00045,Finance,Free,2025-04-24,0.0
TT02067,U00983,26,Female,CR00013,Business,Free,2025-07-16,0.0
TT02068,U00984,27,Male,CR00049,Artificial Intelligence,Paid,2025-02-01,415.51
TT02069,U00986,25,Male,CR00035,Cybersecurity,Free,2025-02-26,0.0
TT02070,U00986,25,Male,CR00032,Cybersecurity,Free,2025-12-06,0.0
TT02071,U00999,33,Female,CR00009,Design,Free,2025-06-08,0.0
TT02072,U01001,18,Male,CR00037,Project Management,Free,2025-09-22,0.0
TT02073,U01002,19,Male,CR00014,Business,Free,2025-06-03,0.0
TT02074,U01004,16,Female,CR00049,Artificial Intelligence,Paid,2025-06-03,415.51
TT02075,U01006,19,Male,CR00002,Programming,Free,2025-04-29,0.0
TT02076,U01006,19,Male,CR00051,Web Development,Paid,2025-11-12,37.89
TT02077,U01008,18,Male,CR00004,Programming,Free,2025-02-21,0.0
TT02078,U01008,18,Male,CR00021,Data Science,Free,2025-07-10,0.0
TT02079,U01016,27,Female,CR00055,Web Development,Paid,2025-03-02,57.32
TT02080,U01016,27,Female,CR00045,Finance,Free,2025-01-03,0.0
TT02081,U01017,21,Female,CR00015,Business,Paid,2025-02-24,285.05
TT02082,U01017,21,Female,CR00011,Business,Paid,2025-01-12,326.02
TT02083,U01018,23,Female,CR00043,Finance,Free,2025-12-02,0.0
TT02084,U01019,27,Male,CR00043,Finance,Free,2025-12-19,0.0
TT02085,U01021,29,Female,CR00009,Design,Free,2025-08-23,0.0
TT02086,U01021,29,Female,CR00052,Web Development,Free,2025-04-11,0.0
TT02087,U01025,34,Male,CR00050,Artificial Intelligence,Paid,2025-07-22,490.9
TT02088,U01026,33,Female,CR00043,Finance,Free,2025-12-23,0.0
TT02089,U01037,32,Female,CR00049,Artificial Intelligence,Paid,2025-05-24,415.51
TT02090,U01039,21,Female,CR00035,Cybersecurity,Free,2025-11-17,0.0
TT02091,U01048,16,Female,CR00027,Machine Learning,Free,2025-03-03,0.0
TT02092,U01051,18,Female,CR00018,Marketing,Free,2025-08-20,0.0
TT02093,U01051,18,Female,CR00010,Design,Free,2025-09-24,0.0
TT02094,U01052,22,Female,CR00026,Machine Learning,Free,2025-09-24,0.0
TT02095,U01052,22,Female,CR00009,Design,Free,2025-03-22,0.0
TT02096,U01055,22,Female,CR00026,Machine Learning,Free,2025-01-26,0.0
TT02097,U01064,26,Female,CR00012,Business,Paid,2025-10-30,487.92
TT02098,U01064,26,Female,CR00036,Project Management,Free,2025-05-17,0.0
TT02099,U01068,32,Female,CR00021,Data Science,Free,2025-05-25,0.0
TT02100,U01068,32,Female,CR00035,Cybersecurity,Free,2025-10-04,0.0
TT02101,U01072,32,Male,CR00040,Project Management,Paid,2025-05-03,327.99
TT02102,U01077,24,Female,CR00050,Artificial Intelligence,Paid,2025-02-07,490.9
TT02103,U01077,24,Female,CR00060,Digital Marketing,Free,2025-05-02,0.0
TT02104,U01078,27,Male,CR00019,Marketing,Free,2025-07-09,0.0
TT02105,U01078,27,Male,CR00007,Design,Free,2025-03-24,0.0
TT02106,U01090,25,Female,CR00030,Machine Learning,Free,2025-06-12,0.0
TT02107,U01090,25,Female,CR00059,Digital Marketing,Free,2025-08-11,0.0
TT02108,U01091,29,Female,CR00020,Marketing,Free,2025-09-23,0.0
TT02109,U01091,29,Female,CR00026,Machine Learning,Free,2025-10-28,0.0
TT02110,U01094,30,Male,CR00026,Machine Learning,Free,2025-03-29,0.0
TT02111,U01094,30,Male,CR00015,Business,Paid,2025-12-13,285.05
TT02112,U01095,21,Female,CR00009,Design,Free,2025-03-02,0.0
TT02113,U01101,33,Male,CR00018,Marketing,Free,2025-08-06,0.0
TT02114,U01110,23,Female,CR00051,Web Development,Paid,2025-04-24,37.89
TT02115,U01110,23,Female,CR00053,Web Development,Free,2025-10-23,0.0
TT02116,U01125,32,Female,CR00026,Machine Learning,Free,2025-07-21,0.0
TT02117,U01125,32,Female,CR00014,Business,Free,2025-05-27,0.0
TT02118,U01126,15,Male,CR00020,Marketing,Free,2025-12-11,0.0
TT02119,U01126,15,Male,CR00036,Project Management,Free,2025-10-18,0.0
TT02120,U01128,31,Female,CR00036,Project Management,Free,2025-01-09,0.0
TT02121,U01128,31,Female,CR00042,Finance,Free,2025-01-09,0.0
TT02122,U01136,35,Male,CR00056,Digital Marketing,Paid,2025-06-01,212.39
TT02123,U01138,22,Female,CR00047,Artificial Intelligence,Paid,2025-08-18,89.59
TT02124,U01142,27,Male,CR00036,Project Management,Free,2025-10-10,0.0
TT02125,U01142,27,Male,CR00027,Machine Learning,Free,2025-09-25,0.0
TT02126,U01148,28,Male,CR00033,Cybersecurity,Free,2025-06-10,0.0
TT02127,U01148,28,Male,CR00053,Web Development,Free,2025-08-04,0.0
TT02128,U01161,33,Male,CR00042,Finance,Free,2025-07-04,0.0
TT02129,U01166,21,Male,CR00015,Business,Paid,2025-06-08,285.05
TT02130,U01166,21,Male,CR00053,Web Development,Free,2025-06-19,0.0
TT02131,U01174,15,Female,CR00047,Artificial Intelligence,Paid,2025-02-04,89.59
TT02132,U01185,28,Male,CR00006,Design,Paid,2025-03-15,276.37
TT02133,U01185,28,Male,CR00034,Cybersecurity,Paid,2025-02-12,394.26
TT02134,U01189,28,Male,CR00020,Marketing,Free,2025-01-10,0.0
TT02135,U01193,20,Female,CR00008,Design,Free,2025-02-04,0.0
TT02136,U01193,20,Female,CR00012,Business,Paid,2025-12-20,487.92
TT02137,U01200,15,Female,CR00052,Web Development,Free,2025-02-28,0.0
TT02138,U01201,28,Male,CR00057,Digital Marketing,Paid,2025-07-25,177.34
TT02139,U01202,29,Female,CR00010,Design,Free,2025-09-16,0.0
TT02140,U01209,20,Male,CR00009,Design,Free,2025-04-17,0.0
TT02141,U01209,20,Male,CR00054,Web Development,Free,2025-03-01,0.0
TT02142,U01211,32,Female,CR00050,Artificial Intelligence,Paid,2025-02-09,490.9
TT02143,U01214,31,Female,CR00027,Machine Learning,Free,2025-10-05,0.0
TT02144,U01216,15,Male,CR00051,Web Development,Paid,2025-06-10,37.89
TT02145,U01218,34,Male,CR00012,Business,Paid,2025-08-19,487.92
TT02146,U01225,30,Female,CR00042,Finance,Free,2025-05-14,0.0
TT02147,U01225,30,Female,CR00021,Data Science,Free,2025-09-16,0.0
TT02148,U01229,27,Female,CR00021,Data Science,Free,2025-08-07,0.0
TT02149,U01229,27,Female,CR00048,Artificial Intelligence,Free,2025-11-10,0.0
TT02150,U01241,25,Male,CR00010,Design,Free,2025-12-08,0.0
TT02151,U01241,25,Male,CR00013,Business,Free,2025-06-12,0.0
TT02152,U01242,22,Male,CR00051,Web Development,Paid,2025-08-30,37.89
TT02153,U01242,22,Male,CR00032,Cybersecurity,Free,2025-12-26,0.0
TT02154,U01243,31,Female,CR00011,Business,Paid,2025-05-25,326.02
TT02155,U01243,31,Female,CR00007,Design,Free,2025-10-20,0.0
TT02156,U01246,27,Male,CR00030,Machine Learning,Free,2025-12-27,0.0
TT02157,U01246,27,Male,CR00014,Business,Free,2025-05-11,0.0
TT02158,U01247,19,Male,CR00023,Data Science,Free,2025-07-09,0.0
TT02159,U01251,29,Male,CR00013,Business,Free,2025-12-09,0.0
TT02160,U01251,29,Male,CR00019,Marketing,Free,2025-06-15,0.0
TT02161,U01257,29,Female,CR00017,Marketing,Free,2025-05-18,0.0
TT02162,U01257,29,Female,CR00031,Cybersecurity,Free,2025-12-14,0.0
TT02163,U01259,18,Female,CR00034,Cybersecurity,Paid,2025-12-06,394.26
TT02164,U01260,31,Female,CR00022,Data Science,Free,2025-01-05,0.0
TT02165,U01269,25,Female,CR00011,Business,Paid,2025-08-25,326.02
TT02166,U01271,23,Female,CR00031,Cybersecurity,Free,2025-06-25,0.0
TT02167,U01276,27,Female,CR00042,Finance,Free,2025-04-19,0.0
TT02168,U01276,27,Female,CR00021,Data Science,Free,2025-11-30,0.0
TT02169,U01278,16,Female,CR00054,Web Development,Free,2025-07-04,0.0
TT02170,U01278,16,Female,CR00047,Artificial Intelligence,Paid,2025-08-20,89.59
TT02171,U01301,27,Male,CR00058,Digital Marketing,Free,2025-12-29,0.0
TT02172,U01302,19,Female,CR00010,Design,Free,2025-04-09,0.0
TT02173,U01302,19,Female,CR00054,Web Development,Free,2025-09-30,0.0
TT02174,U01317,32,Female,CR00045,Finance,Free,2025-07-27,0.0
TT02175,U01323,15,Male,CR00003,Programming,Free,2025-06-27,0.0
TT02176,U01323,15,Male,CR00037,Project Management,Free,2025-04-02,0.0
TT02177,U01329,15,Female,CR00006,Design,Paid,2025-10-29,276.37
TT02178,U01330,20,Female,CR00013,Business,Free,2025-01-07,0.0
TT02179,U01330,20,Female,CR00048,Artificial Intelligence,Free,2025-08-14,0.0
TT02180,U01348,29,Female,CR00031,Cybersecurity,Free,2025-06-30,0.0
TT02181,U01348,29,Female,CR00009,Design,Free,2025-06-24,0.0
TT02182,U01351,16,Male,CR00028,Machine Learning,Paid,2025-08-07,0.78
TT02183,U01351,16,Male,CR00037,Project Management,Free,2025-10-29,0.0
TT02184,U01358,31,Male,CR00051,Web Development,Paid,2025-02-21,37.89
TT02185,U01367,22,Male,CR00036,Project Management,Free,2025-03-03,0.0
TT02186,U01369,21,Male,CR00023,Data Science,Free,2025-04-28,0.0
TT02187,U01382,22,Female,CR00011,Business,Paid,2025-08-21,326.02
TT02188,U01385,33,Female,CR00043,Finance,Free,2025-11-09,0.0
TT02189,U01388,27,Male,CR00007,Design,Free,2025-05-09,0.0
TT02190,U01401,19,Female,CR00040,Project Management,Paid,2025-11-06,327.99
TT02191,U01416,22,Female,CR00035,Cybersecurity,Free,2025-03-01,0.0
TT02192,U01416,22,Female,CR00011,Business,Paid,2025-09-10,326.02
TT02193,U01417,26,Female,CR00039,Project Management,Paid,2025-03-29,346.71
TT02194,U01417,26,Female,CR00036,Project Management,Free,2025-10-19,0.0
TT02195,U01419,34,Female,CR00005,Programming,Free,2025-01-27,0.0
TT02196,U01419,34,Female,CR00040,Project Management,Paid,2025-02-14,327.99
TT02197,U01431,34,Female,CR00020,Marketing,Free,2025-09-23,0.0
TT02198,U01431,34,Female,CR00033,Cybersecurity,Free,2025-04-13,0.0
TT02199,U01434,24,Male,CR00047,Artificial Intelligence,Paid,2025-12-29,89.59
TT02200,U01434,24,Male,CR00028,Machine Learning,Paid,2025-01-16,0.78
TT02201,U01439,22,Male,CR00040,Project Management,Paid,2025-06-06,327.99
TT02202,U01440,20,Female,CR00033,Cybersecurity,Free,2025-12-08,0.0
TT02203,U01440,20,Female,CR00034,Cybersecurity,Paid,2025-09-29,394.26
TT02204,U01444,29,Male,CR00047,Artificial Intelligence,Paid,2025-04-01,89.59
TT02205,U01444,29,Male,CR00039,Project Management,Paid,2025-12-16,346.71
TT02206,U01446,32,Female,CR00054,Web Development,Free,2025-10-17,0.0
TT02207,U01449,34,Male,CR00054,Web Development,Free,2025-02-13,0.0
TT02208,U01449,34,Male,CR00059,Digital Marketing,Free,2025-07-28,0.0
TT02209,U01466,22,Male,CR00014,Business,Free,2025-07-01,0.0
TT02210,U01466,22,Male,CR00010,Design,Free,2025-11-14,0.0
TT02211,U01468,28,Female,CR00032,Cybersecurity,Free,2025-09-23,0.0
TT02212,U01468,28,Female,CR00025,Data Science,Paid,2025-01-15,299.57
TT02213,U01470,28,Male,CR00033,Cybersecurity,Free,2025-06-25,0.0
TT02214,U01470,28,Male,CR00049,Artificial Intelligence,Paid,2025-03-27,415.51
TT02215,U01480,20,Female,CR00028,Machine Learning,Paid,2025-01-26,0.78
TT02216,U01487,17,Female,CR00008,Design,Free,2025-11-24,0.0
TT02217,U01487,17,Female,CR00059,Digital Marketing,Free,2025-02-23,0.0
TT02218,U01493,18,Female,CR00049,Artificial Intelligence,Paid,2025-02-18,415.51
TT02219,U01495,31,Female,CR00037,Project Management,Free,2025-06-24,0.0
TT02220,U01498,15,Male,CR00013,Business,Free,2025-02-17,0.0
TT02221,U01509,15,Female,CR00055,Web Development,Paid,2025-09-27,57.32
TT02222,U01510,16,Female,CR00023,Data Science,Free,2025-03-28,0.0
TT02223,U01510,16,Female,CR00029,Machine Learning,Free,2025-04-30,0.0
TT02224,U01514,25,Male,CR00048,Artificial Intelligence,Free,2025-02-13,0.0
TT02225,U01524,30,Female,CR00058,Digital Marketing,Free,2025-05-05,0.0
TT02226,U01525,32,Female,CR00028,Machine Learning,Paid,2025-09-08,0.78
TT02227,U01525,32,Female,CR00039,Project Management,Paid,2025-05-14,346.71
TT02228,U01549,34,Female,CR00060,Digital Marketing,Free,2025-06-04,0.0
TT02229,U01556,23,Female,CR00042,Finance,Free,2025-05-24,0.0
TT02230,U01556,23,Female,CR00017,Marketing,Free,2025-02-04,0.0
TT02231,U01561,32,Male,CR00023,Data Science,Free,2025-05-13,0.0
TT02232,U01570,31,Male,CR00011,Business,Paid,2025-12-10,326.02
TT02233,U01570,31,Male,CR00043,Finance,Free,2025-06-04,0.0
TT02234,U01573,18,Female,CR00037,Project Management,Free,2025-09-26,0.0
TT02235,U01573,18,Female,CR00012,Business,Paid,2025-01-27,487.92
TT02236,U01580,15,Female,CR00030,Machine Learning,Free,2025-05-24,0.0
TT02237,U01580,15,Female,CR00034,Cybersecurity,Paid,2025-01-19,394.26
TT02238,U01582,16,Male,CR00020,Marketing,Free,2025-11-18,0.0
TT02239,U01587,27,Male,CR00033,Cybersecurity,Free,2025-10-07,0.0
TT02240,U01587,27,Male,CR00051,Web Development,Paid,2025-09-20,37.89
TT02241,U01590,33,Male,CR00036,Project Management,Free,2025-02-05,0.0
TT02242,U01594,35,Male,CR00051,Web Development,Paid,2025-08-19,37.89
TT02243,U01595,15,Male,CR00049,Artificial Intelligence,Paid,2025-12-09,415.51
TT02244,U01595,15,Male,CR00057,Digital Marketing,Paid,2025-07-23,177.34
TT02245,U01601,23,Female,CR00039,Project Management,Paid,2025-08-04,346.71
TT02246,U01601,23,Female,CR00009,Design,Free,2025-07-02,0.0
TT02247,U01608,15,Female,CR00030,Machine Learning,Free,2025-04-18,0.0
TT02248,U01611,27,Male,CR00018,Marketing,Free,2025-07-01,0.0
TT02249,U01612,29,Male,CR00030,Machine Learning,Free,2025-02-28,0.0
TT02250,U01613,25,Male,CR00035,Cybersecurity,Free,2025-03-30,0.0
TT02251,U01614,17,Male,CR00059,Digital Marketing,Free,2025-12-25,0.0
TT02252,U01620,19,Female,CR00058,Digital Marketing,Free,2025-06-20,0.0
TT02253,U01621,16,Female,CR00027,Machine Learning,Free,2025-01-15,0.0
TT02254,U01621,16,Female,CR00013,Business,Free,2025-05-09,0.0
TT02255,U01633,34,Male,CR00036,Project Management,Free,2025-07-11,0.0
TT02256,U01643,25,Male,CR00047,Artificial Intelligence,Paid,2025-12-28,89.59
TT02257,U01653,21,Female,CR00007,Design,Free,2025-10-03,0.0
TT02258,U01663,28,Female,CR00016,Marketing,Free,2025-04-25,0.0
TT02259,U01663,28,Female,CR00005,Programming,Free,2025-03-18,0.0
TT02260,U01664,23,Female,CR00049,Artificial Intelligence,Paid,2025-11-05,415.51
TT02261,U01664,23,Female,CR00023,Data Science,Free,2025-12-11,0.0
TT02262,U01667,23,Female,CR00045,Finance,Free,2025-08-01,0.0
TT02263,U01669,30,Female,CR00036,Project Management,Free,2025-09-15,0.0
TT02264,U01669,30,Female,CR00041,Finance,Paid,2025-09-14,53.86
TT02265,U01673,16,Male,CR00030,Machine Learning,Free,2025-07-23,0.0
TT02266,U01678,31,Female,CR00026,Machine Learning,Free,2025-07-23,0.0
TT02267,U01682,21,Male,CR00054,Web Development,Free,2025-11-02,0.0
TT02268,U01682,21,Male,CR00059,Digital Marketing,Free,2025-08-05,0.0
TT02269,U01683,19,Female,CR00011,Business,Paid,2025-10-06,326.02
TT02270,U01687,23,Female,CR00019,Marketing,Free,2025-09-17,0.0
TT02271,U01687,23,Female,CR00017,Marketing,Free,2025-06-09,0.0
TT02272,U01689,30,Female,CR00054,Web Development,Free,2025-08-11,0.0
TT02273,U01693,21,Male,CR00006,Design,Paid,2025-08-11,276.37
TT02274,U01693,21,Male,CR00053,Web Development,Free,2025-04-12,0.0
TT02275,U01696,31,Female,CR00059,Digital Marketing,Free,2025-09-17,0.0
TT02276,U01696,31,Female,CR00040,Project Management,Paid,2025-10-23,327.99
TT02277,U01698,28,Female,CR00029,Machine Learning,Free,2025-09-11,0.0
TT02278,U01699,23,Female,CR00042,Finance,Free,2025-02-19,0.0
TT02279,U01704,30,Female,CR00035,Cybersecurity,Free,2025-05-15,0.0
TT02280,U01704,30,Female,CR00047,Artificial Intelligence,Paid,2025-05-30,89.59
TT02281,U01709,35,Female,CR00060,Digital Marketing,Free,2025-02-05,0.0
TT02282,U01715,27,Male,CR00009,Design,Free,2025-07-16,0.0
TT02283,U01717,20,Male,CR00025,Data Science,Paid,2025-05-15,299.57
TT02284,U01725,33,Male,CR00008,Design,Free,2025-05-08,0.0
TT02285,U01725,33,Male,CR00029,Machine Learning,Free,2025-07-15,0.0
TT02286,U01728,33,Female,CR00009,Design,Free,2025-12-06,0.0
TT02287,U01728,33,Female,CR00019,Marketing,Free,2025-06-23,0.0
TT02288,U01732,17,Female,CR00016,Marketing,Free,2025-08-05,0.0
TT02289,U01732,17,Female,CR00010,Design,Free,2025-01-25,0.0
TT02290,U01741,30,Male,CR00004,Programming,Free,2025-08-10,0.0
TT02291,U01741,30,Male,CR00023,Data Science,Free,2025-03-24,0.0
TT02292,U01754,22,Male,CR00048,Artificial Intelligence,Free,2025-06-29,0.0
TT02293,U01759,21,Male,CR00006,Design,Paid,2025-03-11,276.37
TT02294,U01761,31,Male,CR00014,Business,Free,2025-09-25,0.0
TT02295,U01761,31,Male,CR00030,Machine Learning,Free,2025-02-12,0.0
TT02296,U01768,26,Female,CR00033,Cybersecurity,Free,2025-09-04,0.0
TT02297,U01768,26,Female,CR00010,Design,Free,2025-04-30,0.0
TT02298,U01774,17,Male,CR00035,Cybersecurity,Free,2025-08-02,0.0
TT02299,U01775,31,Female,CR00008,Design,Free,2025-05-23,0.0
TT02300,U01775,31,Female,CR00036,Project Management,Free,2025-03-23,0.0
TT02301,U01778,24,Female,CR00021,Data Science,Free,2025-04-11,0.0
TT02302,U01778,24,Female,CR00009,Design,Free,2025-06-23,0.0
TT02303,U01780,27,Male,CR00039,Project Management,Paid,2025-09-22,346.71
TT02304,U01788,15,Male,CR00017,Marketing,Free,2025-05-06,0.0
TT02305,U01788,15,Male,CR00047,Artificial Intelligence,Paid,2025-01-10,89.59
TT02306,U01790,25,Male,CR00025,Data Science,Paid,2025-06-25,299.57
TT02307,U01791,31,Female,CR00041,Finance,Paid,2025-08-13,53.86
TT02308,U01791,31,Female,CR00017,Marketing,Free,2025-05-25,0.0
TT02309,U01800,25,Female,CR00046,Artificial Intelligence,Paid,2025-06-25,248.1
TT02310,U01800,25,Female,CR00021,Data Science,Free,2025-05-20,0.0
TT02311,U01802,15,Female,CR00006,Design,Paid,2025-06-23,276.37
TT02312,U01818,15,Male,CR00041,Finance,Paid,2025-07-07,53.86
TT02313,U01818,15,Male,CR00016,Marketing,Free,2025-07-20,0.0
TT02314,U01823,22,Male,CR00045,Finance,Free,2025-03-18,0.0
TT02315,U01827,28,Male,CR00010,Design,Free,2025-12-01,0.0
TT02316,U01828,21,Male,CR00057,Digital Marketing,Paid,2025-03-27,177.34
TT02317,U01830,15,Male,CR00051,Web Development,Paid,2025-10-07,37.89
TT02318,U01833,16,Male,CR00017,Marketing,Free,2025-05-09,0.0
TT02319,U01833,16,Male,CR00012,Business,Paid,2025-10-17,487.92
TT02320,U01834,33,Female,CR00030,Machine Learning,Free,2025-12-05,0.0
TT02321,U01836,32,Female,CR00025,Data Science,Paid,2025-07-24,299.57
TT02322,U01838,24,Male,CR00042,Finance,Free,2025-05-19,0.0
TT02323,U01838,24,Male,CR00033,Cybersecurity,Free,2025-04-02,0.0
TT02324,U01858,34,Female,CR00037,Project Management,Free,2025-04-12,0.0
TT02325,U01859,24,Female,CR00052,Web Development,Free,2025-04-27,0.0
TT02326,U01878,20,Female,CR00010,Design,Free,2025-11-08,0.0
TT02327,U01880,26,Female,CR00009,Design,Free,2025-02-08,0.0
TT02328,U01880,26,Female,CR00059,Digital Marketing,Free,2025-09-30,0.0
TT02329,U01885,25,Female,CR00036,Project Management,Free,2025-12-23,0.0
TT02330,U01886,17,Male,CR00017,Marketing,Free,2025-10-18,0.0
TT02331,U01887,21,Female,CR00022,Data Science,Free,2025-02-05,0.0
TT02332,U01890,18,Female,CR00045,Finance,Free,2025-06-15,0.0
TT02333,U01901,23,Male,CR00027,Machine Learning,Free,2025-05-29,0.0
TT02334,U01905,24,Female,CR00050,Artificial Intelligence,Paid,2025-08-23,490.9
TT02335,U01905,24,Female,CR00005,Programming,Free,2025-05-02,0.0
TT02336,U01912,24,Female,CR00023,Data Science,Free,2025-04-20,0.0
TT02337,U01915,34,Female,CR00049,Artificial Intelligence,Paid,2025-06-12,415.51
TT02338,U01915,34,Female,CR00051,Web Development,Paid,2025-04-11,37.89
TT02339,U01916,29,Male,CR00024,Data Science,Paid,2025-06-20,117.68
TT02340,U01923,19,Male,CR00055,Web Development,Paid,2025-10-07,57.32
TT02341,U01930,28,Female,CR00037,Project Management,Free,2025-02-11,0.0
TT02342,U01936,23,Male,CR00033,Cybersecurity,Free,2025-01-24,0.0
TT02343,U01936,23,Male,CR00058,Digital Marketing,Free,2025-09-25,0.0
TT02344,U01940,16,Female,CR00042,Finance,Free,2025-10-16,0.0
TT02345,U01940,16,Female,CR00006,Design,Paid,2025-03-18,276.37
TT02346,U01941,26,Female,CR00047,Artificial Intelligence,Paid,2025-08-02,89.59
TT02347,U01948,33,Female,CR00006,Design,Paid,2025-12-19,276.37
TT02348,U01952,15,Female,CR00007,Design,Free,2025-12-11,0.0
TT02349,U01952,15,Female,CR00029,Machine Learning,Free,2025-12-20,0.0
TT02350,U01954,35,Male,CR00054,Web Development,Free,2025-06-03,0.0
TT02351,U01963,30,Male,CR00040,Project Management,Paid,2025-11-19,327.99
TT02352,U01968,30,Female,CR00049,Artificial Intelligence,Paid,2025-07-30,415.51
TT02353,U01968,30,Female,CR00058,Digital Marketing,Free,2025-06-21,0.0
TT02354,U01970,16,Female,CR00017,Marketing,Free,2025-03-17,0.0
TT02355,U01970,16,Female,CR00060,Digital Marketing,Free,2025-09-29,0.0
TT02356,U01972,18,Male,CR00003,Programming,Free,2025-11-24,0.0
TT02357,U01974,31,Female,CR00050,Artificial Intelligence,Paid,2025-06-07,490.9
TT02358,U01974,31,Female,CR00010,Design,Free,2025-09-02,0.0
TT02359,U01976,24,Male,CR00026,Machine Learning,Free,2025-04-15,0.0
TT02360,U01977,32,Male,CR00018,Marketing,Free,2025-02-25,0.0
TT02361,U01977,32,Male,CR00047,Artificial Intelligence,Paid,2025-06-07,89.59
TT02362,U01983,29,Female,CR00041,Finance,Paid,2025-08-10,53.86
TT02363,U01984,15,Female,CR00060,Digital Marketing,Free,2025-05-03,0.0
TT02364,U01988,17,Female,CR00050,Artificial Intelligence,Paid,2025-09-26,490.9
TT02365,U01990,16,Male,CR00013,Business,Free,2025-03-25,0.0
TT02366,U01990,16,Male,CR00043,Finance,Free,2025-01-25,0.0
TT02367,U02000,32,Male,CR00055,Web Development,Paid,2025-10-20,57.32
TT02368,U02000,32,Male,CR00008,Design,Free,2025-03-27,0.0
TT02369,U02001,30,Male,CR00027,Machine Learning,Free,2025-11-12,0.0
TT02370,U02002,23,Female,CR00026,Machine Learning,Free,2025-07-19,0.0
TT02371,U02017,22,Female,CR00041,Finance,Paid,2025-01-22,53.86
TT02372,U02017,22,Female,CR00003,Programming,Free,2025-05-24,0.0
TT02373,U02023,31,Female,CR00004,Programming,Free,2025-07-08,0.0
TT02374,U02023,31,Female,CR00037,Project Management,Free,2025-02-20,0.0
TT02375,U02033,25,Male,CR00019,Marketing,Free,2025-11-07,0.0
TT02376,U02037,18,Female,CR00040,Project Management,Paid,2025-10-16,327.99
TT02377,U02037,18,Female,CR00042,Finance,Free,2025-05-27,0.0
TT02378,U02040,30,Male,CR00021,Data Science,Free,2025-09-13,0.0
TT02379,U02043,23,Female,CR00014,Business,Free,2025-04-18,0.0
TT02380,U02047,18,Female,CR00036,Project Management,Free,2025-05-10,0.0
TT02381,U02054,23,Male,CR00052,Web Development,Free,2025-11-18,0.0
TT02382,U02054,23,Male,CR00002,Programming,Free,2025-11-10,0.0
TT02383,U02056,35,Female,CR00045,Finance,Free,2025-04-24,0.0
TT02384,U02057,16,Male,CR00048,Artificial Intelligence,Free,2025-11-04,0.0
TT02385,U02057,16,Male,CR00031,Cybersecurity,Free,2025-10-13,0.0
TT02386,U02063,26,Male,CR00051,Web Development,Paid,2025-03-28,37.89
TT02387,U02063,26,Male,CR00008,Design,Free,2025-03-24,0.0
TT02388,U02067,26,Female,CR00021,Data Science,Free,2025-08-18,0.0
TT02389,U02078,34,Female,CR00055,Web Development,Paid,2025-11-05,57.32
TT02390,U02078,34,Female,CR00015,Business,Paid,2025-05-30,285.05
TT02391,U02093,18,Male,CR00046,Artificial Intelligence,Paid,2025-01-22,248.1
TT02392,U02093,18,Male,CR00058,Digital Marketing,Free,2025-05-20,0.0
TT02393,U02097,15,Female,CR00009,Design,Free,2025-10-09,0.0
TT02394,U02097,15,Female,CR00040,Project Management,Paid,2025-11-28,327.99
TT02395,U02105,32,Female,CR00034,Cybersecurity,Paid,2025-05-23,394.26
TT02396,U02109,23,Male,CR00053,Web Development,Free,2025-07-08,0.0
TT02397,U02113,28,Female,CR00040,Project Management,Paid,2025-07-26,327.99
TT02398,U02113,28,Female,CR00037,Project Management,Free,2025-05-15,0.0
TT02399,U02117,31,Male,CR00004,Programming,Free,2025-03-08,0.0
TT02400,U02122,32,Female,CR00010,Design,Free,2025-12-29,0.0
TT02401,U02122,32,Female,CR00036,Project Management,Free,2025-11-04,0.0
TT02402,U02132,20,Female,CR00054,Web Development,Free,2025-05-19,0.0
TT02403,U02132,20,Female,CR00003,Programming,Free,2025-01-01,0.0
TT02404,U02133,21,Male,CR00010,Design,Free,2025-07-14,0.0
TT02405,U02133,21,Male,CR00028,Machine Learning,Paid,2025-08-03,0.78
TT02406,U02135,31,Male,CR00043,Finance,Free,2025-07-22,0.0
TT02407,U02136,33,Male,CR00014,Business,Free,2025-03-26,0.0
TT02408,U02137,30,Male,CR00015,Business,Paid,2025-10-02,285.05
TT02409,U02138,19,Female,CR00027,Machine Learning,Free,2025-01-09,0.0
TT02410,U02138,19,Female,CR00050,Artificial Intelligence,Paid,2025-02-07,490.9
TT02411,U02146,17,Male,CR00018,Marketing,Free,2025-12-13,0.0
TT02412,U02159,29,Female,CR00040,Project Management,Paid,2025-04-13,327.99
TT02413,U02159,29,Female,CR00059,Digital Marketing,Free,2025-11-02,0.0
TT02414,U02162,25,Male,CR00060,Digital Marketing,Free,2025-07-18,0.0
TT02415,U02166,27,Male,CR00029,Machine Learning,Free,2025-09-02,0.0
TT02416,U02171,31,Male,CR00055,Web Development,Paid,2025-05-12,57.32
TT02417,U02171,31,Male,CR00022,Data Science,Free,2025-10-12,0.0
TT02418,U02175,15,Female,CR00027,Machine Learning,Free,2025-05-22,0.0
TT02419,U02175,15,Female,CR00043,Finance,Free,2025-12-05,0.0
TT02420,U02177,35,Male,CR00001,Programming,Paid,2025-03-10,472.28
TT02421,U02181,27,Female,CR00060,Digital Marketing,Free,2025-10-13,0.0
TT02422,U02181,27,Female,CR00038,Project Management,Paid,2025-12-08,342.61
TT02423,U02182,29,Male,CR00013,Business,Free,2025-07-15,0.0
TT02424,U02182,29,Male,CR00021,Data Science,Free,2025-05-17,0.0
TT02425,U02187,21,Male,CR00055,Web Development,Paid,2025-09-04,57.32
TT02426,U02187,21,Male,CR00026,Machine Learning,Free,2025-08-09,0.0
TT02427,U02193,20,Male,CR00058,Digital Marketing,Free,2025-11-27,0.0
TT02428,U02193,20,Male,CR00035,Cybersecurity,Free,2025-05-26,0.0
TT02429,U02194,18,Male,CR00050,Artificial Intelligence,Paid,2025-11-27,490.9
TT02430,U02194,18,Male,CR00025,Data Science,Paid,2025-03-28,299.57
TT02431,U02197,24,Female,CR00017,Marketing,Free,2025-06-16,0.0
TT02432,U02197,24,Female,CR00026,Machine Learning,Free,2025-09-24,0.0
TT02433,U02202,28,Male,CR00026,Machine Learning,Free,2025-07-09,0.0
TT02434,U02208,30,Male,CR00019,Marketing,Free,2025-08-18,0.0
TT02435,U02208,30,Male,CR00040,Project Management,Paid,2025-11-24,327.99
TT02436,U02213,17,Male,CR00038,Project Management,Paid,2025-07-22,342.61
TT02437,U02216,26,Female,CR00047,Artificial Intelligence,Paid,2025-01-07,89.59
TT02438,U02216,26,Female,CR00014,Business,Free,2025-01-07,0.0
TT02439,U02219,29,Male,CR00002,Programming,Free,2025-08-09,0.0
TT02440,U02220,30,Male,CR00001,Programming,Paid,2025-04-26,472.28
TT02441,U02222,23,Male,CR00034,Cybersecurity,Paid,2025-11-03,394.26
TT02442,U02223,22,Female,CR00043,Finance,Free,2025-10-20,0.0
TT02443,U02229,34,Female,CR00003,Programming,Free,2025-07-24,0.0
TT02444,U02229,34,Female,CR00031,Cybersecurity,Free,2025-12-05,0.0
TT02445,U02233,28,Male,CR00025,Data Science,Paid,2025-04-07,299.57
TT02446,U02233,28,Male,CR00058,Digital Marketing,Free,2025-11-27,0.0
TT02447,U02234,31,Female,CR00045,Finance,Free,2025-06-25,0.0
TT02448,U02235,15,Female,CR00025,Data Science,Paid,2025-09-22,299.57
TT02449,U02235,15,Female,CR00051,Web Development,Paid,2025-09-23,37.89
TT02450,U02247,15,Female,CR00056,Digital Marketing,Paid,2025-10-13,212.39
TT02451,U02252,29,Female,CR00053,Web Development,Free,2025-02-03,0.0
TT02452,U02252,29,Female,CR00007,Design,Free,2025-08-08,0.0
TT02453,U02255,18,Female,CR00048,Artificial Intelligence,Free,2025-07-07,0.0
TT02454,U02255,18,Female,CR00047,Artificial Intelligence,Paid,2025-01-09,89.59
TT02455,U02260,16,Female,CR00039,Project Management,Paid,2025-07-11,346.71
TT02456,U02261,26,Male,CR00005,Programming,Free,2025-05-18,0.0
TT02457,U02265,33,Male,CR00060,Digital Marketing,Free,2025-10-28,0.0
TT02458,U02265,33,Male,CR00034,Cybersecurity,Paid,2025-11-28,394.26
TT02459,U02268,29,Female,CR00023,Data Science,Free,2025-01-24,0.0
TT02460,U02268,29,Female,CR00045,Finance,Free,2025-04-08,0.0
TT02461,U02271,20,Male,CR00010,Design,Free,2025-06-06,0.0
TT02462,U02271,20,Male,CR00055,Web Development,Paid,2025-04-30,57.32
TT02463,U02276,34,Female,CR00045,Finance,Free,2025-04-28,0.0
TT02464,U02280,26,Female,CR00049,Artificial Intelligence,Paid,2025-04-18,415.51
TT02465,U02280,26,Female,CR00058,Digital Marketing,Free,2025-10-08,0.0
TT02466,U02282,25,Female,CR00007,Design,Free,2025-07-21,0.0
TT02467,U02291,31,Female,CR00017,Marketing,Free,2025-12-11,0.0
TT02468,U02291,31,Female,CR00055,Web Development,Paid,2025-03-11,57.32
TT02469,U02302,30,Male,CR00031,Cybersecurity,Free,2025-04-23,0.0
TT02470,U02302,30,Male,CR00015,Business,Paid,2025-04-03,285.05
TT02471,U02304,21,Male,CR00005,Programming,Free,2025-06-13,0.0
TT02472,U02310,15,Male,CR00028,Machine Learning,Paid,2025-06-20,0.78
TT02473,U02313,24,Female,CR00007,Design,Free,2025-04-30,0.0
TT02474,U02314,29,Male,CR00057,Digital Marketing,Paid,2025-06-12,177.34
TT02475,U02317,18,Male,CR00055,Web Development,Paid,2025-05-12,57.32
TT02476,U02317,18,Male,CR00018,Marketing,Free,2025-08-25,0.0
TT02477,U02319,24,Female,CR00046,Artificial Intelligence,Paid,2025-05-16,248.1
TT02478,U02321,26,Female,CR00001,Programming,Paid,2025-11-01,472.28
TT02479,U02321,26,Female,CR00024,Data Science,Paid,2025-06-07,117.68
TT02480,U02325,15,Male,CR00057,Digital Marketing,Paid,2025-07-24,177.34
TT02481,U02327,29,Male,CR00022,Data Science,Free,2025-09-16,0.0
TT02482,U02330,29,Female,CR00054,Web Development,Free,2025-11-15,0.0
TT02483,U02331,25,Female,CR00029,Machine Learning,Free,2025-09-25,0.0
TT02484,U02331,25,Female,CR00008,Design,Free,2025-07-21,0.0
TT02485,U02332,23,Male,CR00006,Design,Paid,2025-06-14,276.37
TT02486,U02332,23,Male,CR00028,Machine Learning,Paid,2025-05-25,0.78
TT02487,U02334,23,Female,CR00028,Machine Learning,Paid,2025-05-23,0.78
TT02488,U02334,23,Female,CR00017,Marketing,Free,2025-09-08,0.0
TT02489,U02346,34,Male,CR00034,Cybersecurity,Paid,2025-08-17,394.26
TT02490,U02347,27,Male,CR00033,Cybersecurity,Free,2025-07-09,0.0
TT02491,U02348,20,Male,CR00031,Cybersecurity,Free,2025-10-03,0.0
TT02492,U02350,31,Female,CR00024,Data Science,Paid,2025-03-11,117.68
TT02493,U02350,31,Female,CR00057,Digital Marketing,Paid,2025-09-06,177.34
TT02494,U02351,22,Female,CR00043,Finance,Free,2025-05-08,0.0
TT02495,U02351,22,Female,CR00052,Web Development,Free,2025-03-11,0.0
TT02496,U02357,28,Female,CR00002,Programming,Free,2025-07-22,0.0
TT02497,U02357,28,Female,CR00014,Business,Free,2025-09-30,0.0
TT02498,U02361,26,Female,CR00023,Data Science,Free,2025-07-15,0.0
TT02499,U02361,26,Female,CR00040,Project Management,Paid,2025-05-17,327.99
TT02500,U02369,16,Male,CR00017,Marketing,Free,2025-10-30,0.0
TT02501,U02369,16,Male,CR00060,Digital Marketing,Free,2025-04-14,0.0
TT02502,U02373,22,Male,CR00021,Data Science,Free,2025-12-01,0.0
TT02503,U02373,22,Male,CR00012,Business,Paid,2025-10-29,487.92
TT02504,U02381,31,Female,CR00049,Artificial Intelligence,Paid,2025-05-28,415.51
TT02505,U02383,21,Male,CR00016,Marketing,Free,2025-04-23,0.0
TT02506,U02385,30,Male,CR00035,Cybersecurity,Free,2025-08-26,0.0
TT02507,U02388,23,Male,CR00039,Project Management,Paid,2025-08-11,346.71
TT02508,U02390,28,Female,CR00002,Programming,Free,2025-11-07,0.0
TT02509,U02390,28,Female,CR00001,Programming,Paid,2025-06-28,472.28
TT02510,U02394,35,Male,CR00025,Data Science,Paid,2025-08-21,299.57
TT02511,U02398,26,Female,CR00046,Artificial Intelligence,Paid,2025-08-23,248.1
TT02512,U02398,26,Female,CR00028,Machine Learning,Paid,2025-05-15,0.78
TT02513,U02403,18,Female,CR00032,Cybersecurity,Free,2025-08-14,0.0
TT02514,U02405,25,Female,CR00054,Web Development,Free,2025-06-29,0.0
TT02515,U02406,23,Female,CR00006,Design,Paid,2025-02-11,276.37
TT02516,U02406,23,Female,CR00051,Web Development,Paid,2025-04-15,37.89
TT02517,U02407,27,Male,CR00003,Programming,Free,2025-07-28,0.0
TT02518,U02407,27,Male,CR00035,Cybersecurity,Free,2025-05-13,0.0
TT02519,U02416,24,Female,CR00010,Design,Free,2025-08-04,0.0
TT02520,U02417,34,Female,CR00018,Marketing,Free,2025-09-23,0.0
TT02521,U02428,30,Male,CR00050,Artificial Intelligence,Paid,2025-05-02,490.9
TT02522,U02428,30,Male,CR00055,Web Development,Paid,2025-03-10,57.32
TT02523,U02438,28,Female,CR00032,Cybersecurity,Free,2025-11-17,0.0
TT02524,U02439,22,Female,CR00006,Design,Paid,2025-08-18,276.37
TT02525,U02442,23,Male,CR00042,Finance,Free,2025-11-25,0.0
TT02526,U02446,29,Male,CR00050,Artificial Intelligence,Paid,2025-12-07,490.9
TT02527,U02446,29,Male,CR00054,Web Development,Free,2025-09-30,0.0
TT02528,U02448,17,Male,CR00008,Design,Free,2025-05-22,0.0
TT02529,U02448,17,Male,CR00042,Finance,Free,2025-09-16,0.0
TT02530,U02451,31,Male,CR00005,Programming,Free,2025-09-10,0.0
TT02531,U02451,31,Male,CR00017,Marketing,Free,2025-08-02,0.0
TT02532,U02452,23,Female,CR00010,Design,Free,2025-06-02,0.0
TT02533,U02452,23,Female,CR00005,Programming,Free,2025-11-28,0.0
TT02534,U02454,28,Male,CR00053,Web Development,Free,2025-05-29,0.0
TT02535,U02454,28,Male,CR00013,Business,Free,2025-07-02,0.0
TT02536,U02458,26,Female,CR00011,Business,Paid,2025-10-26,326.02
TT02537,U02458,26,Female,CR00024,Data Science,Paid,2025-12-16,117.68
TT02538,U02465,27,Male,CR00009,Design,Free,2025-06-12,0.0
TT02539,U02465,27,Male,CR00004,Programming,Free,2025-12-14,0.0
TT02540,U02469,21,Male,CR00054,Web Development,Free,2025-05-29,0.0
TT02541,U02469,21,Male,CR00005,Programming,Free,2025-12-11,0.0
TT02542,U02475,35,Male,CR00016,Marketing,Free,2025-06-25,0.0
TT02543,U02480,35,Male,CR00059,Digital Marketing,Free,2025-09-26,0.0
TT02544,U02482,35,Male,CR00027,Machine Learning,Free,2025-11-11,0.0
TT02545,U02482,35,Male,CR00048,Artificial Intelligence,Free,2025-01-07,0.0
TT02546,U02486,29,Male,CR00059,Digital Marketing,Free,2025-01-30,0.0
TT02547,U02486,29,Male,CR00057,Digital Marketing,Paid,2025-12-02,177.34
TT02548,U02496,33,Female,CR00008,Design,Free,2025-06-28,0.0
TT02549,U02497,26,Female,CR00032,Cybersecurity,Free,2025-12-28,0.0
TT02550,U02497,26,Female,CR00054,Web Development,Free,2025-12-02,0.0
TT02551,U02506,16,Female,CR00015,Business,Paid,2025-02-08,285.05
TT02552,U02510,23,Male,CR00004,Programming,Free,2025-11-28,0.0
TT02553,U02510,23,Male,CR00036,Project Management,Free,2025-12-11,0.0
TT02554,U02514,17,Male,CR00010,Design,Free,2025-09-01,0.0
TT02555,U02514,17,Male,CR00048,Artificial Intelligence,Free,2025-05-07,0.0
TT02556,U02525,25,Male,CR00029,Machine Learning,Free,2025-08-28,0.0
TT02557,U02535,26,Female,CR00026,Machine Learning,Free,2025-07-30,0.0
TT02558,U02535,26,Female,CR00040,Project Management,Paid,2025-03-01,327.99
TT02559,U02539,20,Female,CR00034,Cybersecurity,Paid,2025-12-30,394.26
TT02560,U02539,20,Female,CR00035,Cybersecurity,Free,2025-04-05,0.0
TT02561,U02543,28,Male,CR00048,Artificial Intelligence,Free,2025-08-22,0.0
TT02562,U02545,16,Female,CR00033,Cybersecurity,Free,2025-05-08,0.0
TT02563,U02545,16,Female,CR00031,Cybersecurity,Free,2025-01-07,0.0
TT02564,U02548,25,Male,CR00033,Cybersecurity,Free,2025-02-04,0.0
TT02565,U02548,25,Male,CR00012,Business,Paid,2025-09-23,487.92
TT02566,U02553,35,Female,CR00012,Business,Paid,2025-10-10,487.92
TT02567,U02553,35,Female,CR00031,Cybersecurity,Free,2025-11-15,0.0
TT02568,U02568,33,Female,CR00058,Digital Marketing,Free,2025-06-29,0.0
TT02569,U02568,33,Female,CR00019,Marketing,Free,2025-04-27,0.0
TT02570,U02571,20,Female,CR00031,Cybersecurity,Free,2025-09-28,0.0
TT02571,U02573,28,Female,CR00005,Programming,Free,2025-06-24,0.0
TT02572,U02577,21,Female,CR00020,Marketing,Free,2025-08-28,0.0
TT02573,U02577,21,Female,CR00015,Business,Paid,2025-03-27,285.05
TT02574,U02578,15,Male,CR00043,Finance,Free,2025-10-12,0.0
TT02575,U02580,17,Female,CR00015,Business,Paid,2025-10-01,285.05
TT02576,U02581,22,Female,CR00039,Project Management,Paid,2025-03-02,346.71
TT02577,U02581,22,Female,CR00020,Marketing,Free,2025-05-21,0.0
TT02578,U02584,20,Male,CR00028,Machine Learning,Paid,2025-03-30,0.78
TT02579,U02584,20,Male,CR00032,Cybersecurity,Free,2025-07-05,0.0
TT02580,U02586,23,Male,CR00048,Artificial Intelligence,Free,2025-08-28,0.0
TT02581,U02589,26,Female,CR00028,Machine Learning,Paid,2025-10-10,0.78
TT02582,U02590,20,Male,CR00059,Digital Marketing,Free,2025-03-01,0.0
TT02583,U02590,20,Male,CR00046,Artificial Intelligence,Paid,2025-03-18,248.1
TT02584,U02596,19,Female,CR00056,Digital Marketing,Paid,2025-05-18,212.39
TT02585,U02599,33,Female,CR00047,Artificial Intelligence,Paid,2025-03-02,89.59
TT02586,U02599,33,Female,CR00039,Project Management,Paid,2025-07-08,346.71
TT02587,U02608,30,Male,CR00026,Machine Learning,Free,2025-01-28,0.0
TT02588,U02609,15,Male,CR00018,Marketing,Free,2025-06-01,0.0
TT02589,U02609,15,Male,CR00031,Cybersecurity,Free,2025-07-09,0.0
TT02590,U02620,30,Female,CR00009,Design,Free,2025-04-15,0.0
TT02591,U02620,30,Female,CR00051,Web Development,Paid,2025-11-05,37.89
TT02592,U02621,34,Female,CR00003,Programming,Free,2025-02-18,0.0
TT02593,U02631,23,Male,CR00021,Data Science,Free,2025-07-14,0.0
TT02594,U02634,29,Female,CR00055,Web Development,Paid,2025-03-01,57.32
TT02595,U02639,22,Female,CR00056,Digital Marketing,Paid,2025-06-14,212.39
TT02596,U02642,33,Male,CR00022,Data Science,Free,2025-06-17,0.0
TT02597,U02659,17,Male,CR00046,Artificial Intelligence,Paid,2025-02-07,248.1
TT02598,U02659,17,Male,CR00037,Project Management,Free,2025-02-13,0.0
TT02599,U02662,32,Male,CR00042,Finance,Free,2025-03-24,0.0
TT02600,U02662,32,Male,CR00024,Data Science,Paid,2025-10-03,117.68
TT02601,U02665,21,Female,CR00051,Web Development,Paid,2025-03-05,37.89
TT02602,U02669,25,Male,CR00016,Marketing,Free,2025-11-16,0.0
TT02603,U02669,25,Male,CR00059,Digital Marketing,Free,2025-11-22,0.0
TT02604,U02688,26,Female,CR00043,Finance,Free,2025-05-13,0.0
TT02605,U02696,25,Female,CR00050,Artificial Intelligence,Paid,2025-06-22,490.9
TT02606,U02696,25,Female,CR00013,Business,Free,2025-12-05,0.0
TT02607,U02712,34,Female,CR00004,Programming,Free,2025-11-14,0.0
TT02608,U02712,34,Female,CR00001,Programming,Paid,2025-10-25,472.28
TT02609,U02723,25,Female,CR00040,Project Management,Paid,2025-10-20,327.99
TT02610,U02727,34,Male,CR00034,Cybersecurity,Paid,2025-01-11,394.26
TT02611,U02727,34,Male,CR00026,Machine Learning,Free,2025-02-10,0.0
TT02612,U02731,26,Male,CR00018,Marketing,Free,2025-01-14,0.0
TT02613,U02732,26,Male,CR00042,Finance,Free,2025-09-29,0.0
TT02614,U02737,23,Male,CR00020,Marketing,Free,2025-04-21,0.0
TT02615,U02740,31,Male,CR00060,Digital Marketing,Free,2025-07-09,0.0
TT02616,U02748,27,Female,CR00048,Artificial Intelligence,Free,2025-03-16,0.0
TT02617,U02748,27,Female,CR00045,Finance,Free,2025-01-15,0.0
TT02618,U02750,23,Female,CR00055,Web Development,Paid,2025-11-24,57.32
TT02619,U02750,23,Female,CR00007,Design,Free,2025-09-25,0.0
TT02620,U02752,32,Female,CR00058,Digital Marketing,Free,2025-06-11,0.0
TT02621,U02755,30,Female,CR00043,Finance,Free,2025-09-27,0.0
TT02622,U02772,31,Male,CR00057,Digital Marketing,Paid,2025-06-22,177.34
TT02623,U02773,26,Male,CR00022,Data Science,Free,2025-03-24,0.0
TT02624,U02782,25,Male,CR00045,Finance,Free,2025-01-20,0.0
TT02625,U02794,33,Female,CR00030,Machine Learning,Free,2025-04-21,0.0
TT02626,U02794,33,Female,CR00038,Project Management,Paid,2025-04-16,342.61
TT02627,U02809,32,Male,CR00043,Finance,Free,2025-07-03,0.0
TT02628,U02809,32,Male,CR00048,Artificial Intelligence,Free,2025-10-09,0.0
TT02629,U02813,27,Male,CR00031,Cybersecurity,Free,2025-04-02,0.0
TT02630,U02814,27,Female,CR00035,Cybersecurity,Free,2025-07-12,0.0
TT02631,U02814,27,Female,CR00003,Programming,Free,2025-12-05,0.0
TT02632,U02828,32,Female,CR00019,Marketing,Free,2025-07-21,0.0
TT02633,U02828,32,Female,CR00050,Artificial Intelligence,Paid,2025-04-09,490.9
TT02634,U02836,17,Female,CR00001,Programming,Paid,2025-03-17,472.28
TT02635,U02837,31,Male,CR00014,Business,Free,2025-11-27,0.0
TT02636,U02837,31,Male,CR00058,Digital Marketing,Free,2025-02-08,0.0
TT02637,U02838,35,Male,CR00050,Artificial Intelligence,Paid,2025-02-14,490.9
TT02638,U02838,35,Male,CR00039,Project Management,Paid,2025-03-02,346.71
TT02639,U02840,29,Female,CR00058,Digital Marketing,Free,2025-10-25,0.0
TT02640,U02842,20,Female,CR00013,Business,Free,2025-04-19,0.0
TT02641,U02842,20,Female,CR00050,Artificial Intelligence,Paid,2025-11-22,490.9
TT02642,U02849,31,Female,CR00004,Programming,Free,2025-06-10,0.0
TT02643,U02871,19,Female,CR00035,Cybersecurity,Free,2025-01-24,0.0
TT02644,U02878,23,Male,CR00044,Finance,Paid,2025-10-12,119.04
TT02645,U02878,23,Male,CR00049,Artificial Intelligence,Paid,2025-07-03,415.51
TT02646,U02895,21,Female,CR00048,Artificial Intelligence,Free,2025-12-03,0.0
TT02647,U02895,21,Female,CR00041,Finance,Paid,2025-06-07,53.86
TT02648,U02897,27,Male,CR00025,Data Science,Paid,2025-06-23,299.57
TT02649,U02902,27,Male,CR00052,Web Development,Free,2025-07-11,0.0
TT02650,U02902,27,Male,CR00032,Cybersecurity,Free,2025-10-12,0.0
TT02651,U02904,18,Male,CR00039,Project Management,Paid,2025-09-22,346.71
TT02652,U02905,27,Female,CR00018,Marketing,Free,2025-06-02,0.0
TT02653,U02905,27,Female,CR00044,Finance,Paid,2025-03-16,119.04
TT02654,U02907,17,Female,CR00049,Artificial Intelligence,Paid,2025-05-19,415.51
TT02655,U02907,17,Female,CR00053,Web Development,Free,2025-08-30,0.0
TT02656,U02914,31,Female,CR00055,Web Development,Paid,2025-10-26,57.32
TT02657,U02914,31,Female,CR00026,Machine Learning,Free,2025-01-17,0.0
TT02658,U02918,19,Female,CR00058,Digital Marketing,Free,2025-07-27,0.0
TT02659,U02918,19,Female,CR00005,Programming,Free,2025-05-27,0.0
TT02660,U02924,21,Female,CR00045,Finance,Free,2025-10-25,0.0
TT02661,U02936,35,Female,CR00007,Design,Free,2025-03-24,0.0
TT02662,U02936,35,Female,CR00016,Marketing,Free,2025-11-13,0.0
TT02663,U02938,28,Male,CR00013,Business,Free,2025-12-30,0.0
TT02664,U02956,18,Male,CR00041,Finance,Paid,2025-04-02,53.86
TT02665,U02956,18,Male,CR00005,Programming,Free,2025-06-28,0.0
TT02666,U02959,29,Male,CR00006,Design,Paid,2025-02-02,276.37
TT02667,U02959,29,Male,CR00019,Marketing,Free,2025-07-22,0.0
TT02668,U02962,23,Male,CR00042,Finance,Free,2025-04-25,0.0
TT02669,U02968,34,Female,CR00025,Data Science,Paid,2025-11-25,299.57
TT02670,U02968,34,Female,CR00056,Digital Marketing,Paid,2025-01-05,212.39
TT02671,U02988,17,Male,CR00016,Marketing,Free,2025-12-29,0.0
TT02672,U02995,16,Male,CR00051,Web Development,Paid,2025-08-21,37.89
TT02673,U02996,32,Male,CR00043,Finance,Free,2025-11-21,0.0
TT02674,U03000,15,Male,CR00034,Cybersecurity,Paid,2025-02-06,394.26
TT02675,U00001,15,Male,CR00034,Cybersecurity,Paid,2025-11-02,394.26
TT02676,U00002,29,Female,CR00004,Programming,Free,2025-07-15,0.0
TT02677,U00006,21,Male,CR00028,Machine Learning,Paid,2025-11-19,0.78
TT02678,U00007,24,Male,CR00031,Cybersecurity,Free,2025-03-08,0.0
TT02679,U00008,33,Female,CR00042,Finance,Free,2025-07-30,0.0
TT02680,U00009,20,Female,CR00006,Design,Paid,2025-06-19,276.37
TT02681,U00016,32,Male,CR00017,Marketing,Free,2025-09-27,0.0
TT02682,U00020,27,Female,CR00004,Programming,Free,2025-07-17,0.0
TT02683,U00022,31,Male,CR00036,Project Management,Free,2025-05-20,0.0
TT02684,U00023,32,Male,CR00009,Design,Free,2025-06-14,0.0
TT02685,U00026,19,Male,CR00040,Project Management,Paid,2025-11-06,327.99
TT02686,U00030,34,Male,CR00037,Project Management,Free,2025-11-15,0.0
TT02687,U00031,30,Male,CR00052,Web Development,Free,2025-10-21,0.0
TT02688,U00032,18,Male,CR00015,Business,Paid,2025-04-10,285.05
TT02689,U00033,25,Male,CR00006,Design,Paid,2025-02-02,276.37
TT02690,U00035,32,Male,CR00028,Machine Learning,Paid,2025-05-17,0.78
TT02691,U00036,24,Female,CR00003,Programming,Free,2025-11-01,0.0
TT02692,U00039,16,Female,CR00039,Project Management,Paid,2025-03-01,346.71
TT02693,U00040,15,Male,CR00003,Programming,Free,2025-05-13,0.0
TT02694,U00044,19,Male,CR00025,Data Science,Paid,2025-05-19,299.57
TT02695,U00049,32,Male,CR00037,Project Management,Free,2025-04-29,0.0
TT02696,U00050,33,Male,CR00007,Design,Free,2025-08-14,0.0
TT02697,U00051,32,Female,CR00009,Design,Free,2025-07-25,0.0
TT02698,U00052,25,Female,CR00028,Machine Learning,Paid,2025-09-15,0.78
TT02699,U00053,34,Female,CR00041,Finance,Paid,2025-12-18,53.86
TT02700,U00054,22,Female,CR00050,Artificial Intelligence,Paid,2025-03-12,490.9
TT02701,U00058,30,Female,CR00024,Data Science,Paid,2025-04-10,117.68
TT02702,U00059,32,Male,CR00009,Design,Free,2025-08-21,0.0
TT02703,U00061,32,Female,CR00031,Cybersecurity,Free,2025-05-05,0.0
TT02704,U00062,28,Female,CR00003,Programming,Free,2025-11-26,0.0
TT02705,U00064,33,Female,CR00006,Design,Paid,2025-09-08,276.37
TT02706,U00065,29,Male,CR00053,Web Development,Free,2025-01-15,0.0
TT02707,U00067,28,Female,CR00044,Finance,Paid,2025-11-06,119.04
TT02708,U00077,20,Male,CR00020,Marketing,Free,2025-08-30,0.0
TT02709,U00079,28,Male,CR00035,Cybersecurity,Free,2025-10-04,0.0
TT02710,U00080,35,Female,CR00004,Programming,Free,2025-05-21,0.0
TT02711,U00081,18,Female,CR00008,Design,Free,2025-07-09,0.0
TT02712,U00084,20,Male,CR00040,Project Management,Paid,2025-02-11,327.99
TT02713,U00088,23,Male,CR00048,Artificial Intelligence,Free,2025-01-26,0.0
TT02714,U00089,30,Male,CR00026,Machine Learning,Free,2025-05-16,0.0
TT02715,U00090,34,Male,CR00037,Project Management,Free,2025-11-17,0.0
TT02716,U00093,16,Male,CR00015,Business,Paid,2025-06-23,285.05
TT02717,U00095,20,Male,CR00046,Artificial Intelligence,Paid,2025-06-06,248.1
TT02718,U00098,31,Male,CR00010,Design,Free,2025-05-26,0.0
TT02719,U00099,29,Female,CR00025,Data Science,Paid,2025-08-22,299.57
TT02720,U00100,32,Female,CR00060,Digital Marketing,Free,2025-09-21,0.0
TT02721,U00101,15,Female,CR00047,Artificial Intelligence,Paid,2025-03-07,89.59
TT02722,U00103,30,Female,CR00013,Business,Free,2025-02-16,0.0
TT02723,U00105,27,Male,CR00025,Data Science,Paid,2025-07-21,299.57
TT02724,U00107,18,Female,CR00003,Programming,Free,2025-07-26,0.0
TT02725,U00111,24,Male,CR00060,Digital Marketing,Free,2025-06-28,0.0
TT02726,U00113,19,Male,CR00039,Project Management,Paid,2025-04-14,346.71
TT02727,U00116,31,Male,CR00008,Design,Free,2025-04-27,0.0
TT02728,U00119,28,Male,CR00055,Web Development,Paid,2025-06-11,57.32
TT02729,U00130,17,Male,CR00046,Artificial Intelligence,Paid,2025-01-16,248.1
TT02730,U00131,19,Male,CR00014,Business,Free,2025-10-24,0.0
TT02731,U00132,22,Male,CR00029,Machine Learning,Free,2025-10-21,0.0
TT02732,U00135,17,Female,CR00023,Data Science,Free,2025-07-07,0.0
TT02733,U00141,20,Male,CR00004,Programming,Free,2025-02-06,0.0
TT02734,U00142,17,Female,CR00001,Programming,Paid,2025-01-20,472.28
TT02735,U00146,30,Female,CR00058,Digital Marketing,Free,2025-11-18,0.0
TT02736,U00148,35,Female,CR00023,Data Science,Free,2025-02-05,0.0
TT02737,U00151,16,Female,CR00058,Digital Marketing,Free,2025-02-27,0.0
TT02738,U00156,17,Male,CR00045,Finance,Free,2025-02-13,0.0
TT02739,U00158,35,Female,CR00005,Programming,Free,2025-05-24,0.0
TT02740,U00160,28,Female,CR00040,Project Management,Paid,2025-12-16,327.99
TT02741,U00163,32,Female,CR00037,Project Management,Free,2025-07-20,0.0
TT02742,U00167,31,Female,CR00035,Cybersecurity,Free,2025-11-16,0.0
TT02743,U00172,35,Female,CR00026,Machine Learning,Free,2025-11-07,0.0
TT02744,U00174,29,Male,CR00056,Digital Marketing,Paid,2025-12-26,212.39
TT02745,U00176,34,Male,CR00036,Project Management,Free,2025-07-27,0.0
TT02746,U00181,32,Female,CR00025,Data Science,Paid,2025-11-06,299.57
TT02747,U00182,28,Female,CR00042,Finance,Free,2025-01-21,0.0
TT02748,U00183,33,Male,CR00026,Machine Learning,Free,2025-07-02,0.0
TT02749,U00184,28,Male,CR00032,Cybersecurity,Free,2025-05-07,0.0
TT02750,U00185,27,Male,CR00055,Web Development,Paid,2025-04-19,57.32
TT02751,U00187,18,Male,CR00001,Programming,Paid,2025-06-18,472.28
TT02752,U00188,18,Male,CR00008,Design,Free,2025-11-07,0.0
TT02753,U00189,18,Male,CR00045,Finance,Free,2025-08-18,0.0
TT02754,U00190,25,Female,CR00012,Business,Paid,2025-03-30,487.92
TT02755,U00193,33,Male,CR00017,Marketing,Free,2025-06-24,0.0
TT02756,U00194,35,Male,CR00023,Data Science,Free,2025-02-07,0.0
TT02757,U00195,15,Male,CR00039,Project Management,Paid,2025-07-10,346.71
TT02758,U00197,35,Female,CR00021,Data Science,Free,2025-03-04,0.0
TT02759,U00199,24,Female,CR00002,Programming,Free,2025-05-06,0.0
TT02760,U00202,28,Female,CR00003,Programming,Free,2025-11-17,0.0
TT02761,U00211,22,Male,CR00036,Project Management,Free,2025-03-25,0.0
TT02762,U00214,24,Female,CR00047,Artificial Intelligence,Paid,2025-10-27,89.59
TT02763,U00215,28,Male,CR00011,Business,Paid,2025-07-29,326.02
TT02764,U00218,15,Female,CR00016,Marketing,Free,2025-10-06,0.0
TT02765,U00219,23,Female,CR00009,Design,Free,2025-02-02,0.0
TT02766,U00222,28,Male,CR00028,Machine Learning,Paid,2025-09-03,0.78
TT02767,U00223,35,Female,CR00042,Finance,Free,2025-05-20,0.0
TT02768,U00224,15,Female,CR00050,Artificial Intelligence,Paid,2025-11-21,490.9
TT02769,U00225,18,Male,CR00042,Finance,Free,2025-09-21,0.0
TT02770,U00226,34,Female,CR00039,Project Management,Paid,2025-11-06,346.71
TT02771,U00228,18,Male,CR00024,Data Science,Paid,2025-11-30,117.68
TT02772,U00232,26,Female,CR00032,Cybersecurity,Free,2025-04-09,0.0
TT02773,U00233,32,Male,CR00044,Finance,Paid,2025-11-06,119.04
TT02774,U00236,25,Female,CR00034,Cybersecurity,Paid,2025-12-11,394.26
TT02775,U00243,24,Female,CR00057,Digital Marketing,Paid,2025-01-12,177.34
TT02776,U00244,28,Male,CR00006,Design,Paid,2025-03-02,276.37
TT02777,U00246,31,Male,CR00001,Programming,Paid,2025-05-09,472.28
TT02778,U00248,17,Male,CR00045,Finance,Free,2025-08-28,0.0
TT02779,U00249,35,Female,CR00004,Programming,Free,2025-08-10,0.0
TT02780,U00250,21,Male,CR00038,Project Management,Paid,2025-09-22,342.61
TT02781,U00252,29,Female,CR00008,Design,Free,2025-01-21,0.0
TT02782,U00253,19,Male,CR00059,Digital Marketing,Free,2025-02-27,0.0
TT02783,U00256,35,Female,CR00009,Design,Free,2025-03-26,0.0
TT02784,U00257,29,Male,CR00037,Project Management,Free,2025-11-26,0.0
TT02785,U00258,19,Male,CR00024,Data Science,Paid,2025-11-12,117.68
TT02786,U00261,28,Female,CR00029,Machine Learning,Free,2025-11-07,0.0
TT02787,U00262,24,Male,CR00031,Cybersecurity,Free,2025-12-06,0.0
TT02788,U00266,25,Female,CR00056,Digital Marketing,Paid,2025-06-23,212.39
TT02789,U00270,23,Male,CR00053,Web Development,Free,2025-02-09,0.0
TT02790,U00271,15,Male,CR00058,Digital Marketing,Free,2025-06-11,0.0
TT02791,U00273,25,Female,CR00060,Digital Marketing,Free,2025-02-24,0.0
TT02792,U00275,28,Female,CR00019,Marketing,Free,2025-12-15,0.0
TT02793,U00276,22,Female,CR00025,Data Science,Paid,2025-03-20,299.57
TT02794,U00277,21,Male,CR00018,Marketing,Free,2025-06-10,0.0
TT02795,U00281,30,Female,CR00020,Marketing,Free,2025-06-18,0.0
TT02796,U00288,35,Male,CR00033,Cybersecurity,Free,2025-01-28,0.0
TT02797,U00289,17,Female,CR00028,Machine Learning,Paid,2025-08-17,0.78
TT02798,U00294,21,Female,CR00026,Machine Learning,Free,2025-07-05,0.0
TT02799,U00295,29,Male,CR00029,Machine Learning,Free,2025-06-06,0.0
TT02800,U00299,20,Female,CR00014,Business,Free,2025-11-28,0.0
TT02801,U00302,34,Female,CR00051,Web Development,Paid,2025-04-16,37.89
TT02802,U00304,35,Male,CR00040,Project Management,Paid,2025-07-16,327.99
TT02803,U00305,22,Male,CR00035,Cybersecurity,Free,2025-11-12,0.0
TT02804,U00306,28,Male,CR00043,Finance,Free,2025-12-22,0.0
TT02805,U00309,27,Male,CR00038,Project Management,Paid,2025-04-26,342.61
TT02806,U00313,29,Female,CR00059,Digital Marketing,Free,2025-09-16,0.0
TT02807,U00318,20,Male,CR00011,Business,Paid,2025-11-14,326.02
TT02808,U00319,15,Female,CR00039,Project Management,Paid,2025-05-26,346.71
TT02809,U00324,16,Male,CR00004,Programming,Free,2025-07-15,0.0
TT02810,U00325,26,Male,CR00014,Business,Free,2025-04-20,0.0
TT02811,U00326,25,Female,CR00052,Web Development,Free,2025-04-23,0.0
TT02812,U00331,17,Male,CR00006,Design,Paid,2025-08-10,276.37
TT02813,U00332,25,Male,CR00027,Machine Learning,Free,2025-09-14,0.0
TT02814,U00333,26,Female,CR00045,Finance,Free,2025-04-17,0.0
TT02815,U00335,33,Female,CR00035,Cybersecurity,Free,2025-03-21,0.0
TT02816,U00336,19,Male,CR00048,Artificial Intelligence,Free,2025-12-30,0.0
TT02817,U00341,24,Male,CR00017,Marketing,Free,2025-07-21,0.0
TT02818,U00343,31,Male,CR00029,Machine Learning,Free,2025-04-02,0.0
TT02819,U00349,28,Male,CR00029,Machine Learning,Free,2025-09-05,0.0
TT02820,U00355,15,Female,CR00010,Design,Free,2025-11-12,0.0
TT02821,U00358,19,Male,CR00037,Project Management,Free,2025-07-22,0.0
TT02822,U00359,29,Female,CR00005,Programming,Free,2025-07-23,0.0
TT02823,U00360,32,Male,CR00021,Data Science,Free,2025-04-19,0.0
TT02824,U00361,18,Female,CR00016,Marketing,Free,2025-08-14,0.0
TT02825,U00363,32,Female,CR00008,Design,Free,2025-11-12,0.0
TT02826,U00364,34,Male,CR00036,Project Management,Free,2025-04-20,0.0
TT02827,U00368,26,Male,CR00008,Design,Free,2025-03-18,0.0
TT02828,U00372,23,Male,CR00028,Machine Learning,Paid,2025-07-27,0.78
TT02829,U00373,26,Female,CR00013,Business,Free,2025-10-28,0.0
TT02830,U00374,28,Female,CR00048,Artificial Intelligence,Free,2025-12-05,0.0
TT02831,U00376,29,Male,CR00009,Design,Free,2025-01-07,0.0
TT02832,U00377,21,Female,CR00057,Digital Marketing,Paid,2025-10-12,177.34
TT02833,U00380,23,Female,CR00028,Machine Learning,Paid,2025-01-23,0.78
TT02834,U00381,32,Male,CR00010,Design,Free,2025-05-06,0.0
TT02835,U00385,20,Male,CR00030,Machine Learning,Free,2025-01-07,0.0
TT02836,U00387,29,Female,CR00028,Machine Learning,Paid,2025-08-10,0.78
TT02837,U00391,19,Female,CR00033,Cybersecurity,Free,2025-08-15,0.0
TT02838,U00393,30,Male,CR00035,Cybersecurity,Free,2025-02-26,0.0
TT02839,U00395,22,Female,CR00035,Cybersecurity,Free,2025-12-26,0.0
TT02840,U00397,16,Male,CR00051,Web Development,Paid,2025-02-11,37.89
TT02841,U00410,33,Male,CR00053,Web Development,Free,2025-11-03,0.0
TT02842,U00414,25,Male,CR00007,Design,Free,2025-10-16,0.0
TT02843,U00420,24,Female,CR00040,Project Management,Paid,2025-04-28,327.99
TT02844,U00421,32,Male,CR00010,Design,Free,2025-10-21,0.0
TT02845,U00425,19,Male,CR00050,Artificial Intelligence,Paid,2025-08-21,490.9
TT02846,U00428,23,Male,CR00019,Marketing,Free,2025-06-26,0.0
TT02847,U00429,23,Female,CR00042,Finance,Free,2025-09-04,0.0
TT02848,U00431,15,Female,CR00012,Business,Paid,2025-10-10,487.92
TT02849,U00432,31,Male,CR00017,Marketing,Free,2025-08-30,0.0
TT02850,U00433,32,Female,CR00006,Design,Paid,2025-01-28,276.37
TT02851,U00434,22,Male,CR00057,Digital Marketing,Paid,2025-02-06,177.34
TT02852,U00435,34,Female,CR00044,Finance,Paid,2025-06-20,119.04
TT02853,U00439,31,Female,CR00008,Design,Free,2025-12-05,0.0
TT02854,U00440,20,Female,CR00053,Web Development,Free,2025-12-17,0.0
TT02855,U00441,19,Male,CR00051,Web Development,Paid,2025-03-16,37.89
TT02856,U00442,21,Female,CR00015,Business,Paid,2025-11-15,285.05
TT02857,U00445,31,Female,CR00015,Business,Paid,2025-06-05,285.05
TT02858,U00447,23,Male,CR00023,Data Science,Free,2025-10-02,0.0
TT02859,U00451,20,Male,CR00046,Artificial Intelligence,Paid,2025-03-17,248.1
TT02860,U00453,20,Male,CR00050,Artificial Intelligence,Paid,2025-01-14,490.9
TT02861,U00459,22,Male,CR00037,Project Management,Free,2025-10-14,0.0
TT02862,U00463,18,Female,CR00037,Project Management,Free,2025-06-27,0.0
TT02863,U00465,26,Male,CR00028,Machine Learning,Paid,2025-01-10,0.78
TT02864,U00467,34,Male,CR00032,Cybersecurity,Free,2025-07-30,0.0
TT02865,U00468,19,Female,CR00035,Cybersecurity,Free,2025-01-27,0.0
TT02866,U00470,18,Female,CR00047,Artificial Intelligence,Paid,2025-11-22,89.59
TT02867,U00471,31,Female,CR00058,Digital Marketing,Free,2025-02-26,0.0
TT02868,U00472,22,Female,CR00036,Project Management,Free,2025-10-02,0.0
TT02869,U00477,19,Male,CR00051,Web Development,Paid,2025-01-08,37.89
TT02870,U00480,20,Female,CR00059,Digital Marketing,Free,2025-10-14,0.0
TT02871,U00481,32,Female,CR00011,Business,Paid,2025-12-07,326.02
TT02872,U00482,33,Female,CR00059,Digital Marketing,Free,2025-07-26,0.0
TT02873,U00483,22,Male,CR00012,Business,Paid,2025-06-23,487.92
TT02874,U00490,33,Male,CR00014,Business,Free,2025-08-17,0.0
TT02875,U00491,20,Male,CR00034,Cybersecurity,Paid,2025-08-09,394.26
TT02876,U00492,20,Female,CR00057,Digital Marketing,Paid,2025-02-17,177.34
TT02877,U00493,30,Male,CR00037,Project Management,Free,2025-01-17,0.0
TT02878,U00499,21,Male,CR00049,Artificial Intelligence,Paid,2025-04-01,415.51
TT02879,U00501,26,Female,CR00033,Cybersecurity,Free,2025-06-03,0.0
TT02880,U00508,28,Female,CR00058,Digital Marketing,Free,2025-03-26,0.0
TT02881,U00509,20,Female,CR00043,Finance,Free,2025-05-10,0.0
TT02882,U00510,15,Male,CR00013,Business,Free,2025-04-23,0.0
TT02883,U00511,28,Male,CR00019,Marketing,Free,2025-05-08,0.0
TT02884,U00513,25,Male,CR00058,Digital Marketing,Free,2025-06-01,0.0
TT02885,U00516,33,Female,CR00057,Digital Marketing,Paid,2025-05-23,177.34
TT02886,U00517,22,Female,CR00021,Data Science,Free,2025-04-17,0.0
TT02887,U00518,20,Female,CR00049,Artificial Intelligence,Paid,2025-11-21,415.51
TT02888,U00520,29,Male,CR00021,Data Science,Free,2025-11-11,0.0
TT02889,U00523,31,Male,CR00038,Project Management,Paid,2025-09-16,342.61
TT02890,U00525,31,Male,CR00059,Digital Marketing,Free,2025-08-07,0.0
TT02891,U00526,24,Male,CR00048,Artificial Intelligence,Free,2025-10-02,0.0
TT02892,U00528,26,Female,CR00005,Programming,Free,2025-07-24,0.0
TT02893,U00530,35,Female,CR00041,Finance,Paid,2025-07-14,53.86
TT02894,U00532,15,Female,CR00001,Programming,Paid,2025-02-11,472.28
TT02895,U00536,35,Female,CR00037,Project Management,Free,2025-01-02,0.0
TT02896,U00538,20,Male,CR00014,Business,Free,2025-04-08,0.0
TT02897,U00539,25,Male,CR00025,Data Science,Paid,2025-04-20,299.57
TT02898,U00540,15,Male,CR00041,Finance,Paid,2025-11-22,53.86
TT02899,U00542,32,Male,CR00014,Business,Free,2025-09-24,0.0
TT02900,U00544,30,Male,CR00003,Programming,Free,2025-10-09,0.0
TT02901,U00545,18,Female,CR00048,Artificial Intelligence,Free,2025-08-17,0.0
TT02902,U00546,25,Male,CR00042,Finance,Free,2025-07-03,0.0
TT02903,U00547,19,Female,CR00057,Digital Marketing,Paid,2025-08-23,177.34
TT02904,U00549,17,Female,CR00041,Finance,Paid,2025-05-13,53.86
TT02905,U00554,18,Male,CR00015,Business,Paid,2025-07-16,285.05
TT02906,U00561,33,Male,CR00036,Project Management,Free,2025-11-13,0.0
TT02907,U00568,16,Female,CR00014,Business,Free,2025-09-13,0.0
TT02908,U00575,35,Male,CR00042,Finance,Free,2025-08-21,0.0
TT02909,U00577,17,Female,CR00038,Project Management,Paid,2025-04-03,342.61
TT02910,U00578,26,Male,CR00059,Digital Marketing,Free,2025-01-11,0.0
TT02911,U00579,34,Male,CR00003,Programming,Free,2025-10-10,0.0
TT02912,U00582,26,Male,CR00004,Programming,Free,2025-09-27,0.0
TT02913,U00589,19,Female,CR00008,Design,Free,2025-04-11,0.0
TT02914,U00594,20,Male,CR00003,Programming,Free,2025-10-29,0.0
TT02915,U00597,28,Female,CR00046,Artificial Intelligence,Paid,2025-09-18,248.1
TT02916,U00598,28,Male,CR00049,Artificial Intelligence,Paid,2025-10-08,415.51
TT02917,U00599,33,Male,CR00030,Machine Learning,Free,2025-09-05,0.0
TT02918,U00600,21,Male,CR00060,Digital Marketing,Free,2025-11-11,0.0
TT02919,U00601,24,Male,CR00053,Web Development,Free,2025-11-04,0.0
TT02920,U00608,31,Male,CR00002,Programming,Free,2025-07-09,0.0
TT02921,U00610,19,Male,CR00017,Marketing,Free,2025-03-25,0.0
TT02922,U00612,23,Male,CR00055,Web Development,Paid,2025-05-02,57.32
TT02923,U00614,23,Female,CR00058,Digital Marketing,Free,2025-08-03,0.0
TT02924,U00615,20,Male,CR00014,Business,Free,2025-10-07,0.0
TT02925,U00617,18,Female,CR00023,Data Science,Free,2025-09-20,0.0
TT02926,U00618,22,Male,CR00060,Digital Marketing,Free,2025-06-29,0.0
TT02927,U00620,30,Male,CR00045,Finance,Free,2025-04-29,0.0
TT02928,U00629,20,Female,CR00007,Design,Free,2025-05-17,0.0
TT02929,U00632,26,Female,CR00027,Machine Learning,Free,2025-09-09,0.0
TT02930,U00641,32,Male,CR00038,Project Management,Paid,2025-11-18,342.61
TT02931,U00643,20,Female,CR00040,Project Management,Paid,2025-12-01,327.99
TT02932,U00644,20,Female,CR00004,Programming,Free,2025-05-14,0.0
TT02933,U00646,29,Female,CR00004,Programming,Free,2025-07-06,0.0
TT02934,U00647,26,Female,CR00012,Business,Paid,2025-01-16,487.92
TT02935,U00649,32,Male,CR00049,Artificial Intelligence,Paid,2025-11-24,415.51
TT02936,U00650,26,Female,CR00016,Marketing,Free,2025-02-25,0.0
TT02937,U00656,31,Male,CR00043,Finance,Free,2025-04-25,0.0
TT02938,U00658,23,Female,CR00059,Digital Marketing,Free,2025-12-29,0.0
TT02939,U00663,35,Male,CR00015,Business,Paid,2025-08-09,285.05
TT02940,U00664,17,Male,CR00024,Data Science,Paid,2025-02-18,117.68
TT02941,U00669,20,Female,CR00046,Artificial Intelligence,Paid,2025-01-13,248.1
TT02942,U00674,21,Male,CR00013,Business,Free,2025-01-04,0.0
TT02943,U00677,35,Female,CR00049,Artificial Intelligence,Paid,2025-05-25,415.51
TT02944,U00678,33,Female,CR00043,Finance,Free,2025-01-11,0.0
TT02945,U00679,28,Male,CR00006,Design,Paid,2025-08-22,276.37
TT02946,U00680,35,Female,CR00012,Business,Paid,2025-11-06,487.92
TT02947,U00682,33,Male,CR00058,Digital Marketing,Free,2025-12-02,0.0
TT02948,U00683,20,Female,CR00007,Design,Free,2025-04-02,0.0
TT02949,U00685,29,Female,CR00012,Business,Paid,2025-02-05,487.92
TT02950,U00686,35,Female,CR00052,Web Development,Free,2025-11-20,0.0
TT02951,U00690,29,Female,CR00059,Digital Marketing,Free,2025-03-02,0.0
TT02952,U00691,16,Female,CR00007,Design,Free,2025-11-06,0.0
TT02953,U00692,27,Male,CR00037,Project Management,Free,2025-12-21,0.0
TT02954,U00693,35,Female,CR00055,Web Development,Paid,2025-01-21,57.32
TT02955,U00694,33,Female,CR00021,Data Science,Free,2025-10-27,0.0
TT02956,U00695,31,Female,CR00010,Design,Free,2025-06-03,0.0
TT02957,U00697,32,Female,CR00003,Programming,Free,2025-02-20,0.0
TT02958,U00705,15,Male,CR00017,Marketing,Free,2025-04-24,0.0
TT02959,U00707,29,Male,CR00009,Design,Free,2025-05-19,0.0
TT02960,U00708,29,Female,CR00016,Marketing,Free,2025-02-06,0.0
TT02961,U00710,19,Male,CR00046,Artificial Intelligence,Paid,2025-05-07,248.1
TT02962,U00715,25,Female,CR00014,Business,Free,2025-02-22,0.0
TT02963,U00717,34,Female,CR00031,Cybersecurity,Free,2025-07-13,0.0
TT02964,U00720,17,Female,CR00049,Artificial Intelligence,Paid,2025-12-21,415.51
TT02965,U00721,20,Female,CR00007,Design,Free,2025-04-03,0.0
TT02966,U00725,28,Female,CR00054,Web Development,Free,2025-05-10,0.0
TT02967,U00726,26,Female,CR00001,Programming,Paid,2025-03-16,472.28
TT02968,U00728,17,Male,CR00020,Marketing,Free,2025-10-04,0.0
TT02969,U00732,22,Male,CR00034,Cybersecurity,Paid,2025-06-29,394.26
TT02970,U00739,25,Female,CR00042,Finance,Free,2025-01-16,0.0
TT02971,U00742,29,Male,CR00040,Project Management,Paid,2025-03-14,327.99
TT02972,U00744,15,Male,CR00019,Marketing,Free,2025-12-17,0.0
TT02973,U00749,18,Male,CR00016,Marketing,Free,2025-11-25,0.0
TT02974,U00750,23,Female,CR00012,Business,Paid,2025-04-17,487.92
TT02975,U00751,19,Male,CR00005,Programming,Free,2025-02-22,0.0
TT02976,U00756,33,Female,CR00042,Finance,Free,2025-05-07,0.0
TT02977,U00757,22,Female,CR00041,Finance,Paid,2025-08-28,53.86
TT02978,U00758,16,Male,CR00013,Business,Free,2025-02-15,0.0
TT02979,U00759,22,Male,CR00028,Machine Learning,Paid,2025-04-06,0.78
TT02980,U00761,31,Male,CR00058,Digital Marketing,Free,2025-11-26,0.0
TT02981,U00762,22,Female,CR00039,Project Management,Paid,2025-09-19,346.71
TT02982,U00763,16,Male,CR00023,Data Science,Free,2025-04-22,0.0
TT02983,U00769,16,Female,CR00010,Design,Free,2025-10-16,0.0
TT02984,U00770,29,Male,CR00026,Machine Learning,Free,2025-02-11,0.0
TT02985,U00773,25,Female,CR00044,Finance,Paid,2025-05-07,119.04
TT02986,U00774,27,Male,CR00032,Cybersecurity,Free,2025-03-02,0.0
TT02987,U00776,26,Female,CR00050,Artificial Intelligence,Paid,2025-04-02,490.9
TT02988,U00779,24,Female,CR00032,Cybersecurity,Free,2025-09-30,0.0
TT02989,U00780,32,Female,CR00002,Programming,Free,2025-11-01,0.0
TT02990,U00781,18,Female,CR00021,Data Science,Free,2025-01-07,0.0
TT02991,U00782,25,Male,CR00007,Design,Free,2025-06-24,0.0
TT02992,U00785,17,Female,CR00059,Digital Marketing,Free,2025-02-28,0.0
TT02993,U00798,19,Female,CR00008,Design,Free,2025-06-11,0.0
TT02994,U00805,18,Female,CR00020,Marketing,Free,2025-11-16,0.0
TT02995,U00806,27,Male,CR00022,Data Science,Free,2025-08-03,0.0
TT02996,U00807,35,Female,CR00038,Project Management,Paid,2025-03-13,342.61
TT02997,U00808,27,Female,CR00048,Artificial Intelligence,Free,2025-07-04,0.0
TT02998,U00809,24,Male,CR00050,Artificial Intelligence,Paid,2025-04-14,490.9
TT02999,U00814,21,Female,CR00018,Marketing,Free,2025-05-04,0.0
TT03000,U00817,35,Female,CR00054,Web Development,Free,2025-03-08,0.0
TT03001,U00824,27,Male,CR00042,Finance,Free,2025-12-22,0.0
TT03002,U00826,16,Male,CR00041,Finance,Paid,2025-06-10,53.86
TT03003,U00830,26,Female,CR00011,Business,Paid,2025-05-15,326.02
TT03004,U00832,20,Female,CR00003,Programming,Free,2025-06-08,0.0
TT03005,U00834,30,Male,CR00052,Web Development,Free,2025-09-25,0.0
TT03006,U00835,33,Female,CR00023,Data Science,Free,2025-07-23,0.0
TT03007,U00844,26,Male,CR00016,Marketing,Free,2025-02-05,0.0
TT03008,U00846,16,Male,CR00055,Web Development,Paid,2025-05-27,57.32
TT03009,U00847,23,Male,CR00059,Digital Marketing,Free,2025-10-20,0.0
TT03010,U00851,21,Male,CR00026,Machine Learning,Free,2025-06-10,0.0
TT03011,U00855,15,Female,CR00005,Programming,Free,2025-09-01,0.0
TT03012,U00856,21,Female,CR00060,Digital Marketing,Free,2025-08-13,0.0
TT03013,U00857,15,Male,CR00054,Web Development,Free,2025-06-20,0.0
TT03014,U00859,22,Male,CR00023,Data Science,Free,2025-08-07,0.0
TT03015,U00860,23,Female,CR00050,Artificial Intelligence,Paid,2025-05-10,490.9
TT03016,U00861,22,Female,CR00030,Machine Learning,Free,2025-10-10,0.0
TT03017,U00863,23,Female,CR00004,Programming,Free,2025-05-30,0.0
TT03018,U00865,27,Male,CR00015,Business,Paid,2025-09-08,285.05
TT03019,U00866,30,Male,CR00026,Machine Learning,Free,2025-06-02,0.0
TT03020,U00872,27,Male,CR00054,Web Development,Free,2025-11-15,0.0
TT03021,U00877,35,Male,CR00050,Artificial Intelligence,Paid,2025-08-12,490.9
TT03022,U00878,31,Male,CR00057,Digital Marketing,Paid,2025-05-24,177.34
TT03023,U00880,15,Male,CR00057,Digital Marketing,Paid,2025-08-05,177.34
TT03024,U00882,34,Female,CR00060,Digital Marketing,Free,2025-03-14,0.0
TT03025,U00884,19,Male,CR00012,Business,Paid,2025-08-15,487.92
TT03026,U00885,28,Female,CR00024,Data Science,Paid,2025-07-04,117.68
TT03027,U00889,31,Female,CR00023,Data Science,Free,2025-04-24,0.0
TT03028,U00897,20,Male,CR00057,Digital Marketing,Paid,2025-11-22,177.34
TT03029,U00901,23,Female,CR00033,Cybersecurity,Free,2025-03-19,0.0
TT03030,U00904,16,Female,CR00060,Digital Marketing,Free,2025-06-26,0.0
TT03031,U00905,15,Male,CR00010,Design,Free,2025-03-27,0.0
TT03032,U00906,34,Female,CR00025,Data Science,Paid,2025-01-29,299.57
TT03033,U00908,16,Female,CR00033,Cybersecurity,Free,2025-09-20,0.0
TT03034,U00909,35,Female,CR00004,Programming,Free,2025-01-18,0.0
TT03035,U00912,28,Male,CR00031,Cybersecurity,Free,2025-12-22,0.0
TT03036,U00913,35,Female,CR00055,Web Development,Paid,2025-10-19,57.32
TT03037,U00916,20,Male,CR00023,Data Science,Free,2025-01-30,0.0
TT03038,U00924,34,Male,CR00032,Cybersecurity,Free,2025-04-08,0.0
TT03039,U00932,21,Male,CR00055,Web Development,Paid,2025-06-23,57.32
TT03040,U00933,27,Female,CR00004,Programming,Free,2025-08-25,0.0
TT03041,U00934,15,Female,CR00036,Project Management,Free,2025-08-11,0.0
TT03042,U00935,16,Female,CR00022,Data Science,Free,2025-02-24,0.0
TT03043,U00936,30,Female,CR00058,Digital Marketing,Free,2025-11-22,0.0
TT03044,U00939,18,Male,CR00021,Data Science,Free,2025-01-07,0.0
TT03045,U00940,15,Female,CR00031,Cybersecurity,Free,2025-07-10,0.0
TT03046,U00942,21,Male,CR00043,Finance,Free,2025-06-23,0.0
TT03047,U00945,27,Female,CR00036,Project Management,Free,2025-04-30,0.0
TT03048,U00946,20,Female,CR00016,Marketing,Free,2025-09-05,0.0
TT03049,U00947,31,Female,CR00060,Digital Marketing,Free,2025-04-03,0.0
TT03050,U00956,21,Female,CR00040,Project Management,Paid,2025-05-20,327.99
TT03051,U00960,17,Male,CR00007,Design,Free,2025-11-23,0.0
TT03052,U00962,20,Male,CR00014,Business,Free,2025-03-25,0.0
TT03053,U00965,34,Female,CR00060,Digital Marketing,Free,2025-01-01,0.0
TT03054,U00966,23,Female,CR00002,Programming,Free,2025-05-22,0.0
TT03055,U00969,29,Male,CR00046,Artificial Intelligence,Paid,2025-03-02,248.1
TT03056,U00973,22,Male,CR00055,Web Development,Paid,2025-11-16,57.32
TT03057,U00974,31,Male,CR00059,Digital Marketing,Free,2025-06-03,0.0
TT03058,U00975,35,Female,CR00054,Web Development,Free,2025-09-15,0.0
TT03059,U00978,18,Male,CR00009,Design,Free,2025-06-05,0.0
TT03060,U00982,27,Female,CR00039,Project Management,Paid,2025-08-09,346.71
TT03061,U00985,21,Male,CR00027,Machine Learning,Free,2025-08-19,0.0
TT03062,U00987,27,Female,CR00058,Digital Marketing,Free,2025-11-03,0.0
TT03063,U00990,20,Male,CR00042,Finance,Free,2025-07-19,0.0
TT03064,U00991,30,Male,CR00047,Artificial Intelligence,Paid,2025-05-15,89.59
TT03065,U00993,17,Male,CR00011,Business,Paid,2025-11-26,326.02
TT03066,U00996,24,Male,CR00059,Digital Marketing,Free,2025-05-14,0.0
TT03067,U01005,19,Male,CR00044,Finance,Paid,2025-12-11,119.04
TT03068,U01007,30,Male,CR00042,Finance,Free,2025-07-28,0.0
TT03069,U01009,15,Female,CR00028,Machine Learning,Paid,2025-02-02,0.78
TT03070,U01010,35,Female,CR00007,Design,Free,2025-06-22,0.0
TT03071,U01011,18,Male,CR00046,Artificial Intelligence,Paid,2025-09-07,248.1
TT03072,U01012,35,Female,CR00040,Project Management,Paid,2025-04-21,327.99
TT03073,U01029,15,Male,CR00044,Finance,Paid,2025-08-07,119.04
TT03074,U01038,33,Male,CR00038,Project Management,Paid,2025-05-12,342.61
TT03075,U01040,21,Female,CR00015,Business,Paid,2025-11-26,285.05
TT03076,U01041,23,Female,CR00053,Web Development,Free,2025-06-18,0.0
TT03077,U01042,26,Male,CR00037,Project Management,Free,2025-04-30,0.0
TT03078,U01044,31,Female,CR00053,Web Development,Free,2025-05-03,0.0
TT03079,U01046,28,Female,CR00041,Finance,Paid,2025-04-11,53.86
TT03080,U01047,29,Female,CR00009,Design,Free,2025-12-24,0.0
TT03081,U01050,25,Female,CR00031,Cybersecurity,Free,2025-12-17,0.0
TT03082,U01053,26,Female,CR00023,Data Science,Free,2025-09-18,0.0
TT03083,U01057,33,Male,CR00042,Finance,Free,2025-07-25,0.0
TT03084,U01060,34,Female,CR00044,Finance,Paid,2025-08-16,119.04
TT03085,U01062,22,Female,CR00010,Design,Free,2025-02-22,0.0
TT03086,U01063,31,Female,CR00053,Web Development,Free,2025-01-26,0.0
TT03087,U01067,17,Male,CR00031,Cybersecurity,Free,2025-06-19,0.0
TT03088,U01069,35,Male,CR00035,Cybersecurity,Free,2025-08-06,0.0
TT03089,U01070,32,Male,CR00043,Finance,Free,2025-09-28,0.0
TT03090,U01074,26,Female,CR00045,Finance,Free,2025-07-28,0.0
TT03091,U01076,20,Male,CR00010,Design,Free,2025-05-18,0.0
TT03092,U01080,30,Female,CR00024,Data Science,Paid,2025-09-29,117.68
TT03093,U01081,26,Female,CR00011,Business,Paid,2025-02-02,326.02
TT03094,U01082,25,Male,CR00042,Finance,Free,2025-08-21,0.0
TT03095,U01086,29,Female,CR00024,Data Science,Paid,2025-06-14,117.68
TT03096,U01087,19,Male,CR00025,Data Science,Paid,2025-12-10,299.57
TT03097,U01093,23,Female,CR00003,Programming,Free,2025-05-28,0.0
TT03098,U01097,29,Female,CR00053,Web Development,Free,2025-05-06,0.0
TT03099,U01099,35,Female,CR00017,Marketing,Free,2025-12-19,0.0
TT03100,U01104,29,Male,CR00028,Machine Learning,Paid,2025-04-16,0.78
TT03101,U01105,27,Male,CR00032,Cybersecurity,Free,2025-03-17,0.0
TT03102,U01106,31,Male,CR00040,Project Management,Paid,2025-02-07,327.99
TT03103,U01107,30,Female,CR00048,Artificial Intelligence,Free,2025-12-15,0.0
TT03104,U01111,31,Male,CR00029,Machine Learning,Free,2025-09-28,0.0
TT03105,U01112,24,Female,CR00056,Digital Marketing,Paid,2025-11-12,212.39
TT03106,U01113,22,Female,CR00012,Business,Paid,2025-03-27,487.92
TT03107,U01114,32,Male,CR00023,Data Science,Free,2025-01-09,0.0
TT03108,U01115,18,Male,CR00040,Project Management,Paid,2025-07-19,327.99
TT03109,U01116,21,Female,CR00045,Finance,Free,2025-10-13,0.0
TT03110,U01117,23,Female,CR00002,Programming,Free,2025-08-23,0.0
TT03111,U01118,31,Male,CR00044,Finance,Paid,2025-12-28,119.04
TT03112,U01119,17,Female,CR00002,Programming,Free,2025-05-09,0.0
TT03113,U01121,20,Male,CR00024,Data Science,Paid,2025-03-28,117.68
TT03114,U01129,28,Female,CR00011,Business,Paid,2025-06-17,326.02
TT03115,U01130,28,Male,CR00041,Finance,Paid,2025-07-25,53.86
TT03116,U01133,35,Female,CR00009,Design,Free,2025-12-19,0.0
TT03117,U01139,22,Female,CR00003,Programming,Free,2025-01-26,0.0
TT03118,U01140,29,Female,CR00044,Finance,Paid,2025-09-17,119.04
TT03119,U01141,17,Female,CR00006,Design,Paid,2025-06-08,276.37
TT03120,U01145,15,Female,CR00001,Programming,Paid,2025-07-08,472.28
TT03121,U01147,15,Male,CR00002,Programming,Free,2025-07-08,0.0
TT03122,U01150,20,Male,CR00041,Finance,Paid,2025-03-18,53.86
TT03123,U01152,34,Male,CR00039,Project Management,Paid,2025-10-26,346.71
TT03124,U01153,15,Female,CR00038,Project Management,Paid,2025-02-24,342.61
TT03125,U01159,26,Female,CR00016,Marketing,Free,2025-04-27,0.0
TT03126,U01164,25,Female,CR00053,Web Development,Free,2025-02-01,0.0
TT03127,U01168,27,Female,CR00051,Web Development,Paid,2025-03-13,37.89
TT03128,U01169,31,Female,CR00026,Machine Learning,Free,2025-11-25,0.0
TT03129,U01171,19,Male,CR00040,Project Management,Paid,2025-10-09,327.99
TT03130,U01175,20,Female,CR00008,Design,Free,2025-04-17,0.0
TT03131,U01181,27,Female,CR00003,Programming,Free,2025-05-22,0.0
TT03132,U01184,31,Male,CR00041,Finance,Paid,2025-09-08,53.86
TT03133,U01186,34,Male,CR00048,Artificial Intelligence,Free,2025-04-01,0.0
TT03134,U01187,35,Female,CR00032,Cybersecurity,Free,2025-09-25,0.0
TT03135,U01188,24,Male,CR00030,Machine Learning,Free,2025-04-18,0.0
TT03136,U01190,31,Male,CR00035,Cybersecurity,Free,2025-07-17,0.0
TT03137,U01191,28,Female,CR00001,Programming,Paid,2025-12-17,472.28
TT03138,U01192,20,Female,CR00020,Marketing,Free,2025-10-26,0.0
TT03139,U01195,23,Male,CR00012,Business,Paid,2025-07-09,487.92
TT03140,U01198,33,Female,CR00008,Design,Free,2025-02-06,0.0
TT03141,U01199,17,Female,CR00053,Web Development,Free,2025-07-11,0.0
TT03142,U01206,15,Female,CR00051,Web Development,Paid,2025-02-21,37.89
TT03143,U01207,30,Female,CR00026,Machine Learning,Free,2025-02-23,0.0
TT03144,U01208,27,Female,CR00020,Marketing,Free,2025-05-30,0.0
TT03145,U01212,18,Female,CR00010,Design,Free,2025-12-27,0.0
TT03146,U01213,20,Female,CR00057,Digital Marketing,Paid,2025-01-20,177.34
TT03147,U01215,15,Female,CR00050,Artificial Intelligence,Paid,2025-04-15,490.9
TT03148,U01217,25,Female,CR00020,Marketing,Free,2025-06-15,0.0
TT03149,U01219,16,Male,CR00024,Data Science,Paid,2025-11-11,117.68
TT03150,U01220,29,Female,CR00015,Business,Paid,2025-12-01,285.05
TT03151,U01223,23,Female,CR00059,Digital Marketing,Free,2025-03-23,0.0
TT03152,U01227,15,Male,CR00040,Project Management,Paid,2025-01-10,327.99
TT03153,U01234,27,Male,CR00019,Marketing,Free,2025-12-12,0.0
TT03154,U01236,20,Female,CR00021,Data Science,Free,2025-11-01,0.0
TT03155,U01238,35,Male,CR00021,Data Science,Free,2025-05-02,0.0
TT03156,U01240,16,Male,CR00027,Machine Learning,Free,2025-11-27,0.0
TT03157,U01245,35,Male,CR00048,Artificial Intelligence,Free,2025-02-02,0.0
TT03158,U01253,17,Male,CR00056,Digital Marketing,Paid,2025-06-08,212.39
TT03159,U01254,23,Male,CR00027,Machine Learning,Free,2025-05-23,0.0
TT03160,U01256,32,Male,CR00002,Programming,Free,2025-03-21,0.0
TT03161,U01263,17,Female,CR00050,Artificial Intelligence,Paid,2025-09-03,490.9
TT03162,U01264,15,Male,CR00035,Cybersecurity,Free,2025-12-15,0.0
TT03163,U01272,16,Female,CR00010,Design,Free,2025-09-23,0.0
TT03164,U01273,31,Female,CR00048,Artificial Intelligence,Free,2025-07-28,0.0
TT03165,U01274,32,Female,CR00039,Project Management,Paid,2025-04-17,346.71
TT03166,U01275,35,Male,CR00035,Cybersecurity,Free,2025-05-15,0.0
TT03167,U01283,15,Male,CR00027,Machine Learning,Free,2025-11-12,0.0
TT03168,U01289,35,Female,CR00007,Design,Free,2025-01-22,0.0
TT03169,U01292,29,Male,CR00053,Web Development,Free,2025-03-19,0.0
TT03170,U01293,33,Male,CR00034,Cybersecurity,Paid,2025-07-25,394.26
TT03171,U01294,30,Male,CR00007,Design,Free,2025-05-07,0.0
TT03172,U01296,21,Female,CR00036,Project Management,Free,2025-09-19,0.0
TT03173,U01298,22,Female,CR00058,Digital Marketing,Free,2025-09-04,0.0
TT03174,U01299,28,Female,CR00016,Marketing,Free,2025-07-01,0.0
TT03175,U01306,22,Male,CR00053,Web Development,Free,2025-08-26,0.0
TT03176,U01307,16,Female,CR00010,Design,Free,2025-06-12,0.0
TT03177,U01308,23,Male,CR00032,Cybersecurity,Free,2025-02-06,0.0
TT03178,U01311,27,Male,CR00040,Project Management,Paid,2025-03-04,327.99
TT03179,U01312,16,Male,CR00007,Design,Free,2025-03-26,0.0
TT03180,U01316,31,Female,CR00014,Business,Free,2025-09-05,0.0
TT03181,U01319,25,Male,CR00016,Marketing,Free,2025-09-25,0.0
TT03182,U01324,24,Male,CR00059,Digital Marketing,Free,2025-04-15,0.0
TT03183,U01327,23,Male,CR00012,Business,Paid,2025-09-26,487.92
TT03184,U01328,27,Male,CR00046,Artificial Intelligence,Paid,2025-11-15,248.1
TT03185,U01333,15,Male,CR00007,Design,Free,2025-07-12,0.0
TT03186,U01335,16,Female,CR00026,Machine Learning,Free,2025-05-01,0.0
TT03187,U01345,19,Male,CR00052,Web Development,Free,2025-02-23,0.0
TT03188,U01349,26,Male,CR00030,Machine Learning,Free,2025-12-25,0.0
TT03189,U01353,20,Female,CR00052,Web Development,Free,2025-07-24,0.0
TT03190,U01357,28,Female,CR00028,Machine Learning,Paid,2025-01-05,0.78
TT03191,U01360,22,Female,CR00044,Finance,Paid,2025-04-14,119.04
TT03192,U01361,31,Male,CR00052,Web Development,Free,2025-05-25,0.0
TT03193,U01366,29,Female,CR00045,Finance,Free,2025-01-08,0.0
TT03194,U01371,22,Male,CR00023,Data Science,Free,2025-10-05,0.0
TT03195,U01372,19,Female,CR00059,Digital Marketing,Free,2025-02-14,0.0
TT03196,U01373,24,Male,CR00033,Cybersecurity,Free,2025-05-06,0.0
TT03197,U01374,32,Female,CR00060,Digital Marketing,Free,2025-04-08,0.0
TT03198,U01376,28,Male,CR00036,Project Management,Free,2025-07-19,0.0
TT03199,U01380,26,Male,CR00051,Web Development,Paid,2025-10-25,37.89
TT03200,U01381,15,Male,CR00043,Finance,Free,2025-10-25,0.0
TT03201,U01383,32,Male,CR00033,Cybersecurity,Free,2025-06-03,0.0
TT03202,U01386,16,Male,CR00012,Business,Paid,2025-03-11,487.92
TT03203,U01387,21,Female,CR00022,Data Science,Free,2025-06-16,0.0
TT03204,U01389,30,Male,CR00003,Programming,Free,2025-04-01,0.0
TT03205,U01391,30,Male,CR00014,Business,Free,2025-06-17,0.0
TT03206,U01393,30,Male,CR00023,Data Science,Free,2025-01-29,0.0
TT03207,U01398,23,Female,CR00053,Web Development,Free,2025-02-17,0.0
TT03208,U01400,21,Female,CR00048,Artificial Intelligence,Free,2025-12-01,0.0
TT03209,U01403,27,Male,CR00031,Cybersecurity,Free,2025-05-14,0.0
TT03210,U01404,18,Female,CR00053,Web Development,Free,2025-06-06,0.0
TT03211,U01406,21,Female,CR00053,Web Development,Free,2025-01-10,0.0
TT03212,U01407,34,Female,CR00016,Marketing,Free,2025-03-19,0.0
TT03213,U01410,17,Male,CR00051,Web Development,Paid,2025-06-02,37.89
TT03214,U01413,24,Male,CR00030,Machine Learning,Free,2025-05-02,0.0
TT03215,U01418,20,Female,CR00010,Design,Free,2025-05-21,0.0
TT03216,U01423,25,Male,CR00010,Design,Free,2025-08-03,0.0
TT03217,U01425,25,Female,CR00036,Project Management,Free,2025-09-29,0.0
TT03218,U01426,24,Male,CR00047,Artificial Intelligence,Paid,2025-10-15,89.59
TT03219,U01427,25,Male,CR00048,Artificial Intelligence,Free,2025-05-14,0.0
TT03220,U01428,35,Female,CR00017,Marketing,Free,2025-12-26,0.0
TT03221,U01437,33,Female,CR00043,Finance,Free,2025-06-05,0.0
TT03222,U01441,24,Female,CR00040,Project Management,Paid,2025-03-20,327.99
TT03223,U01447,17,Female,CR00014,Business,Free,2025-04-18,0.0
TT03224,U01448,25,Female,CR00021,Data Science,Free,2025-03-26,0.0
TT03225,U01456,30,Male,CR00043,Finance,Free,2025-10-04,0.0
TT03226,U01457,27,Male,CR00034,Cybersecurity,Paid,2025-05-29,394.26
TT03227,U01458,24,Male,CR00013,Business,Free,2025-04-14,0.0
TT03228,U01459,17,Female,CR00005,Programming,Free,2025-02-10,0.0
TT03229,U01461,16,Male,CR00040,Project Management,Paid,2025-10-16,327.99
TT03230,U01462,27,Male,CR00056,Digital Marketing,Paid,2025-06-15,212.39
TT03231,U01464,33,Male,CR00009,Design,Free,2025-08-21,0.0
TT03232,U01467,19,Female,CR00012,Business,Paid,2025-09-13,487.92
TT03233,U01471,19,Female,CR00048,Artificial Intelligence,Free,2025-01-13,0.0
TT03234,U01477,17,Female,CR00060,Digital Marketing,Free,2025-11-19,0.0
TT03235,U01478,35,Female,CR00002,Programming,Free,2025-04-10,0.0
TT03236,U01479,25,Female,CR00043,Finance,Free,2025-11-22,0.0
TT03237,U01481,20,Male,CR00030,Machine Learning,Free,2025-12-21,0.0
TT03238,U01483,18,Male,CR00009,Design,Free,2025-03-10,0.0
TT03239,U01484,17,Male,CR00005,Programming,Free,2025-07-12,0.0
TT03240,U01485,16,Male,CR00043,Finance,Free,2025-05-26,0.0
TT03241,U01486,17,Male,CR00045,Finance,Free,2025-07-23,0.0
TT03242,U01489,27,Male,CR00012,Business,Paid,2025-06-10,487.92
TT03243,U01490,19,Female,CR00031,Cybersecurity,Free,2025-10-18,0.0
TT03244,U01494,32,Male,CR00032,Cybersecurity,Free,2025-05-22,0.0
TT03245,U01499,30,Female,CR00027,Machine Learning,Free,2025-04-10,0.0
TT03246,U01501,23,Male,CR00044,Finance,Paid,2025-02-26,119.04
TT03247,U01502,28,Female,CR00055,Web Development,Paid,2025-12-11,57.32
TT03248,U01503,30,Female,CR00006,Design,Paid,2025-06-15,276.37
TT03249,U01504,31,Male,CR00001,Programming,Paid,2025-09-18,472.28
TT03250,U01508,34,Male,CR00035,Cybersecurity,Free,2025-08-24,0.0
TT03251,U01513,23,Male,CR00042,Finance,Free,2025-06-05,0.0
TT03252,U01516,19,Male,CR00007,Design,Free,2025-03-13,0.0
TT03253,U01518,21,Male,CR00050,Artificial Intelligence,Paid,2025-02-09,490.9
TT03254,U01520,26,Female,CR00059,Digital Marketing,Free,2025-02-13,0.0
TT03255,U01521,34,Female,CR00040,Project Management,Paid,2025-11-27,327.99
TT03256,U01527,29,Female,CR00051,Web Development,Paid,2025-11-11,37.89
TT03257,U01534,28,Male,CR00035,Cybersecurity,Free,2025-03-19,0.0
TT03258,U01539,24,Female,CR00026,Machine Learning,Free,2025-03-04,0.0
TT03259,U01540,30,Female,CR00035,Cybersecurity,Free,2025-12-07,0.0
TT03260,U01542,18,Female,CR00057,Digital Marketing,Paid,2025-07-27,177.34
TT03261,U01544,31,Female,CR00044,Finance,Paid,2025-07-15,119.04
TT03262,U01545,15,Female,CR00052,Web Development,Free,2025-12-08,0.0
TT03263,U01546,34,Male,CR00048,Artificial Intelligence,Free,2025-05-08,0.0
TT03264,U01550,16,Male,CR00030,Machine Learning,Free,2025-08-06,0.0
TT03265,U01551,16,Male,CR00019,Marketing,Free,2025-08-26,0.0
TT03266,U01552,32,Male,CR00010,Design,Free,2025-06-24,0.0
TT03267,U01555,23,Female,CR00022,Data Science,Free,2025-04-01,0.0
TT03268,U01557,17,Male,CR00027,Machine Learning,Free,2025-10-17,0.0
TT03269,U01558,32,Male,CR00055,Web Development,Paid,2025-11-05,57.32
TT03270,U01559,19,Male,CR00047,Artificial Intelligence,Paid,2025-04-26,89.59
TT03271,U01560,24,Male,CR00021,Data Science,Free,2025-12-17,0.0
TT03272,U01562,18,Female,CR00060,Digital Marketing,Free,2025-07-30,0.0
TT03273,U01563,35,Female,CR00042,Finance,Free,2025-12-22,0.0
TT03274,U01564,28,Female,CR00039,Project Management,Paid,2025-11-26,346.71
TT03275,U01565,32,Male,CR00056,Digital Marketing,Paid,2025-01-29,212.39
TT03276,U01566,29,Male,CR00048,Artificial Intelligence,Free,2025-08-20,0.0
TT03277,U01567,22,Male,CR00060,Digital Marketing,Free,2025-06-28,0.0
TT03278,U01569,35,Male,CR00018,Marketing,Free,2025-01-06,0.0
TT03279,U01572,29,Female,CR00041,Finance,Paid,2025-07-02,53.86
TT03280,U01574,17,Male,CR00039,Project Management,Paid,2025-06-06,346.71
TT03281,U01577,30,Male,CR00008,Design,Free,2025-09-18,0.0
TT03282,U01579,31,Male,CR00045,Finance,Free,2025-06-04,0.0
TT03283,U01584,32,Male,CR00058,Digital Marketing,Free,2025-12-27,0.0
TT03284,U01588,32,Male,CR00037,Project Management,Free,2025-02-15,0.0
TT03285,U01589,16,Female,CR00035,Cybersecurity,Free,2025-03-18,0.0
TT03286,U01593,34,Male,CR00058,Digital Marketing,Free,2025-11-04,0.0
TT03287,U01598,30,Female,CR00054,Web Development,Free,2025-11-27,0.0
TT03288,U01600,29,Female,CR00011,Business,Paid,2025-06-15,326.02
TT03289,U01604,31,Female,CR00037,Project Management,Free,2025-02-10,0.0
TT03290,U01605,18,Male,CR00055,Web Development,Paid,2025-11-19,57.32
TT03291,U01606,17,Female,CR00039,Project Management,Paid,2025-04-30,346.71
TT03292,U01607,25,Male,CR00047,Artificial Intelligence,Paid,2025-01-12,89.59
TT03293,U01610,31,Male,CR00018,Marketing,Free,2025-12-15,0.0
TT03294,U01615,29,Male,CR00027,Machine Learning,Free,2025-03-24,0.0
TT03295,U01616,20,Male,CR00054,Web Development,Free,2025-03-10,0.0
TT03296,U01617,21,Male,CR00005,Programming,Free,2025-10-19,0.0
TT03297,U01619,20,Female,CR00050,Artificial Intelligence,Paid,2025-05-15,490.9
TT03298,U01623,23,Male,CR00060,Digital Marketing,Free,2025-12-09,0.0
TT03299,U01626,26,Female,CR00043,Finance,Free,2025-08-19,0.0
TT03300,U01629,28,Female,CR00041,Finance,Paid,2025-01-29,53.86
TT03301,U01630,33,Male,CR00023,Data Science,Free,2025-10-23,0.0
TT03302,U01632,21,Male,CR00033,Cybersecurity,Free,2025-04-16,0.0
TT03303,U01639,27,Male,CR00002,Programming,Free,2025-01-08,0.0
TT03304,U01641,17,Male,CR00042,Finance,Free,2025-05-10,0.0
TT03305,U01642,26,Male,CR00022,Data Science,Free,2025-05-18,0.0
TT03306,U01650,33,Male,CR00027,Machine Learning,Free,2025-01-01,0.0
TT03307,U01651,25,Female,CR00056,Digital Marketing,Paid,2025-01-24,212.39
TT03308,U01655,23,Male,CR00027,Machine Learning,Free,2025-12-03,0.0
TT03309,U01657,22,Female,CR00022,Data Science,Free,2025-01-01,0.0
TT03310,U01658,31,Female,CR00057,Digital Marketing,Paid,2025-09-12,177.34
TT03311,U01661,27,Female,CR00054,Web Development,Free,2025-10-10,0.0
TT03312,U01668,27,Female,CR00029,Machine Learning,Free,2025-08-09,0.0
TT03313,U01670,19,Male,CR00054,Web Development,Free,2025-10-21,0.0
TT03314,U01672,15,Male,CR00009,Design,Free,2025-01-17,0.0
TT03315,U01675,17,Male,CR00034,Cybersecurity,Paid,2025-08-26,394.26
TT03316,U01676,22,Male,CR00017,Marketing,Free,2025-09-27,0.0
TT03317,U01679,16,Female,CR00010,Design,Free,2025-08-22,0.0
TT03318,U01680,30,Male,CR00013,Business,Free,2025-04-06,0.0
TT03319,U01681,33,Male,CR00037,Project Management,Free,2025-01-25,0.0
TT03320,U01685,26,Female,CR00030,Machine Learning,Free,2025-06-26,0.0
TT03321,U01686,32,Male,CR00018,Marketing,Free,2025-11-16,0.0
TT03322,U01691,22,Male,CR00051,Web Development,Paid,2025-01-11,37.89
TT03323,U01694,35,Male,CR00038,Project Management,Paid,2025-04-10,342.61
TT03324,U01700,25,Female,CR00011,Business,Paid,2025-11-28,326.02
TT03325,U01701,22,Male,CR00024,Data Science,Paid,2025-11-04,117.68
TT03326,U01705,28,Male,CR00001,Programming,Paid,2025-02-04,472.28
TT03327,U01706,17,Female,CR00003,Programming,Free,2025-09-28,0.0
TT03328,U01710,32,Male,CR00034,Cybersecurity,Paid,2025-08-17,394.26
TT03329,U01711,15,Female,CR00041,Finance,Paid,2025-09-08,53.86
TT03330,U01712,30,Male,CR00045,Finance,Free,2025-01-25,0.0
TT03331,U01714,24,Female,CR00023,Data Science,Free,2025-05-02,0.0
TT03332,U01716,22,Female,CR00055,Web Development,Paid,2025-09-03,57.32
TT03333,U01718,23,Male,CR00008,Design,Free,2025-05-28,0.0
TT03334,U01719,32,Female,CR00044,Finance,Paid,2025-11-20,119.04
TT03335,U01722,30,Female,CR00027,Machine Learning,Free,2025-08-20,0.0
TT03336,U01723,32,Female,CR00008,Design,Free,2025-10-05,0.0
TT03337,U01727,15,Female,CR00033,Cybersecurity,Free,2025-03-02,0.0
TT03338,U01730,27,Female,CR00007,Design,Free,2025-08-14,0.0
TT03339,U01731,28,Male,CR00042,Finance,Free,2025-01-07,0.0
TT03340,U01735,29,Male,CR00055,Web Development,Paid,2025-06-24,57.32
TT03341,U01736,17,Male,CR00021,Data Science,Free,2025-02-03,0.0
TT03342,U01737,23,Male,CR00005,Programming,Free,2025-12-10,0.0
TT03343,U01739,19,Male,CR00019,Marketing,Free,2025-10-04,0.0
TT03344,U01740,20,Male,CR00019,Marketing,Free,2025-11-18,0.0
TT03345,U01743,15,Male,CR00027,Machine Learning,Free,2025-11-30,0.0
TT03346,U01748,22,Male,CR00034,Cybersecurity,Paid,2025-12-13,394.26
TT03347,U01749,31,Female,CR00006,Design,Paid,2025-10-07,276.37
TT03348,U01751,25,Female,CR00028,Machine Learning,Paid,2025-03-19,0.78
TT03349,U01753,17,Female,CR00013,Business,Free,2025-09-05,0.0
TT03350,U01755,26,Female,CR00015,Business,Paid,2025-11-24,285.05
TT03351,U01757,26,Female,CR00004,Programming,Free,2025-08-18,0.0
TT03352,U01758,16,Female,CR00011,Business,Paid,2025-08-07,326.02
TT03353,U01760,19,Male,CR00050,Artificial Intelligence,Paid,2025-07-06,490.9
TT03354,U01763,24,Male,CR00046,Artificial Intelligence,Paid,2025-07-30,248.1
TT03355,U01765,24,Female,CR00018,Marketing,Free,2025-07-23,0.0
TT03356,U01767,15,Female,CR00058,Digital Marketing,Free,2025-03-06,0.0
TT03357,U01772,32,Female,CR00018,Marketing,Free,2025-03-16,0.0
TT03358,U01777,27,Male,CR00052,Web Development,Free,2025-12-09,0.0
TT03359,U01779,31,Male,CR00016,Marketing,Free,2025-01-04,0.0
TT03360,U01781,30,Male,CR00037,Project Management,Free,2025-09-08,0.0
TT03361,U01782,17,Female,CR00003,Programming,Free,2025-09-07,0.0
TT03362,U01784,32,Female,CR00044,Finance,Paid,2025-10-15,119.04
TT03363,U01793,30,Male,CR00033,Cybersecurity,Free,2025-02-07,0.0
TT03364,U01794,26,Male,CR00013,Business,Free,2025-03-09,0.0
TT03365,U01796,15,Male,CR00053,Web Development,Free,2025-03-22,0.0
TT03366,U01797,33,Male,CR00050,Artificial Intelligence,Paid,2025-09-15,490.9
TT03367,U01798,18,Male,CR00012,Business,Paid,2025-10-06,487.92
TT03368,U01799,33,Female,CR00014,Business,Free,2025-12-05,0.0
TT03369,U01801,20,Male,CR00034,Cybersecurity,Paid,2025-02-16,394.26
TT03370,U01806,26,Male,CR00043,Finance,Free,2025-01-17,0.0
TT03371,U01811,28,Female,CR00045,Finance,Free,2025-11-07,0.0
TT03372,U01813,24,Female,CR00022,Data Science,Free,2025-03-03,0.0
TT03373,U01815,30,Male,CR00009,Design,Free,2025-08-28,0.0
TT03374,U01817,33,Male,CR00013,Business,Free,2025-04-18,0.0
TT03375,U01819,17,Male,CR00017,Marketing,Free,2025-08-14,0.0
TT03376,U01821,22,Male,CR00014,Business,Free,2025-07-27,0.0
TT03377,U01824,20,Male,CR00040,Project Management,Paid,2025-12-03,327.99
TT03378,U01826,17,Male,CR00060,Digital Marketing,Free,2025-09-29,0.0
TT03379,U01832,24,Male,CR00004,Programming,Free,2025-01-16,0.0
TT03380,U01837,24,Female,CR00011,Business,Paid,2025-05-05,326.02
TT03381,U01839,22,Female,CR00021,Data Science,Free,2025-11-07,0.0
TT03382,U01841,18,Female,CR00031,Cybersecurity,Free,2025-02-25,0.0
TT03383,U01844,18,Female,CR00023,Data Science,Free,2025-09-05,0.0
TT03384,U01845,17,Female,CR00010,Design,Free,2025-02-01,0.0
TT03385,U01847,18,Female,CR00031,Cybersecurity,Free,2025-04-20,0.0
TT03386,U01848,30,Female,CR00014,Business,Free,2025-12-21,0.0
TT03387,U01849,23,Male,CR00037,Project Management,Free,2025-11-16,0.0
TT03388,U01853,31,Male,CR00047,Artificial Intelligence,Paid,2025-01-08,89.59
TT03389,U01855,15,Female,CR00041,Finance,Paid,2025-04-03,53.86
TT03390,U01862,24,Male,CR00059,Digital Marketing,Free,2025-05-21,0.0
TT03391,U01863,26,Male,CR00038,Project Management,Paid,2025-11-01,342.61
TT03392,U01864,15,Male,CR00016,Marketing,Free,2025-10-10,0.0
TT03393,U01866,25,Male,CR00037,Project Management,Free,2025-02-24,0.0
TT03394,U01869,32,Male,CR00031,Cybersecurity,Free,2025-10-01,0.0
TT03395,U01870,28,Female,CR00033,Cybersecurity,Free,2025-12-17,0.0
TT03396,U01873,26,Male,CR00005,Programming,Free,2025-07-27,0.0
TT03397,U01874,15,Female,CR00049,Artificial Intelligence,Paid,2025-01-06,415.51
TT03398,U01875,30,Male,CR00015,Business,Paid,2025-11-29,285.05
TT03399,U01881,30,Male,CR00039,Project Management,Paid,2025-04-11,346.71
TT03400,U01883,30,Female,CR00050,Artificial Intelligence,Paid,2025-07-09,490.9
TT03401,U01884,20,Male,CR00039,Project Management,Paid,2025-01-04,346.71
TT03402,U01888,15,Female,CR00033,Cybersecurity,Free,2025-06-13,0.0
TT03403,U01889,30,Female,CR00007,Design,Free,2025-02-22,0.0
TT03404,U01891,35,Female,CR00005,Programming,Free,2025-03-21,0.0
TT03405,U01894,35,Male,CR00036,Project Management,Free,2025-08-09,0.0
TT03406,U01897,15,Female,CR00008,Design,Free,2025-03-04,0.0
TT03407,U01898,26,Male,CR00024,Data Science,Paid,2025-08-08,117.68
TT03408,U01902,30,Female,CR00055,Web Development,Paid,2025-05-06,57.32
TT03409,U01904,17,Male,CR00012,Business,Paid,2025-04-11,487.92
TT03410,U01910,28,Male,CR00057,Digital Marketing,Paid,2025-07-13,177.34
TT03411,U01911,22,Male,CR00025,Data Science,Paid,2025-01-09,299.57
TT03412,U01913,24,Male,CR00004,Programming,Free,2025-02-20,0.0
TT03413,U01914,32,Female,CR00007,Design,Free,2025-10-21,0.0
TT03414,U01919,16,Female,CR00005,Programming,Free,2025-03-10,0.0
TT03415,U01925,33,Male,CR00025,Data Science,Paid,2025-08-22,299.57
TT03416,U01928,33,Female,CR00035,Cybersecurity,Free,2025-03-15,0.0
TT03417,U01932,25,Male,CR00049,Artificial Intelligence,Paid,2025-01-30,415.51
TT03418,U01937,21,Female,CR00048,Artificial Intelligence,Free,2025-10-16,0.0
TT03419,U01942,27,Male,CR00037,Project Management,Free,2025-09-11,0.0
TT03420,U01945,29,Female,CR00038,Project Management,Paid,2025-07-03,342.61
TT03421,U01946,19,Female,CR00030,Machine Learning,Free,2025-04-14,0.0
TT03422,U01947,27,Female,CR00042,Finance,Free,2025-09-13,0.0
TT03423,U01949,19,Male,CR00030,Machine Learning,Free,2025-07-04,0.0
TT03424,U01955,29,Female,CR00043,Finance,Free,2025-11-24,0.0
TT03425,U01956,34,Male,CR00004,Programming,Free,2025-03-15,0.0
TT03426,U01957,30,Male,CR00017,Marketing,Free,2025-11-24,0.0
TT03427,U01960,19,Female,CR00011,Business,Paid,2025-09-21,326.02
TT03428,U01965,19,Female,CR00042,Finance,Free,2025-11-05,0.0
TT03429,U01967,27,Female,CR00031,Cybersecurity,Free,2025-11-30,0.0
TT03430,U01969,26,Male,CR00046,Artificial Intelligence,Paid,2025-04-04,248.1
TT03431,U01971,17,Female,CR00017,Marketing,Free,2025-02-01,0.0
TT03432,U01973,30,Male,CR00002,Programming,Free,2025-03-05,0.0
TT03433,U01975,29,Male,CR00034,Cybersecurity,Paid,2025-12-03,394.26
TT03434,U01978,26,Male,CR00047,Artificial Intelligence,Paid,2025-10-18,89.59
TT03435,U01980,15,Female,CR00042,Finance,Free,2025-12-12,0.0
TT03436,U01981,27,Female,CR00021,Data Science,Free,2025-01-09,0.0
TT03437,U01982,35,Female,CR00006,Design,Paid,2025-07-24,276.37
TT03438,U01985,22,Female,CR00054,Web Development,Free,2025-06-20,0.0
TT03439,U01986,29,Female,CR00039,Project Management,Paid,2025-01-29,346.71
TT03440,U01995,35,Female,CR00027,Machine Learning,Free,2025-11-17,0.0
TT03441,U01996,29,Female,CR00034,Cybersecurity,Paid,2025-09-21,394.26
TT03442,U01997,16,Male,CR00039,Project Management,Paid,2025-04-02,346.71
TT03443,U02004,27,Male,CR00038,Project Management,Paid,2025-05-15,342.61
TT03444,U02005,27,Male,CR00043,Finance,Free,2025-08-18,0.0
TT03445,U02006,34,Male,CR00031,Cybersecurity,Free,2025-09-04,0.0
TT03446,U02007,25,Female,CR00043,Finance,Free,2025-01-21,0.0
TT03447,U02008,25,Male,CR00020,Marketing,Free,2025-02-26,0.0
TT03448,U02009,34,Male,CR00025,Data Science,Paid,2025-04-30,299.57
TT03449,U02011,27,Male,CR00054,Web Development,Free,2025-10-29,0.0
TT03450,U02012,17,Female,CR00051,Web Development,Paid,2025-08-10,37.89
TT03451,U02018,35,Male,CR00005,Programming,Free,2025-02-22,0.0
TT03452,U02020,18,Male,CR00029,Machine Learning,Free,2025-01-15,0.0
TT03453,U02021,25,Female,CR00032,Cybersecurity,Free,2025-06-29,0.0
TT03454,U02025,21,Male,CR00006,Design,Paid,2025-05-07,276.37
TT03455,U02027,28,Male,CR00060,Digital Marketing,Free,2025-12-20,0.0
TT03456,U02029,28,Male,CR00038,Project Management,Paid,2025-05-04,342.61
TT03457,U02030,28,Female,CR00024,Data Science,Paid,2025-02-04,117.68
TT03458,U02034,31,Female,CR00024,Data Science,Paid,2025-06-05,117.68
TT03459,U02042,32,Female,CR00037,Project Management,Free,2025-11-28,0.0
TT03460,U02045,28,Female,CR00028,Machine Learning,Paid,2025-03-06,0.78
TT03461,U02046,17,Male,CR00054,Web Development,Free,2025-10-25,0.0
TT03462,U02048,19,Female,CR00047,Artificial Intelligence,Paid,2025-09-21,89.59
TT03463,U02049,22,Male,CR00046,Artificial Intelligence,Paid,2025-08-17,248.1
TT03464,U02051,31,Female,CR00038,Project Management,Paid,2025-04-24,342.61
TT03465,U02053,19,Female,CR00013,Business,Free,2025-03-12,0.0
TT03466,U02059,20,Female,CR00019,Marketing,Free,2025-03-28,0.0
TT03467,U02061,25,Female,CR00024,Data Science,Paid,2025-01-06,117.68
TT03468,U02062,35,Male,CR00032,Cybersecurity,Free,2025-10-16,0.0
TT03469,U02066,18,Male,CR00026,Machine Learning,Free,2025-05-07,0.0
TT03470,U02069,18,Male,CR00021,Data Science,Free,2025-12-13,0.0
TT03471,U02070,31,Female,CR00038,Project Management,Paid,2025-03-08,342.61
TT03472,U02072,16,Male,CR00018,Marketing,Free,2025-07-27,0.0
TT03473,U02076,24,Female,CR00007,Design,Free,2025-04-04,0.0
TT03474,U02079,29,Female,CR00031,Cybersecurity,Free,2025-01-02,0.0
TT03475,U02082,26,Female,CR00052,Web Development,Free,2025-06-16,0.0
TT03476,U02085,22,Female,CR00008,Design,Free,2025-10-02,0.0
TT03477,U02087,28,Female,CR00036,Project Management,Free,2025-08-07,0.0
TT03478,U02088,18,Female,CR00020,Marketing,Free,2025-03-23,0.0
TT03479,U02090,22,Female,CR00022,Data Science,Free,2025-09-09,0.0
TT03480,U02092,25,Female,CR00047,Artificial Intelligence,Paid,2025-02-19,89.59
TT03481,U02095,32,Female,CR00044,Finance,Paid,2025-11-26,119.04
TT03482,U02100,15,Female,CR00046,Artificial Intelligence,Paid,2025-02-21,248.1
TT03483,U02101,27,Male,CR00051,Web Development,Paid,2025-03-29,37.89
TT03484,U02104,15,Male,CR00021,Data Science,Free,2025-08-11,0.0
TT03485,U02106,28,Female,CR00032,Cybersecurity,Free,2025-12-12,0.0
TT03486,U02108,27,Female,CR00029,Machine Learning,Free,2025-01-07,0.0
TT03487,U02110,25,Male,CR00006,Design,Paid,2025-11-26,276.37
TT03488,U02111,21,Male,CR00033,Cybersecurity,Free,2025-05-13,0.0
TT03489,U02114,32,Male,CR00060,Digital Marketing,Free,2025-02-09,0.0
TT03490,U02115,18,Male,CR00029,Machine Learning,Free,2025-04-08,0.0
TT03491,U02116,32,Female,CR00038,Project Management,Paid,2025-04-29,342.61
TT03492,U02118,27,Male,CR00003,Programming,Free,2025-01-13,0.0
TT03493,U02119,24,Female,CR00031,Cybersecurity,Free,2025-03-01,0.0
TT03494,U02121,16,Female,CR00049,Artificial Intelligence,Paid,2025-10-09,415.51
TT03495,U02124,15,Female,CR00054,Web Development,Free,2025-09-10,0.0
TT03496,U02126,22,Female,CR00030,Machine Learning,Free,2025-08-16,0.0
TT03497,U02128,30,Male,CR00008,Design,Free,2025-11-18,0.0
TT03498,U02130,19,Male,CR00056,Digital Marketing,Paid,2025-03-03,212.39
TT03499,U02131,27,Female,CR00060,Digital Marketing,Free,2025-02-04,0.0
TT03500,U02134,31,Female,CR00043,Finance,Free,2025-02-23,0.0
TT03501,U02139,23,Male,CR00028,Machine Learning,Paid,2025-01-10,0.78
TT03502,U02140,21,Female,CR00011,Business,Paid,2025-11-16,326.02
TT03503,U02145,16,Female,CR00053,Web Development,Free,2025-04-26,0.0
TT03504,U02148,31,Female,CR00039,Project Management,Paid,2025-06-15,346.71
TT03505,U02150,16,Female,CR00031,Cybersecurity,Free,2025-07-25,0.0
TT03506,U02156,34,Female,CR00021,Data Science,Free,2025-01-03,0.0
TT03507,U02163,29,Male,CR00052,Web Development,Free,2025-07-18,0.0
TT03508,U02164,25,Female,CR00003,Programming,Free,2025-12-02,0.0
TT03509,U02165,18,Male,CR00053,Web Development,Free,2025-07-08,0.0
TT03510,U02168,34,Male,CR00043,Finance,Free,2025-09-12,0.0
TT03511,U02170,24,Male,CR00001,Programming,Paid,2025-04-05,472.28
TT03512,U02172,34,Male,CR00019,Marketing,Free,2025-10-27,0.0
TT03513,U02173,22,Female,CR00011,Business,Paid,2025-03-14,326.02
TT03514,U02176,23,Male,CR00024,Data Science,Paid,2025-11-02,117.68
TT03515,U02178,21,Female,CR00033,Cybersecurity,Free,2025-07-25,0.0
TT03516,U02183,19,Male,CR00024,Data Science,Paid,2025-12-21,117.68
TT03517,U02188,17,Female,CR00005,Programming,Free,2025-01-09,0.0
TT03518,U02195,27,Female,CR00013,Business,Free,2025-05-12,0.0
TT03519,U02196,31,Female,CR00046,Artificial Intelligence,Paid,2025-10-26,248.1
TT03520,U02201,20,Male,CR00011,Business,Paid,2025-06-06,326.02
TT03521,U02203,31,Female,CR00035,Cybersecurity,Free,2025-12-25,0.0
TT03522,U02204,16,Female,CR00040,Project Management,Paid,2025-05-11,327.99
TT03523,U02205,34,Female,CR00022,Data Science,Free,2025-12-08,0.0
TT03524,U02207,33,Female,CR00013,Business,Free,2025-03-11,0.0
TT03525,U02209,24,Male,CR00052,Web Development,Free,2025-04-17,0.0
TT03526,U02210,33,Male,CR00017,Marketing,Free,2025-09-18,0.0
TT03527,U02211,23,Male,CR00020,Marketing,Free,2025-03-08,0.0
TT03528,U02218,17,Male,CR00019,Marketing,Free,2025-02-10,0.0
TT03529,U02221,19,Female,CR00016,Marketing,Free,2025-11-18,0.0
TT03530,U02227,21,Female,CR00034,Cybersecurity,Paid,2025-02-08,394.26
TT03531,U02230,32,Female,CR00042,Finance,Free,2025-08-02,0.0
TT03532,U02232,26,Female,CR00008,Design,Free,2025-04-24,0.0
TT03533,U02237,16,Male,CR00035,Cybersecurity,Free,2025-12-21,0.0
TT03534,U02238,19,Female,CR00014,Business,Free,2025-11-21,0.0
TT03535,U02239,25,Female,CR00010,Design,Free,2025-01-18,0.0
TT03536,U02240,33,Female,CR00003,Programming,Free,2025-07-13,0.0
TT03537,U02242,29,Female,CR00058,Digital Marketing,Free,2025-09-26,0.0
TT03538,U02243,16,Female,CR00020,Marketing,Free,2025-06-28,0.0
TT03539,U02244,34,Male,CR00055,Web Development,Paid,2025-12-03,57.32
TT03540,U02245,22,Male,CR00001,Programming,Paid,2025-07-05,472.28
TT03541,U02246,15,Female,CR00047,Artificial Intelligence,Paid,2025-11-29,89.59
TT03542,U02251,35,Male,CR00014,Business,Free,2025-11-03,0.0
TT03543,U02253,22,Female,CR00018,Marketing,Free,2025-06-21,0.0
TT03544,U02256,16,Female,CR00032,Cybersecurity,Free,2025-09-05,0.0
TT03545,U02257,19,Female,CR00021,Data Science,Free,2025-04-01,0.0
TT03546,U02263,29,Female,CR00039,Project Management,Paid,2025-11-26,346.71
TT03547,U02266,21,Male,CR00050,Artificial Intelligence,Paid,2025-03-20,490.9
TT03548,U02267,19,Male,CR00033,Cybersecurity,Free,2025-05-24,0.0
TT03549,U02272,23,Female,CR00032,Cybersecurity,Free,2025-05-04,0.0
TT03550,U02273,28,Male,CR00017,Marketing,Free,2025-04-15,0.0
TT03551,U02277,28,Male,CR00033,Cybersecurity,Free,2025-05-10,0.0
TT03552,U02278,20,Male,CR00018,Marketing,Free,2025-04-19,0.0
TT03553,U02281,34,Male,CR00006,Design,Paid,2025-09-22,276.37
TT03554,U02283,16,Male,CR00060,Digital Marketing,Free,2025-02-09,0.0
TT03555,U02286,32,Female,CR00011,Business,Paid,2025-12-01,326.02
TT03556,U02287,22,Male,CR00056,Digital Marketing,Paid,2025-03-01,212.39
TT03557,U02289,15,Male,CR00013,Business,Free,2025-04-04,0.0
TT03558,U02292,30,Male,CR00008,Design,Free,2025-02-05,0.0
TT03559,U02293,30,Female,CR00012,Business,Paid,2025-09-03,487.92
TT03560,U02294,26,Male,CR00041,Finance,Paid,2025-05-18,53.86
TT03561,U02295,33,Male,CR00022,Data Science,Free,2025-02-02,0.0
TT03562,U02296,27,Female,CR00038,Project Management,Paid,2025-04-19,342.61
TT03563,U02297,28,Male,CR00001,Programming,Paid,2025-12-11,472.28
TT03564,U02298,22,Female,CR00044,Finance,Paid,2025-09-17,119.04
TT03565,U02303,34,Male,CR00035,Cybersecurity,Free,2025-02-08,0.0
TT03566,U02305,19,Female,CR00038,Project Management,Paid,2025-05-03,342.61
TT03567,U02312,28,Male,CR00033,Cybersecurity,Free,2025-07-15,0.0
TT03568,U02318,24,Female,CR00015,Business,Paid,2025-07-23,285.05
TT03569,U02322,28,Female,CR00031,Cybersecurity,Free,2025-10-05,0.0
TT03570,U02323,29,Female,CR00051,Web Development,Paid,2025-11-23,37.89
TT03571,U02329,35,Male,CR00020,Marketing,Free,2025-03-25,0.0
TT03572,U02335,25,Female,CR00028,Machine Learning,Paid,2025-03-12,0.78
TT03573,U02338,29,Female,CR00042,Finance,Free,2025-06-27,0.0
TT03574,U02339,33,Female,CR00015,Business,Paid,2025-09-20,285.05
TT03575,U02353,16,Male,CR00058,Digital Marketing,Free,2025-05-07,0.0
TT03576,U02354,29,Female,CR00012,Business,Paid,2025-08-05,487.92
TT03577,U02355,32,Female,CR00044,Finance,Paid,2025-03-02,119.04
TT03578,U02356,35,Male,CR00045,Finance,Free,2025-03-05,0.0
TT03579,U02360,18,Female,CR00045,Finance,Free,2025-11-20,0.0
TT03580,U02362,33,Female,CR00008,Design,Free,2025-02-08,0.0
TT03581,U02363,15,Male,CR00012,Business,Paid,2025-03-12,487.92
TT03582,U02364,29,Female,CR00025,Data Science,Paid,2025-05-21,299.57
TT03583,U02365,34,Female,CR00023,Data Science,Free,2025-02-17,0.0
TT03584,U02366,19,Female,CR00016,Marketing,Free,2025-08-27,0.0
TT03585,U02367,25,Male,CR00014,Business,Free,2025-08-06,0.0
TT03586,U02375,33,Female,CR00006,Design,Paid,2025-08-25,276.37
TT03587,U02376,19,Female,CR00007,Design,Free,2025-06-20,0.0
TT03588,U02378,23,Male,CR00059,Digital Marketing,Free,2025-06-16,0.0
TT03589,U02382,32,Male,CR00050,Artificial Intelligence,Paid,2025-08-07,490.9
TT03590,U02391,20,Female,CR00032,Cybersecurity,Free,2025-01-15,0.0
TT03591,U02393,18,Male,CR00054,Web Development,Free,2025-05-25,0.0
TT03592,U02396,16,Female,CR00056,Digital Marketing,Paid,2025-03-04,212.39
TT03593,U02397,22,Male,CR00003,Programming,Free,2025-04-08,0.0
TT03594,U02399,22,Male,CR00018,Marketing,Free,2025-10-23,0.0
TT03595,U02400,17,Male,CR00059,Digital Marketing,Free,2025-11-12,0.0
TT03596,U02401,28,Male,CR00050,Artificial Intelligence,Paid,2025-05-24,490.9
TT03597,U02402,19,Female,CR00014,Business,Free,2025-11-02,0.0
TT03598,U02408,34,Female,CR00029,Machine Learning,Free,2025-05-15,0.0
TT03599,U02409,24,Female,CR00030,Machine Learning,Free,2025-09-23,0.0
TT03600,U02411,31,Female,CR00051,Web Development,Paid,2025-08-16,37.89
TT03601,U02419,17,Female,CR00023,Data Science,Free,2025-10-03,0.0
TT03602,U02420,20,Female,CR00020,Marketing,Free,2025-05-19,0.0
TT03603,U02421,15,Female,CR00042,Finance,Free,2025-04-17,0.0
TT03604,U02422,21,Female,CR00055,Web Development,Paid,2025-11-14,57.32
TT03605,U02424,31,Female,CR00026,Machine Learning,Free,2025-07-23,0.0
TT03606,U02426,19,Female,CR00025,Data Science,Paid,2025-09-17,299.57
TT03607,U02430,29,Male,CR00054,Web Development,Free,2025-08-19,0.0
TT03608,U02431,16,Male,CR00040,Project Management,Paid,2025-04-10,327.99
TT03609,U02434,31,Male,CR00003,Programming,Free,2025-09-08,0.0
TT03610,U02435,17,Male,CR00012,Business,Paid,2025-10-18,487.92
TT03611,U02437,15,Male,CR00019,Marketing,Free,2025-11-17,0.0
TT03612,U02440,26,Female,CR00020,Marketing,Free,2025-02-22,0.0
TT03613,U02441,33,Male,CR00058,Digital Marketing,Free,2025-04-09,0.0
TT03614,U02444,28,Female,CR00031,Cybersecurity,Free,2025-10-16,0.0
TT03615,U02447,31,Female,CR00010,Design,Free,2025-04-06,0.0
TT03616,U02449,32,Male,CR00015,Business,Paid,2025-06-27,285.05
TT03617,U02450,30,Female,CR00030,Machine Learning,Free,2025-01-25,0.0
TT03618,U02453,29,Female,CR00056,Digital Marketing,Paid,2025-11-11,212.39
TT03619,U02455,34,Male,CR00013,Business,Free,2025-03-01,0.0
TT03620,U02456,35,Male,CR00033,Cybersecurity,Free,2025-06-29,0.0
TT03621,U02457,31,Female,CR00023,Data Science,Free,2025-04-06,0.0
TT03622,U02460,21,Female,CR00032,Cybersecurity,Free,2025-11-16,0.0
TT03623,U02462,26,Male,CR00040,Project Management,Paid,2025-03-05,327.99
TT03624,U02463,29,Male,CR00036,Project Management,Free,2025-08-18,0.0
TT03625,U02464,21,Female,CR00003,Programming,Free,2025-08-14,0.0
TT03626,U02467,19,Male,CR00060,Digital Marketing,Free,2025-06-21,0.0
TT03627,U02471,16,Female,CR00011,Business,Paid,2025-01-03,326.02
TT03628,U02472,17,Male,CR00043,Finance,Free,2025-01-04,0.0
TT03629,U02473,31,Female,CR00035,Cybersecurity,Free,2025-09-13,0.0
TT03630,U02474,27,Male,CR00030,Machine Learning,Free,2025-05-23,0.0
TT03631,U02476,34,Female,CR00032,Cybersecurity,Free,2025-08-29,0.0
TT03632,U02477,17,Male,CR00038,Project Management,Paid,2025-10-17,342.61
TT03633,U02481,29,Male,CR00019,Marketing,Free,2025-05-10,0.0
TT03634,U02483,25,Male,CR00035,Cybersecurity,Free,2025-10-09,0.0
TT03635,U02487,23,Male,CR00019,Marketing,Free,2025-01-25,0.0
TT03636,U02488,27,Female,CR00023,Data Science,Free,2025-05-05,0.0
TT03637,U02489,18,Male,CR00022,Data Science,Free,2025-08-14,0.0
TT03638,U02491,17,Female,CR00043,Finance,Free,2025-12-14,0.0
TT03639,U02493,22,Female,CR00031,Cybersecurity,Free,2025-10-18,0.0
TT03640,U02494,32,Male,CR00030,Machine Learning,Free,2025-09-21,0.0
TT03641,U02498,20,Female,CR00005,Programming,Free,2025-09-05,0.0
TT03642,U02499,28,Male,CR00053,Web Development,Free,2025-08-13,0.0
TT03643,U02500,29,Male,CR00020,Marketing,Free,2025-10-04,0.0
TT03644,U02501,16,Female,CR00037,Project Management,Free,2025-06-28,0.0
TT03645,U02502,16,Female,CR00013,Business,Free,2025-03-17,0.0
TT03646,U02505,35,Female,CR00046,Artificial Intelligence,Paid,2025-11-29,248.1
TT03647,U02507,32,Female,CR00032,Cybersecurity,Free,2025-08-15,0.0
TT03648,U02508,32,Male,CR00009,Design,Free,2025-01-01,0.0
TT03649,U02511,30,Female,CR00002,Programming,Free,2025-07-02,0.0
TT03650,U02513,23,Male,CR00001,Programming,Paid,2025-01-06,472.28
TT03651,U02516,32,Male,CR00019,Marketing,Free,2025-07-06,0.0
TT03652,U02518,19,Female,CR00002,Programming,Free,2025-06-16,0.0
TT03653,U02520,29,Male,CR00048,Artificial Intelligence,Free,2025-03-17,0.0
TT03654,U02524,32,Male,CR00059,Digital Marketing,Free,2025-01-02,0.0
TT03655,U02527,32,Female,CR00036,Project Management,Free,2025-07-08,0.0
TT03656,U02528,35,Male,CR00043,Finance,Free,2025-09-05,0.0
TT03657,U02530,21,Male,CR00001,Programming,Paid,2025-04-27,472.28
TT03658,U02533,18,Female,CR00002,Programming,Free,2025-04-23,0.0
TT03659,U02538,18,Male,CR00031,Cybersecurity,Free,2025-06-19,0.0
TT03660,U02544,29,Male,CR00050,Artificial Intelligence,Paid,2025-11-21,490.9
TT03661,U02546,27,Female,CR00015,Business,Paid,2025-12-08,285.05
TT03662,U02547,30,Female,CR00021,Data Science,Free,2025-01-01,0.0
TT03663,U02549,27,Male,CR00032,Cybersecurity,Free,2025-10-13,0.0
TT03664,U02550,18,Male,CR00040,Project Management,Paid,2025-08-02,327.99
TT03665,U02551,25,Male,CR00053,Web Development,Free,2025-05-03,0.0
TT03666,U02552,27,Male,CR00009,Design,Free,2025-07-13,0.0
TT03667,U02554,32,Male,CR00025,Data Science,Paid,2025-04-26,299.57
TT03668,U02555,15,Male,CR00009,Design,Free,2025-01-10,0.0
TT03669,U02556,18,Female,CR00006,Design,Paid,2025-10-14,276.37
TT03670,U02557,25,Female,CR00048,Artificial Intelligence,Free,2025-02-19,0.0
TT03671,U02559,33,Female,CR00010,Design,Free,2025-09-27,0.0
TT03672,U02560,22,Male,CR00022,Data Science,Free,2025-06-20,0.0
TT03673,U02561,33,Male,CR00016,Marketing,Free,2025-07-15,0.0
TT03674,U02563,27,Male,CR00033,Cybersecurity,Free,2025-07-25,0.0
TT03675,U02565,32,Male,CR00040,Project Management,Paid,2025-09-01,327.99
TT03676,U02567,35,Male,CR00027,Machine Learning,Free,2025-08-02,0.0
TT03677,U02569,35,Female,CR00008,Design,Free,2025-06-04,0.0
TT03678,U02572,33,Female,CR00007,Design,Free,2025-12-10,0.0
TT03679,U02574,24,Male,CR00039,Project Management,Paid,2025-09-21,346.71
TT03680,U02576,17,Female,CR00024,Data Science,Paid,2025-01-15,117.68
TT03681,U02579,28,Female,CR00016,Marketing,Free,2025-02-26,0.0
TT03682,U02588,18,Male,CR00049,Artificial Intelligence,Paid,2025-07-15,415.51
TT03683,U02591,33,Male,CR00026,Machine Learning,Free,2025-04-24,0.0
TT03684,U02594,18,Female,CR00040,Project Management,Paid,2025-11-26,327.99
TT03685,U02595,17,Male,CR00028,Machine Learning,Paid,2025-11-28,0.78
TT03686,U02598,25,Female,CR00021,Data Science,Free,2025-04-13,0.0
TT03687,U02603,31,Female,CR00035,Cybersecurity,Free,2025-03-10,0.0
TT03688,U02604,16,Male,CR00023,Data Science,Free,2025-01-19,0.0
TT03689,U02606,24,Male,CR00053,Web Development,Free,2025-10-27,0.0
TT03690,U02607,22,Male,CR00054,Web Development,Free,2025-04-08,0.0
TT03691,U02610,19,Male,CR00036,Project Management,Free,2025-04-06,0.0
TT03692,U02611,17,Female,CR00023,Data Science,Free,2025-06-22,0.0
TT03693,U02622,32,Female,CR00035,Cybersecurity,Free,2025-10-25,0.0
TT03694,U02627,26,Female,CR00037,Project Management,Free,2025-02-02,0.0
TT03695,U02628,33,Female,CR00015,Business,Paid,2025-09-11,285.05
TT03696,U02629,35,Female,CR00055,Web Development,Paid,2025-02-03,57.32
TT03697,U02632,22,Female,CR00048,Artificial Intelligence,Free,2025-07-05,0.0
TT03698,U02635,16,Male,CR00017,Marketing,Free,2025-08-16,0.0
TT03699,U02636,20,Male,CR00023,Data Science,Free,2025-03-09,0.0
TT03700,U02638,31,Female,CR00013,Business,Free,2025-05-14,0.0
TT03701,U02641,30,Male,CR00008,Design,Free,2025-08-10,0.0
TT03702,U02647,20,Female,CR00018,Marketing,Free,2025-05-27,0.0
TT03703,U02649,34,Female,CR00001,Programming,Paid,2025-12-26,472.28
TT03704,U02652,15,Male,CR00027,Machine Learning,Free,2025-10-07,0.0
TT03705,U02653,34,Male,CR00058,Digital Marketing,Free,2025-04-24,0.0
TT03706,U02654,27,Male,CR00049,Artificial Intelligence,Paid,2025-01-24,415.51
TT03707,U02655,32,Male,CR00003,Programming,Free,2025-05-16,0.0
TT03708,U02656,34,Female,CR00041,Finance,Paid,2025-10-01,53.86
TT03709,U02657,31,Male,CR00057,Digital Marketing,Paid,2025-01-09,177.34
TT03710,U02661,27,Male,CR00018,Marketing,Free,2025-09-14,0.0
TT03711,U02664,22,Female,CR00017,Marketing,Free,2025-05-24,0.0
TT03712,U02666,19,Male,CR00007,Design,Free,2025-10-17,0.0
TT03713,U02667,22,Female,CR00046,Artificial Intelligence,Paid,2025-11-25,248.1
TT03714,U02670,25,Female,CR00053,Web Development,Free,2025-08-26,0.0
TT03715,U02671,15,Female,CR00025,Data Science,Paid,2025-09-16,299.57
TT03716,U02673,19,Female,CR00019,Marketing,Free,2025-09-22,0.0
TT03717,U02674,28,Female,CR00042,Finance,Free,2025-07-06,0.0
TT03718,U02676,15,Male,CR00034,Cybersecurity,Paid,2025-03-08,394.26
TT03719,U02678,19,Female,CR00029,Machine Learning,Free,2025-10-04,0.0
TT03720,U02681,33,Male,CR00008,Design,Free,2025-06-11,0.0
TT03721,U02682,35,Female,CR00041,Finance,Paid,2025-05-26,53.86
TT03722,U02685,27,Female,CR00012,Business,Paid,2025-08-19,487.92
TT03723,U02687,34,Male,CR00056,Digital Marketing,Paid,2025-03-10,212.39
TT03724,U02689,27,Male,CR00058,Digital Marketing,Free,2025-03-08,0.0
TT03725,U02691,19,Female,CR00003,Programming,Free,2025-05-04,0.0
TT03726,U02693,19,Male,CR00038,Project Management,Paid,2025-08-05,342.61
TT03727,U02695,30,Male,CR00052,Web Development,Free,2025-07-24,0.0
TT03728,U02699,16,Female,CR00020,Marketing,Free,2025-09-05,0.0
TT03729,U02700,18,Female,CR00055,Web Development,Paid,2025-09-11,57.32
TT03730,U02703,30,Male,CR00030,Machine Learning,Free,2025-03-30,0.0
TT03731,U02706,21,Female,CR00051,Web Development,Paid,2025-10-18,37.89
TT03732,U02707,19,Female,CR00024,Data Science,Paid,2025-10-03,117.68
TT03733,U02708,25,Male,CR00001,Programming,Paid,2025-10-08,472.28
TT03734,U02713,32,Female,CR00059,Digital Marketing,Free,2025-12-26,0.0
TT03735,U02714,17,Male,CR00030,Machine Learning,Free,2025-12-22,0.0
TT03736,U02717,31,Male,CR00015,Business,Paid,2025-08-17,285.05
TT03737,U02720,22,Male,CR00056,Digital Marketing,Paid,2025-11-22,212.39
TT03738,U02721,26,Male,CR00025,Data Science,Paid,2025-08-11,299.57
TT03739,U02722,23,Female,CR00020,Marketing,Free,2025-12-19,0.0
TT03740,U02724,35,Male,CR00031,Cybersecurity,Free,2025-02-15,0.0
TT03741,U02725,23,Male,CR00049,Artificial Intelligence,Paid,2025-09-05,415.51
TT03742,U02728,33,Female,CR00006,Design,Paid,2025-10-16,276.37
TT03743,U02730,27,Female,CR00025,Data Science,Paid,2025-12-01,299.57
TT03744,U02734,15,Female,CR00009,Design,Free,2025-07-11,0.0
TT03745,U02735,34,Female,CR00054,Web Development,Free,2025-05-17,0.0
TT03746,U02736,15,Male,CR00056,Digital Marketing,Paid,2025-10-22,212.39
TT03747,U02738,16,Female,CR00020,Marketing,Free,2025-08-29,0.0
TT03748,U02739,15,Female,CR00012,Business,Paid,2025-01-05,487.92
TT03749,U02744,24,Female,CR00038,Project Management,Paid,2025-01-13,342.61
TT03750,U02745,18,Female,CR00014,Business,Free,2025-03-30,0.0
TT03751,U02751,24,Female,CR00018,Marketing,Free,2025-04-30,0.0
TT03752,U02753,26,Female,CR00041,Finance,Paid,2025-04-14,53.86
TT03753,U02757,16,Male,CR00049,Artificial Intelligence,Paid,2025-02-25,415.51
TT03754,U02764,32,Male,CR00051,Web Development,Paid,2025-02-18,37.89
TT03755,U02765,21,Male,CR00010,Design,Free,2025-05-15,0.0
TT03756,U02766,19,Male,CR00033,Cybersecurity,Free,2025-12-15,0.0
TT03757,U02774,19,Male,CR00043,Finance,Free,2025-02-16,0.0
TT03758,U02777,27,Male,CR00005,Programming,Free,2025-02-28,0.0
TT03759,U02783,30,Female,CR00004,Programming,Free,2025-11-25,0.0
TT03760,U02785,25,Female,CR00048,Artificial Intelligence,Free,2025-12-12,0.0
TT03761,U02787,21,Male,CR00039,Project Management,Paid,2025-11-01,346.71
TT03762,U02790,25,Male,CR00052,Web Development,Free,2025-02-16,0.0
TT03763,U02795,31,Male,CR00025,Data Science,Paid,2025-12-30,299.57
TT03764,U02796,33,Male,CR00058,Digital Marketing,Free,2025-01-06,0.0
TT03765,U02797,34,Male,CR00028,Machine Learning,Paid,2025-08-03,0.78
TT03766,U02798,28,Female,CR00023,Data Science,Free,2025-08-10,0.0
TT03767,U02799,17,Male,CR00016,Marketing,Free,2025-08-21,0.0
TT03768,U02800,34,Male,CR00025,Data Science,Paid,2025-12-06,299.57
TT03769,U02802,15,Female,CR00035,Cybersecurity,Free,2025-11-29,0.0
TT03770,U02804,24,Male,CR00026,Machine Learning,Free,2025-08-16,0.0
TT03771,U02805,16,Male,CR00055,Web Development,Paid,2025-04-08,57.32
TT03772,U02806,28,Male,CR00033,Cybersecurity,Free,2025-04-01,0.0
TT03773,U02811,21,Male,CR00007,Design,Free,2025-07-11,0.0
TT03774,U02812,17,Male,CR00044,Finance,Paid,2025-02-14,119.04
TT03775,U02816,25,Male,CR00020,Marketing,Free,2025-11-21,0.0
TT03776,U02817,33,Male,CR00008,Design,Free,2025-11-29,0.0
TT03777,U02818,32,Male,CR00028,Machine Learning,Paid,2025-02-12,0.78
TT03778,U02820,30,Male,CR00005,Programming,Free,2025-11-21,0.0
TT03779,U02822,15,Male,CR00026,Machine Learning,Free,2025-01-07,0.0
TT03780,U02824,28,Female,CR00011,Business,Paid,2025-01-11,326.02
TT03781,U02826,25,Male,CR00029,Machine Learning,Free,2025-12-11,0.0
TT03782,U02827,17,Male,CR00026,Machine Learning,Free,2025-10-02,0.0
TT03783,U02829,19,Female,CR00047,Artificial Intelligence,Paid,2025-02-10,89.59
TT03784,U02830,34,Female,CR00053,Web Development,Free,2025-05-12,0.0
TT03785,U02834,17,Male,CR00022,Data Science,Free,2025-12-02,0.0
TT03786,U02835,31,Male,CR00024,Data Science,Paid,2025-09-28,117.68
TT03787,U02845,22,Male,CR00009,Design,Free,2025-03-02,0.0
TT03788,U02846,29,Female,CR00025,Data Science,Paid,2025-06-07,299.57
TT03789,U02848,23,Male,CR00033,Cybersecurity,Free,2025-11-12,0.0
TT03790,U02851,30,Male,CR00034,Cybersecurity,Paid,2025-08-08,394.26
TT03791,U02852,23,Male,CR00013,Business,Free,2025-06-30,0.0
TT03792,U02853,25,Male,CR00004,Programming,Free,2025-12-04,0.0
TT03793,U02854,28,Male,CR00013,Business,Free,2025-04-13,0.0
TT03794,U02855,18,Female,CR00040,Project Management,Paid,2025-01-17,327.99
TT03795,U02860,17,Male,CR00028,Machine Learning,Paid,2025-09-24,0.78
TT03796,U02861,29,Male,CR00039,Project Management,Paid,2025-03-28,346.71
TT03797,U02863,29,Male,CR00022,Data Science,Free,2025-02-04,0.0
TT03798,U02864,25,Female,CR00018,Marketing,Free,2025-07-16,0.0
TT03799,U02865,35,Female,CR00013,Business,Free,2025-04-07,0.0
TT03800,U02869,26,Female,CR00035,Cybersecurity,Free,2025-11-05,0.0
TT03801,U02870,27,Male,CR00009,Design,Free,2025-02-16,0.0
TT03802,U02875,27,Female,CR00015,Business,Paid,2025-12-07,285.05
TT03803,U02876,24,Female,CR00008,Design,Free,2025-03-21,0.0
TT03804,U02877,28,Male,CR00016,Marketing,Free,2025-11-05,0.0
TT03805,U02879,16,Female,CR00043,Finance,Free,2025-03-05,0.0
TT03806,U02880,21,Female,CR00007,Design,Free,2025-08-21,0.0
TT03807,U02882,33,Female,CR00059,Digital Marketing,Free,2025-07-26,0.0
TT03808,U02888,20,Male,CR00024,Data Science,Paid,2025-09-21,117.68
TT03809,U02889,28,Female,CR00011,Business,Paid,2025-06-05,326.02
TT03810,U02892,26,Female,CR00001,Programming,Paid,2025-09-08,472.28
TT03811,U02893,22,Male,CR00004,Programming,Free,2025-06-06,0.0
TT03812,U02894,15,Female,CR00018,Marketing,Free,2025-09-11,0.0
TT03813,U02896,30,Male,CR00021,Data Science,Free,2025-04-07,0.0
TT03814,U02900,35,Male,CR00034,Cybersecurity,Paid,2025-11-27,394.26
TT03815,U02901,30,Male,CR00032,Cybersecurity,Free,2025-07-16,0.0
TT03816,U02903,27,Male,CR00012,Business,Paid,2025-01-23,487.92
TT03817,U02908,34,Male,CR00004,Programming,Free,2025-03-29,0.0
TT03818,U02910,35,Female,CR00013,Business,Free,2025-06-27,0.0
TT03819,U02911,34,Female,CR00050,Artificial Intelligence,Paid,2025-12-30,490.9
TT03820,U02913,22,Female,CR00031,Cybersecurity,Free,2025-02-28,0.0
TT03821,U02917,32,Female,CR00012,Business,Paid,2025-11-29,487.92
TT03822,U02919,25,Male,CR00045,Finance,Free,2025-05-19,0.0
TT03823,U02920,17,Male,CR00022,Data Science,Free,2025-03-27,0.0
TT03824,U02921,16,Female,CR00032,Cybersecurity,Free,2025-12-20,0.0
TT03825,U02926,24,Male,CR00014,Business,Free,2025-08-30,0.0
TT03826,U02928,26,Male,CR00042,Finance,Free,2025-09-25,0.0
TT03827,U02929,16,Female,CR00001,Programming,Paid,2025-09-09,472.28
TT03828,U02930,26,Female,CR00015,Business,Paid,2025-06-17,285.05
TT03829,U02932,17,Female,CR00054,Web Development,Free,2025-01-22,0.0
TT03830,U02933,34,Male,CR00010,Design,Free,2025-06-27,0.0
TT03831,U02934,29,Female,CR00025,Data Science,Paid,2025-10-21,299.57
TT03832,U02939,18,Female,CR00021,Data Science,Free,2025-09-04,0.0
TT03833,U02943,19,Female,CR00020,Marketing,Free,2025-05-10,0.0
TT03834,U02944,23,Female,CR00045,Finance,Free,2025-06-23,0.0
TT03835,U02946,18,Female,CR00016,Marketing,Free,2025-11-09,0.0
TT03836,U02948,33,Male,CR00022,Data Science,Free,2025-01-23,0.0
TT03837,U02951,28,Male,CR00033,Cybersecurity,Free,2025-11-28,0.0
TT03838,U02953,21,Male,CR00015,Business,Paid,2025-08-17,285.05
TT03839,U02955,25,Male,CR00055,Web Development,Paid,2025-09-08,57.32
TT03840,U02957,31,Male,CR00032,Cybersecurity,Free,2025-11-20,0.0
TT03841,U02960,24,Male,CR00025,Data Science,Paid,2025-03-26,299.57
TT03842,U02961,25,Female,CR00022,Data Science,Free,2025-12-15,0.0
TT03843,U02963,18,Female,CR00030,Machine Learning,Free,2025-10-30,0.0
TT03844,U02964,33,Male,CR00026,Machine Learning,Free,2025-01-28,0.0
TT03845,U02965,16,Male,CR00040,Project Management,Paid,2025-04-07,327.99
TT03846,U02967,21,Male,CR00018,Marketing,Free,2025-04-10,0.0
TT03847,U02973,28,Female,CR00029,Machine Learning,Free,2025-09-14,0.0
TT03848,U02975,22,Male,CR00048,Artificial Intelligence,Free,2025-03-29,0.0
TT03849,U02977,33,Male,CR00034,Cybersecurity,Paid,2025-02-09,394.26
TT03850,U02979,26,Male,CR00056,Digital Marketing,Paid,2025-11-05,212.39
TT03851,U02982,20,Female,CR00036,Project Management,Free,2025-05-02,0.0
TT03852,U02983,35,Female,CR00042,Finance,Free,2025-04-09,0.0
TT03853,U02985,35,Male,CR00028,Machine Learning,Paid,2025-10-01,0.78
TT03854,U02991,27,Female,CR00005,Programming,Free,2025-10-27,0.0
TT03855,U02993,20,Female,CR00045,Finance,Free,2025-08-29,0.0
TT03856,U02997,21,Female,CR00027,Machine Learning,Free,2025-08-28,0.0
TT03857,U02999,20,Male,CR00051,Web Development,Paid,2025-09-09,37.89
TT03858,U00010,34,Female,CR00048,Artificial Intelligence,Free,2025-08-02,0.0
TT03859,U00010,34,Female,CR00011,Business,Paid,2025-10-01,326.02
TT03860,U00012,15,Female,CR00008,Design,Free,2025-09-08,0.0
TT03861,U00012,15,Female,CR00040,Project Management,Paid,2025-09-14,327.99
TT03862,U00017,24,Male,CR00001,Programming,Paid,2025-05-19,472.28
TT03863,U00017,24,Male,CR00050,Artificial Intelligence,Paid,2025-02-02,490.9
TT03864,U00017,24,Male,CR00059,Digital Marketing,Free,2025-11-26,0.0
TT03865,U00025,34,Male,CR00044,Finance,Paid,2025-08-18,119.04
TT03866,U00025,34,Male,CR00027,Machine Learning,Free,2025-01-04,0.0
TT03867,U00025,34,Male,CR00019,Marketing,Free,2025-06-03,0.0
TT03868,U00025,34,Male,CR00004,Programming,Free,2025-03-26,0.0
TT03869,U00046,29,Female,CR00029,Machine Learning,Free,2025-05-22,0.0
TT03870,U00046,29,Female,CR00008,Design,Free,2025-11-25,0.0
TT03871,U00056,22,Female,CR00004,Programming,Free,2025-06-08,0.0
TT03872,U00056,22,Female,CR00007,Design,Free,2025-08-09,0.0
TT03873,U00060,26,Male,CR00048,Artificial Intelligence,Free,2025-11-10,0.0
TT03874,U00060,26,Male,CR00041,Finance,Paid,2025-08-25,53.86
TT03875,U00060,26,Male,CR00003,Programming,Free,2025-12-01,0.0
TT03876,U00060,26,Male,CR00042,Finance,Free,2025-08-13,0.0
TT03877,U00074,19,Male,CR00050,Artificial Intelligence,Paid,2025-11-13,490.9
TT03878,U00074,19,Male,CR00005,Programming,Free,2025-11-02,0.0
TT03879,U00074,19,Male,CR00001,Programming,Paid,2025-06-04,472.28
TT03880,U00076,34,Male,CR00001,Programming,Paid,2025-08-28,472.28
TT03881,U00076,34,Male,CR00009,Design,Free,2025-07-11,0.0
TT03882,U00076,34,Male,CR00013,Business,Free,2025-08-04,0.0
TT03883,U00076,34,Male,CR00029,Machine Learning,Free,2025-12-29,0.0
TT03884,U00086,27,Female,CR00041,Finance,Paid,2025-07-04,53.86
TT03885,U00086,27,Female,CR00013,Business,Free,2025-06-13,0.0
TT03886,U00086,27,Female,CR00019,Marketing,Free,2025-10-02,0.0
TT03887,U00086,27,Female,CR00002,Programming,Free,2025-11-21,0.0
TT03888,U00087,19,Female,CR00026,Machine Learning,Free,2025-06-18,0.0
TT03889,U00087,19,Female,CR00036,Project Management,Free,2025-05-29,0.0
TT03890,U00087,19,Female,CR00020,Marketing,Free,2025-09-02,0.0
TT03891,U00092,31,Male,CR00039,Project Management,Paid,2025-06-02,346.71
TT03892,U00092,31,Male,CR00017,Marketing,Free,2025-06-27,0.0
TT03893,U00092,31,Male,CR00022,Data Science,Free,2025-08-29,0.0
TT03894,U00092,31,Male,CR00046,Artificial Intelligence,Paid,2025-06-07,248.1
TT03895,U00096,34,Female,CR00023,Data Science,Free,2025-05-23,0.0
TT03896,U00096,34,Female,CR00030,Machine Learning,Free,2025-11-27,0.0
TT03897,U00096,34,Female,CR00029,Machine Learning,Free,2025-06-02,0.0
TT03898,U00096,34,Female,CR00058,Digital Marketing,Free,2025-10-14,0.0
TT03899,U00108,32,Male,CR00054,Web Development,Free,2025-08-16,0.0
TT03900,U00108,32,Male,CR00007,Design,Free,2025-01-04,0.0
TT03901,U00125,35,Female,CR00027,Machine Learning,Free,2025-03-06,0.0
TT03902,U00125,35,Female,CR00011,Business,Paid,2025-03-21,326.02
TT03903,U00127,34,Female,CR00012,Business,Paid,2025-06-08,487.92
TT03904,U00127,34,Female,CR00017,Marketing,Free,2025-09-18,0.0
TT03905,U00127,34,Female,CR00049,Artificial Intelligence,Paid,2025-10-11,415.51
TT03906,U00137,15,Female,CR00038,Project Management,Paid,2025-12-28,342.61
TT03907,U00137,15,Female,CR00024,Data Science,Paid,2025-09-10,117.68
TT03908,U00139,16,Female,CR00046,Artificial Intelligence,Paid,2025-09-21,248.1
TT03909,U00139,16,Female,CR00013,Business,Free,2025-01-05,0.0
TT03910,U00139,16,Female,CR00029,Machine Learning,Free,2025-04-13,0.0
TT03911,U00139,16,Female,CR00019,Marketing,Free,2025-11-13,0.0
TT03912,U00143,26,Male,CR00057,Digital Marketing,Paid,2025-05-09,177.34
TT03913,U00143,26,Male,CR00035,Cybersecurity,Free,2025-07-16,0.0
TT03914,U00150,25,Male,CR00032,Cybersecurity,Free,2025-12-06,0.0
TT03915,U00150,25,Male,CR00020,Marketing,Free,2025-09-26,0.0
TT03916,U00153,35,Male,CR00051,Web Development,Paid,2025-12-16,37.89
TT03917,U00153,35,Male,CR00003,Programming,Free,2025-02-21,0.0
TT03918,U00165,30,Male,CR00006,Design,Paid,2025-04-09,276.37
TT03919,U00165,30,Male,CR00020,Marketing,Free,2025-06-30,0.0
TT03920,U00165,30,Male,CR00047,Artificial Intelligence,Paid,2025-07-25,89.59
TT03921,U00165,30,Male,CR00041,Finance,Paid,2025-03-23,53.86
TT03922,U00170,34,Female,CR00036,Project Management,Free,2025-08-09,0.0
TT03923,U00170,34,Female,CR00052,Web Development,Free,2025-02-15,0.0
TT03924,U00170,34,Female,CR00005,Programming,Free,2025-03-06,0.0
TT03925,U00200,32,Male,CR00056,Digital Marketing,Paid,2025-08-24,212.39
TT03926,U00200,32,Male,CR00055,Web Development,Paid,2025-01-22,57.32
TT03927,U00200,32,Male,CR00010,Design,Free,2025-07-12,0.0
TT03928,U00200,32,Male,CR00008,Design,Free,2025-12-18,0.0
TT03929,U00201,16,Male,CR00006,Design,Paid,2025-04-26,276.37
TT03930,U00201,16,Male,CR00052,Web Development,Free,2025-01-09,0.0
TT03931,U00201,16,Male,CR00049,Artificial Intelligence,Paid,2025-04-17,415.51
TT03932,U00213,15,Male,CR00025,Data Science,Paid,2025-07-11,299.57
TT03933,U00213,15,Male,CR00016,Marketing,Free,2025-06-12,0.0
TT03934,U00234,32,Male,CR00011,Business,Paid,2025-02-28,326.02
TT03935,U00234,32,Male,CR00017,Marketing,Free,2025-09-23,0.0
TT03936,U00235,34,Male,CR00019,Marketing,Free,2025-07-12,0.0
TT03937,U00235,34,Male,CR00003,Programming,Free,2025-08-03,0.0
TT03938,U00235,34,Male,CR00001,Programming,Paid,2025-03-21,472.28
TT03939,U00263,15,Male,CR00018,Marketing,Free,2025-11-16,0.0
TT03940,U00263,15,Male,CR00052,Web Development,Free,2025-02-26,0.0
TT03941,U00263,15,Male,CR00042,Finance,Free,2025-02-01,0.0
TT03942,U00263,15,Male,CR00023,Data Science,Free,2025-11-05,0.0
TT03943,U00264,18,Female,CR00033,Cybersecurity,Free,2025-03-20,0.0
TT03944,U00264,18,Female,CR00030,Machine Learning,Free,2025-11-23,0.0
TT03945,U00264,18,Female,CR00016,Marketing,Free,2025-03-12,0.0
TT03946,U00267,34,Male,CR00044,Finance,Paid,2025-06-15,119.04
TT03947,U00267,34,Male,CR00025,Data Science,Paid,2025-06-05,299.57
TT03948,U00267,34,Male,CR00012,Business,Paid,2025-09-05,487.92
TT03949,U00267,34,Male,CR00013,Business,Free,2025-01-01,0.0
TT03950,U00279,24,Male,CR00057,Digital Marketing,Paid,2025-01-10,177.34
TT03951,U00279,24,Male,CR00045,Finance,Free,2025-03-01,0.0
TT03952,U00279,24,Male,CR00024,Data Science,Paid,2025-08-18,117.68
TT03953,U00286,24,Female,CR00052,Web Development,Free,2025-06-24,0.0
TT03954,U00286,24,Female,CR00010,Design,Free,2025-11-16,0.0
TT03955,U00286,24,Female,CR00053,Web Development,Free,2025-03-07,0.0
TT03956,U00287,21,Female,CR00010,Design,Free,2025-03-05,0.0
TT03957,U00287,21,Female,CR00016,Marketing,Free,2025-11-26,0.0
TT03958,U00290,17,Female,CR00020,Marketing,Free,2025-06-01,0.0
TT03959,U00290,17,Female,CR00058,Digital Marketing,Free,2025-07-14,0.0
TT03960,U00290,17,Female,CR00055,Web Development,Paid,2025-02-27,57.32
TT03961,U00291,16,Female,CR00048,Artificial Intelligence,Free,2025-07-29,0.0
TT03962,U00291,16,Female,CR00006,Design,Paid,2025-04-21,276.37
TT03963,U00291,16,Female,CR00026,Machine Learning,Free,2025-09-18,0.0
TT03964,U00308,26,Male,CR00050,Artificial Intelligence,Paid,2025-03-09,490.9
TT03965,U00308,26,Male,CR00025,Data Science,Paid,2025-11-11,299.57
TT03966,U00308,26,Male,CR00005,Programming,Free,2025-08-28,0.0
TT03967,U00308,26,Male,CR00036,Project Management,Free,2025-01-14,0.0
TT03968,U00314,19,Female,CR00004,Programming,Free,2025-01-12,0.0
TT03969,U00314,19,Female,CR00003,Programming,Free,2025-12-26,0.0
TT03970,U00314,19,Female,CR00052,Web Development,Free,2025-01-27,0.0
TT03971,U00316,19,Female,CR00021,Data Science,Free,2025-02-28,0.0
TT03972,U00316,19,Female,CR00043,Finance,Free,2025-08-29,0.0
TT03973,U00317,19,Male,CR00055,Web Development,Paid,2025-09-27,57.32
TT03974,U00317,19,Male,CR00017,Marketing,Free,2025-09-22,0.0
TT03975,U00317,19,Male,CR00031,Cybersecurity,Free,2025-07-10,0.0
TT03976,U00327,31,Female,CR00057,Digital Marketing,Paid,2025-11-27,177.34
TT03977,U00327,31,Female,CR00037,Project Management,Free,2025-07-05,0.0
TT03978,U00327,31,Female,CR00043,Finance,Free,2025-01-21,0.0
TT03979,U00327,31,Female,CR00059,Digital Marketing,Free,2025-06-12,0.0
TT03980,U00346,33,Female,CR00054,Web Development,Free,2025-08-14,0.0
TT03981,U00346,33,Female,CR00011,Business,Paid,2025-07-04,326.02
TT03982,U00346,33,Female,CR00042,Finance,Free,2025-04-09,0.0
TT03983,U00354,35,Male,CR00059,Digital Marketing,Free,2025-06-30,0.0
TT03984,U00354,35,Male,CR00058,Digital Marketing,Free,2025-09-26,0.0
TT03985,U00369,19,Male,CR00052,Web Development,Free,2025-09-09,0.0
TT03986,U00369,19,Male,CR00018,Marketing,Free,2025-08-13,0.0
TT03987,U00369,19,Male,CR00013,Business,Free,2025-08-01,0.0
TT03988,U00369,19,Male,CR00010,Design,Free,2025-07-20,0.0
TT03989,U00382,25,Male,CR00018,Marketing,Free,2025-11-29,0.0
TT03990,U00382,25,Male,CR00004,Programming,Free,2025-06-19,0.0
TT03991,U00382,25,Male,CR00034,Cybersecurity,Paid,2025-03-23,394.26
TT03992,U00390,18,Female,CR00052,Web Development,Free,2025-04-16,0.0
TT03993,U00390,18,Female,CR00053,Web Development,Free,2025-03-02,0.0
TT03994,U00390,18,Female,CR00009,Design,Free,2025-09-18,0.0
TT03995,U00398,27,Female,CR00002,Programming,Free,2025-09-22,0.0
TT03996,U00398,27,Female,CR00035,Cybersecurity,Free,2025-05-24,0.0
TT03997,U00398,27,Female,CR00024,Data Science,Paid,2025-10-21,117.68
TT03998,U00402,23,Male,CR00053,Web Development,Free,2025-09-16,0.0
TT03999,U00402,23,Male,CR00045,Finance,Free,2025-08-20,0.0
TT04000,U00412,24,Female,CR00042,Finance,Free,2025-02-14,0.0
TT04001,U00412,24,Female,CR00003,Programming,Free,2025-04-13,0.0
TT04002,U00412,24,Female,CR00024,Data Science,Paid,2025-03-01,117.68
TT04003,U00412,24,Female,CR00044,Finance,Paid,2025-11-28,119.04
TT04004,U00413,23,Male,CR00033,Cybersecurity,Free,2025-08-04,0.0
TT04005,U00413,23,Male,CR00001,Programming,Paid,2025-02-07,472.28
TT04006,U00418,23,Female,CR00029,Machine Learning,Free,2025-01-16,0.0
TT04007,U00418,23,Female,CR00050,Artificial Intelligence,Paid,2025-12-13,490.9
TT04008,U00418,23,Female,CR00051,Web Development,Paid,2025-02-07,37.89
TT04009,U00422,15,Female,CR00015,Business,Paid,2025-01-21,285.05
TT04010,U00422,15,Female,CR00032,Cybersecurity,Free,2025-09-08,0.0
TT04011,U00422,15,Female,CR00043,Finance,Free,2025-10-22,0.0
TT04012,U00426,21,Male,CR00035,Cybersecurity,Free,2025-08-17,0.0
TT04013,U00426,21,Male,CR00004,Programming,Free,2025-10-09,0.0
TT04014,U00426,21,Male,CR00060,Digital Marketing,Free,2025-11-13,0.0
TT04015,U00426,21,Male,CR00001,Programming,Paid,2025-07-07,472.28
TT04016,U00437,28,Male,CR00053,Web Development,Free,2025-02-05,0.0
TT04017,U00437,28,Male,CR00022,Data Science,Free,2025-11-17,0.0
TT04018,U00437,28,Male,CR00036,Project Management,Free,2025-08-15,0.0
TT04019,U00448,27,Male,CR00059,Digital Marketing,Free,2025-03-01,0.0
TT04020,U00448,27,Male,CR00031,Cybersecurity,Free,2025-09-18,0.0
TT04021,U00448,27,Male,CR00035,Cybersecurity,Free,2025-07-10,0.0
TT04022,U00452,23,Male,CR00055,Web Development,Paid,2025-05-17,57.32
TT04023,U00452,23,Male,CR00045,Finance,Free,2025-07-01,0.0
TT04024,U00452,23,Male,CR00017,Marketing,Free,2025-10-27,0.0
TT04025,U00454,28,Female,CR00038,Project Management,Paid,2025-10-15,342.61
TT04026,U00454,28,Female,CR00049,Artificial Intelligence,Paid,2025-12-15,415.51
TT04027,U00454,28,Female,CR00036,Project Management,Free,2025-10-14,0.0
TT04028,U00454,28,Female,CR00005,Programming,Free,2025-02-25,0.0
TT04029,U00455,19,Male,CR00048,Artificial Intelligence,Free,2025-08-18,0.0
TT04030,U00455,19,Male,CR00022,Data Science,Free,2025-05-24,0.0
TT04031,U00455,19,Male,CR00002,Programming,Free,2025-12-02,0.0
TT04032,U00457,34,Female,CR00051,Web Development,Paid,2025-12-12,37.89
TT04033,U00457,34,Female,CR00017,Marketing,Free,2025-01-21,0.0
TT04034,U00458,31,Female,CR00002,Programming,Free,2025-06-16,0.0
TT04035,U00458,31,Female,CR00010,Design,Free,2025-03-04,0.0
TT04036,U00458,31,Female,CR00024,Data Science,Paid,2025-05-25,117.68
TT04037,U00458,31,Female,CR00047,Artificial Intelligence,Paid,2025-03-07,89.59
TT04038,U00461,21,Female,CR00026,Machine Learning,Free,2025-06-15,0.0
TT04039,U00461,21,Female,CR00050,Artificial Intelligence,Paid,2025-07-23,490.9
TT04040,U00462,30,Male,CR00011,Business,Paid,2025-01-02,326.02
TT04041,U00462,30,Male,CR00017,Marketing,Free,2025-11-15,0.0
TT04042,U00473,32,Female,CR00029,Machine Learning,Free,2025-01-03,0.0
TT04043,U00473,32,Female,CR00038,Project Management,Paid,2025-07-29,342.61
TT04044,U00473,32,Female,CR00054,Web Development,Free,2025-09-23,0.0
TT04045,U00475,24,Male,CR00023,Data Science,Free,2025-05-23,0.0
TT04046,U00475,24,Male,CR00040,Project Management,Paid,2025-11-16,327.99
TT04047,U00475,24,Male,CR00006,Design,Paid,2025-05-30,276.37
TT04048,U00486,21,Female,CR00026,Machine Learning,Free,2025-02-13,0.0
TT04049,U00486,21,Female,CR00037,Project Management,Free,2025-09-14,0.0
TT04050,U00489,18,Male,CR00034,Cybersecurity,Paid,2025-02-27,394.26
TT04051,U00489,18,Male,CR00029,Machine Learning,Free,2025-08-11,0.0
TT04052,U00489,18,Male,CR00041,Finance,Paid,2025-10-29,53.86
TT04053,U00495,35,Female,CR00015,Business,Paid,2025-04-19,285.05
TT04054,U00495,35,Female,CR00009,Design,Free,2025-12-25,0.0
TT04055,U00497,21,Female,CR00052,Web Development,Free,2025-08-28,0.0
TT04056,U00497,21,Female,CR00048,Artificial Intelligence,Free,2025-06-06,0.0
TT04057,U00497,21,Female,CR00054,Web Development,Free,2025-12-11,0.0
TT04058,U00498,20,Female,CR00020,Marketing,Free,2025-09-19,0.0
TT04059,U00498,20,Female,CR00059,Digital Marketing,Free,2025-03-21,0.0
TT04060,U00498,20,Female,CR00037,Project Management,Free,2025-08-03,0.0
TT04061,U00500,16,Female,CR00046,Artificial Intelligence,Paid,2025-12-20,248.1
TT04062,U00500,16,Female,CR00038,Project Management,Paid,2025-06-30,342.61
TT04063,U00503,15,Male,CR00009,Design,Free,2025-12-13,0.0
TT04064,U00503,15,Male,CR00058,Digital Marketing,Free,2025-11-21,0.0
TT04065,U00514,30,Female,CR00001,Programming,Paid,2025-04-10,472.28
TT04066,U00514,30,Female,CR00004,Programming,Free,2025-11-15,0.0
TT04067,U00514,30,Female,CR00024,Data Science,Paid,2025-11-14,117.68
TT04068,U00534,27,Female,CR00057,Digital Marketing,Paid,2025-08-19,177.34
TT04069,U00534,27,Female,CR00019,Marketing,Free,2025-02-08,0.0
TT04070,U00534,27,Female,CR00054,Web Development,Free,2025-12-11,0.0
TT04071,U00534,27,Female,CR00029,Machine Learning,Free,2025-06-27,0.0
TT04072,U00537,25,Female,CR00017,Marketing,Free,2025-11-29,0.0
TT04073,U00537,25,Female,CR00039,Project Management,Paid,2025-05-21,346.71
TT04074,U00541,19,Male,CR00010,Design,Free,2025-04-12,0.0
TT04075,U00541,19,Male,CR00056,Digital Marketing,Paid,2025-09-07,212.39
TT04076,U00541,19,Male,CR00024,Data Science,Paid,2025-06-11,117.68
TT04077,U00551,35,Male,CR00055,Web Development,Paid,2025-08-16,57.32
TT04078,U00551,35,Male,CR00043,Finance,Free,2025-10-19,0.0
TT04079,U00551,35,Male,CR00057,Digital Marketing,Paid,2025-09-15,177.34
TT04080,U00551,35,Male,CR00022,Data Science,Free,2025-09-17,0.0
TT04081,U00580,24,Female,CR00043,Finance,Free,2025-09-24,0.0
TT04082,U00580,24,Female,CR00052,Web Development,Free,2025-02-18,0.0
TT04083,U00580,24,Female,CR00031,Cybersecurity,Free,2025-10-01,0.0
TT04084,U00585,19,Female,CR00029,Machine Learning,Free,2025-12-01,0.0
TT04085,U00585,19,Female,CR00054,Web Development,Free,2025-08-07,0.0
TT04086,U00593,23,Male,CR00047,Artificial Intelligence,Paid,2025-07-25,89.59
TT04087,U00593,23,Male,CR00018,Marketing,Free,2025-03-19,0.0
TT04088,U00602,25,Female,CR00058,Digital Marketing,Free,2025-05-12,0.0
TT04089,U00602,25,Female,CR00002,Programming,Free,2025-07-13,0.0
TT04090,U00602,25,Female,CR00036,Project Management,Free,2025-12-21,0.0
TT04091,U00603,35,Male,CR00042,Finance,Free,2025-02-24,0.0
TT04092,U00603,35,Male,CR00028,Machine Learning,Paid,2025-09-24,0.78
TT04093,U00605,30,Female,CR00016,Marketing,Free,2025-11-03,0.0
TT04094,U00605,30,Female,CR00024,Data Science,Paid,2025-06-20,117.68
TT04095,U00605,30,Female,CR00048,Artificial Intelligence,Free,2025-11-11,0.0
TT04096,U00606,33,Female,CR00013,Business,Free,2025-07-24,0.0
TT04097,U00606,33,Female,CR00009,Design,Free,2025-07-28,0.0
TT04098,U00607,30,Male,CR00051,Web Development,Paid,2025-06-03,37.89
TT04099,U00607,30,Male,CR00046,Artificial Intelligence,Paid,2025-11-07,248.1
TT04100,U00609,33,Female,CR00014,Business,Free,2025-03-11,0.0
TT04101,U00609,33,Female,CR00010,Design,Free,2025-11-20,0.0
TT04102,U00609,33,Female,CR00040,Project Management,Paid,2025-11-13,327.99
TT04103,U00609,33,Female,CR00052,Web Development,Free,2025-09-24,0.0
TT04104,U00625,28,Male,CR00034,Cybersecurity,Paid,2025-12-01,394.26
TT04105,U00625,28,Male,CR00031,Cybersecurity,Free,2025-07-05,0.0
TT04106,U00625,28,Male,CR00017,Marketing,Free,2025-02-12,0.0
TT04107,U00625,28,Male,CR00026,Machine Learning,Free,2025-12-18,0.0
TT04108,U00627,34,Female,CR00012,Business,Paid,2025-05-01,487.92
TT04109,U00627,34,Female,CR00030,Machine Learning,Free,2025-01-27,0.0
TT04110,U00627,34,Female,CR00005,Programming,Free,2025-08-07,0.0
TT04111,U00627,34,Female,CR00029,Machine Learning,Free,2025-08-22,0.0
TT04112,U00630,17,Male,CR00044,Finance,Paid,2025-08-22,119.04
TT04113,U00630,17,Male,CR00057,Digital Marketing,Paid,2025-03-22,177.34
TT04114,U00630,17,Male,CR00043,Finance,Free,2025-12-21,0.0
TT04115,U00634,15,Female,CR00006,Design,Paid,2025-04-14,276.37
TT04116,U00634,15,Female,CR00010,Design,Free,2025-07-02,0.0
TT04117,U00634,15,Female,CR00014,Business,Free,2025-09-02,0.0
TT04118,U00638,19,Female,CR00055,Web Development,Paid,2025-02-18,57.32
TT04119,U00638,19,Female,CR00053,Web Development,Free,2025-03-12,0.0
TT04120,U00642,17,Male,CR00054,Web Development,Free,2025-08-18,0.0
TT04121,U00642,17,Male,CR00013,Business,Free,2025-04-27,0.0
TT04122,U00648,19,Male,CR00001,Programming,Paid,2025-02-22,472.28
TT04123,U00648,19,Male,CR00059,Digital Marketing,Free,2025-01-30,0.0
TT04124,U00651,29,Male,CR00004,Programming,Free,2025-10-28,0.0
TT04125,U00651,29,Male,CR00003,Programming,Free,2025-03-11,0.0
TT04126,U00651,29,Male,CR00044,Finance,Paid,2025-08-16,119.04
TT04127,U00651,29,Male,CR00057,Digital Marketing,Paid,2025-10-30,177.34
TT04128,U00654,24,Male,CR00041,Finance,Paid,2025-02-09,53.86
TT04129,U00654,24,Male,CR00005,Programming,Free,2025-10-13,0.0
TT04130,U00661,23,Female,CR00002,Programming,Free,2025-02-12,0.0
TT04131,U00661,23,Female,CR00023,Data Science,Free,2025-08-01,0.0
TT04132,U00661,23,Female,CR00004,Programming,Free,2025-11-04,0.0
TT04133,U00661,23,Female,CR00056,Digital Marketing,Paid,2025-09-15,212.39
TT04134,U00667,18,Female,CR00019,Marketing,Free,2025-08-09,0.0
TT04135,U00667,18,Female,CR00056,Digital Marketing,Paid,2025-06-12,212.39
TT04136,U00668,34,Female,CR00003,Programming,Free,2025-02-04,0.0
TT04137,U00668,34,Female,CR00017,Marketing,Free,2025-01-02,0.0
TT04138,U00670,17,Male,CR00035,Cybersecurity,Free,2025-09-07,0.0
TT04139,U00670,17,Male,CR00042,Finance,Free,2025-04-15,0.0
TT04140,U00684,28,Female,CR00010,Design,Free,2025-04-27,0.0
TT04141,U00684,28,Female,CR00060,Digital Marketing,Free,2025-06-01,0.0
TT04142,U00684,28,Female,CR00007,Design,Free,2025-06-10,0.0
TT04143,U00702,22,Female,CR00054,Web Development,Free,2025-12-26,0.0
TT04144,U00702,22,Female,CR00007,Design,Free,2025-09-18,0.0
TT04145,U00702,22,Female,CR00045,Finance,Free,2025-09-22,0.0
TT04146,U00703,32,Female,CR00032,Cybersecurity,Free,2025-03-01,0.0
TT04147,U00703,32,Female,CR00049,Artificial Intelligence,Paid,2025-02-05,415.51
TT04148,U00703,32,Female,CR00041,Finance,Paid,2025-06-29,53.86
TT04149,U00712,27,Female,CR00042,Finance,Free,2025-07-28,0.0
TT04150,U00712,27,Female,CR00013,Business,Free,2025-01-01,0.0
TT04151,U00714,25,Male,CR00022,Data Science,Free,2025-02-16,0.0
TT04152,U00714,25,Male,CR00009,Design,Free,2025-10-28,0.0
TT04153,U00714,25,Male,CR00059,Digital Marketing,Free,2025-09-03,0.0
TT04154,U00716,29,Male,CR00022,Data Science,Free,2025-05-10,0.0
TT04155,U00716,29,Male,CR00031,Cybersecurity,Free,2025-05-20,0.0
TT04156,U00716,29,Male,CR00057,Digital Marketing,Paid,2025-08-29,177.34
TT04157,U00716,29,Male,CR00024,Data Science,Paid,2025-10-14,117.68
TT04158,U00718,27,Female,CR00004,Programming,Free,2025-01-30,0.0
TT04159,U00718,27,Female,CR00015,Business,Paid,2025-10-18,285.05
TT04160,U00722,16,Female,CR00013,Business,Free,2025-09-02,0.0
TT04161,U00722,16,Female,CR00006,Design,Paid,2025-09-04,276.37
TT04162,U00722,16,Female,CR00029,Machine Learning,Free,2025-06-05,0.0
TT04163,U00727,33,Female,CR00057,Digital Marketing,Paid,2025-04-03,177.34
TT04164,U00727,33,Female,CR00056,Digital Marketing,Paid,2025-06-21,212.39
TT04165,U00727,33,Female,CR00032,Cybersecurity,Free,2025-10-09,0.0
TT04166,U00727,33,Female,CR00053,Web Development,Free,2025-11-01,0.0
TT04167,U00729,30,Male,CR00004,Programming,Free,2025-01-08,0.0
TT04168,U00729,30,Male,CR00017,Marketing,Free,2025-06-20,0.0
TT04169,U00734,20,Male,CR00018,Marketing,Free,2025-04-13,0.0
TT04170,U00734,20,Male,CR00032,Cybersecurity,Free,2025-05-27,0.0
TT04171,U00734,20,Male,CR00023,Data Science,Free,2025-12-03,0.0
TT04172,U00734,20,Male,CR00025,Data Science,Paid,2025-04-19,299.57
TT04173,U00735,17,Male,CR00056,Digital Marketing,Paid,2025-05-05,212.39
TT04174,U00735,17,Male,CR00013,Business,Free,2025-01-08,0.0
TT04175,U00738,29,Female,CR00051,Web Development,Paid,2025-03-26,37.89
TT04176,U00738,29,Female,CR00035,Cybersecurity,Free,2025-09-26,0.0
TT04177,U00738,29,Female,CR00056,Digital Marketing,Paid,2025-07-08,212.39
TT04178,U00741,33,Female,CR00043,Finance,Free,2025-03-11,0.0
TT04179,U00741,33,Female,CR00038,Project Management,Paid,2025-06-20,342.61
TT04180,U00741,33,Female,CR00044,Finance,Paid,2025-12-10,119.04
TT04181,U00741,33,Female,CR00016,Marketing,Free,2025-06-20,0.0
TT04182,U00743,19,Male,CR00005,Programming,Free,2025-07-12,0.0
TT04183,U00743,19,Male,CR00051,Web Development,Paid,2025-08-27,37.89
TT04184,U00743,19,Male,CR00032,Cybersecurity,Free,2025-10-26,0.0
TT04185,U00743,19,Male,CR00004,Programming,Free,2025-05-04,0.0
TT04186,U00766,31,Female,CR00017,Marketing,Free,2025-06-02,0.0
TT04187,U00766,31,Female,CR00042,Finance,Free,2025-08-25,0.0
TT04188,U00766,31,Female,CR00020,Marketing,Free,2025-06-26,0.0
TT04189,U00768,19,Male,CR00009,Design,Free,2025-12-18,0.0
TT04190,U00768,19,Male,CR00053,Web Development,Free,2025-01-15,0.0
TT04191,U00777,29,Male,CR00012,Business,Paid,2025-01-04,487.92
TT04192,U00777,29,Male,CR00056,Digital Marketing,Paid,2025-06-06,212.39
TT04193,U00777,29,Male,CR00043,Finance,Free,2025-12-06,0.0
TT04194,U00777,29,Male,CR00025,Data Science,Paid,2025-03-29,299.57
TT04195,U00778,33,Male,CR00019,Marketing,Free,2025-03-16,0.0
TT04196,U00778,33,Male,CR00030,Machine Learning,Free,2025-02-04,0.0
TT04197,U00788,24,Male,CR00060,Digital Marketing,Free,2025-06-10,0.0
TT04198,U00788,24,Male,CR00030,Machine Learning,Free,2025-02-12,0.0
TT04199,U00789,17,Female,CR00051,Web Development,Paid,2025-08-15,37.89
TT04200,U00789,17,Female,CR00022,Data Science,Free,2025-02-17,0.0
TT04201,U00793,19,Male,CR00021,Data Science,Free,2025-08-29,0.0
TT04202,U00793,19,Male,CR00007,Design,Free,2025-06-16,0.0
TT04203,U00793,19,Male,CR00056,Digital Marketing,Paid,2025-08-27,212.39
TT04204,U00793,19,Male,CR00058,Digital Marketing,Free,2025-03-25,0.0
TT04205,U00794,23,Female,CR00048,Artificial Intelligence,Free,2025-09-07,0.0
TT04206,U00794,23,Female,CR00008,Design,Free,2025-12-03,0.0
TT04207,U00795,34,Female,CR00036,Project Management,Free,2025-11-21,0.0
TT04208,U00795,34,Female,CR00015,Business,Paid,2025-06-04,285.05
TT04209,U00795,34,Female,CR00052,Web Development,Free,2025-05-11,0.0
TT04210,U00797,20,Male,CR00026,Machine Learning,Free,2025-07-12,0.0
TT04211,U00797,20,Male,CR00042,Finance,Free,2025-05-09,0.0
TT04212,U00797,20,Male,CR00008,Design,Free,2025-01-16,0.0
TT04213,U00800,29,Female,CR00049,Artificial Intelligence,Paid,2025-03-13,415.51
TT04214,U00800,29,Female,CR00026,Machine Learning,Free,2025-08-02,0.0
TT04215,U00802,31,Male,CR00044,Finance,Paid,2025-05-24,119.04
TT04216,U00802,31,Male,CR00014,Business,Free,2025-09-02,0.0
TT04217,U00803,26,Male,CR00014,Business,Free,2025-10-05,0.0
TT04218,U00803,26,Male,CR00006,Design,Paid,2025-09-06,276.37
TT04219,U00803,26,Male,CR00023,Data Science,Free,2025-07-22,0.0
TT04220,U00804,24,Female,CR00047,Artificial Intelligence,Paid,2025-03-01,89.59
TT04221,U00804,24,Female,CR00005,Programming,Free,2025-04-22,0.0
TT04222,U00811,25,Female,CR00012,Business,Paid,2025-09-10,487.92
TT04223,U00811,25,Female,CR00054,Web Development,Free,2025-12-28,0.0
TT04224,U00811,25,Female,CR00052,Web Development,Free,2025-04-30,0.0
TT04225,U00812,24,Female,CR00010,Design,Free,2025-10-14,0.0
TT04226,U00812,24,Female,CR00015,Business,Paid,2025-03-06,285.05
TT04227,U00812,24,Female,CR00009,Design,Free,2025-12-02,0.0
TT04228,U00813,33,Male,CR00058,Digital Marketing,Free,2025-11-15,0.0
TT04229,U00813,33,Male,CR00013,Business,Free,2025-09-18,0.0
TT04230,U00813,33,Male,CR00016,Marketing,Free,2025-10-23,0.0
TT04231,U00813,33,Male,CR00042,Finance,Free,2025-10-18,0.0
TT04232,U00815,17,Male,CR00049,Artificial Intelligence,Paid,2025-02-05,415.51
TT04233,U00815,17,Male,CR00026,Machine Learning,Free,2025-08-19,0.0
TT04234,U00816,34,Male,CR00047,Artificial Intelligence,Paid,2025-12-10,89.59
TT04235,U00816,34,Male,CR00030,Machine Learning,Free,2025-10-06,0.0
TT04236,U00816,34,Male,CR00031,Cybersecurity,Free,2025-04-26,0.0
TT04237,U00820,31,Female,CR00060,Digital Marketing,Free,2025-08-06,0.0
TT04238,U00820,31,Female,CR00021,Data Science,Free,2025-09-28,0.0
TT04239,U00820,31,Female,CR00012,Business,Paid,2025-04-30,487.92
TT04240,U00825,26,Male,CR00023,Data Science,Free,2025-11-08,0.0
TT04241,U00825,26,Male,CR00012,Business,Paid,2025-09-22,487.92
TT04242,U00825,26,Male,CR00010,Design,Free,2025-06-24,0.0
TT04243,U00828,25,Male,CR00049,Artificial Intelligence,Paid,2025-11-10,415.51
TT04244,U00828,25,Male,CR00057,Digital Marketing,Paid,2025-05-08,177.34
TT04245,U00828,25,Male,CR00016,Marketing,Free,2025-01-18,0.0
TT04246,U00833,32,Female,CR00052,Web Development,Free,2025-03-13,0.0
TT04247,U00833,32,Female,CR00018,Marketing,Free,2025-12-05,0.0
TT04248,U00833,32,Female,CR00027,Machine Learning,Free,2025-09-21,0.0
TT04249,U00837,28,Male,CR00003,Programming,Free,2025-04-02,0.0
TT04250,U00837,28,Male,CR00019,Marketing,Free,2025-09-06,0.0
TT04251,U00837,28,Male,CR00015,Business,Paid,2025-04-14,285.05
TT04252,U00837,28,Male,CR00005,Programming,Free,2025-05-24,0.0
TT04253,U00840,18,Male,CR00026,Machine Learning,Free,2025-12-21,0.0
TT04254,U00840,18,Male,CR00034,Cybersecurity,Paid,2025-08-05,394.26
TT04255,U00840,18,Male,CR00005,Programming,Free,2025-12-14,0.0
TT04256,U00848,28,Male,CR00049,Artificial Intelligence,Paid,2025-11-27,415.51
TT04257,U00848,28,Male,CR00033,Cybersecurity,Free,2025-02-06,0.0
TT04258,U00848,28,Male,CR00048,Artificial Intelligence,Free,2025-08-04,0.0
TT04259,U00848,28,Male,CR00010,Design,Free,2025-05-12,0.0
TT04260,U00849,20,Male,CR00048,Artificial Intelligence,Free,2025-03-20,0.0
TT04261,U00849,20,Male,CR00046,Artificial Intelligence,Paid,2025-05-14,248.1
TT04262,U00871,26,Male,CR00032,Cybersecurity,Free,2025-03-21,0.0
TT04263,U00871,26,Male,CR00030,Machine Learning,Free,2025-09-30,0.0
TT04264,U00879,18,Female,CR00047,Artificial Intelligence,Paid,2025-06-07,89.59
TT04265,U00879,18,Female,CR00020,Marketing,Free,2025-01-03,0.0
TT04266,U00879,18,Female,CR00025,Data Science,Paid,2025-05-05,299.57
TT04267,U00883,27,Female,CR00001,Programming,Paid,2025-10-25,472.28
TT04268,U00883,27,Female,CR00007,Design,Free,2025-06-14,0.0
TT04269,U00883,27,Female,CR00043,Finance,Free,2025-09-07,0.0
TT04270,U00888,15,Male,CR00028,Machine Learning,Paid,2025-07-29,0.78
TT04271,U00888,15,Male,CR00003,Programming,Free,2025-11-25,0.0
TT04272,U00888,15,Male,CR00027,Machine Learning,Free,2025-05-15,0.0
TT04273,U00888,15,Male,CR00050,Artificial Intelligence,Paid,2025-09-20,490.9
TT04274,U00892,35,Male,CR00037,Project Management,Free,2025-05-29,0.0
TT04275,U00892,35,Male,CR00020,Marketing,Free,2025-09-14,0.0
TT04276,U00892,35,Male,CR00033,Cybersecurity,Free,2025-08-06,0.0
TT04277,U00892,35,Male,CR00059,Digital Marketing,Free,2025-06-04,0.0
TT04278,U00894,28,Female,CR00024,Data Science,Paid,2025-05-11,117.68
TT04279,U00894,28,Female,CR00059,Digital Marketing,Free,2025-09-09,0.0
TT04280,U00894,28,Female,CR00034,Cybersecurity,Paid,2025-06-10,394.26
TT04281,U00895,15,Male,CR00017,Marketing,Free,2025-03-23,0.0
TT04282,U00895,15,Male,CR00018,Marketing,Free,2025-03-16,0.0
TT04283,U00895,15,Male,CR00050,Artificial Intelligence,Paid,2025-06-25,490.9
TT04284,U00895,15,Male,CR00055,Web Development,Paid,2025-09-10,57.32
TT04285,U00896,29,Female,CR00035,Cybersecurity,Free,2025-03-09,0.0
TT04286,U00896,29,Female,CR00024,Data Science,Paid,2025-06-20,117.68
TT04287,U00896,29,Female,CR00028,Machine Learning,Paid,2025-08-07,0.78
TT04288,U00896,29,Female,CR00018,Marketing,Free,2025-12-17,0.0
TT04289,U00902,29,Male,CR00052,Web Development,Free,2025-06-26,0.0
TT04290,U00902,29,Male,CR00046,Artificial Intelligence,Paid,2025-08-09,248.1
TT04291,U00910,20,Female,CR00052,Web Development,Free,2025-04-10,0.0
TT04292,U00910,20,Female,CR00046,Artificial Intelligence,Paid,2025-08-19,248.1
TT04293,U00910,20,Female,CR00044,Finance,Paid,2025-12-03,119.04
TT04294,U00923,29,Female,CR00024,Data Science,Paid,2025-04-27,117.68
TT04295,U00923,29,Female,CR00029,Machine Learning,Free,2025-10-03,0.0
TT04296,U00923,29,Female,CR00034,Cybersecurity,Paid,2025-05-04,394.26
TT04297,U00927,26,Male,CR00019,Marketing,Free,2025-08-18,0.0
TT04298,U00927,26,Male,CR00014,Business,Free,2025-02-16,0.0
TT04299,U00929,25,Female,CR00021,Data Science,Free,2025-05-02,0.0
TT04300,U00929,25,Female,CR00011,Business,Paid,2025-10-30,326.02
TT04301,U00929,25,Female,CR00028,Machine Learning,Paid,2025-08-15,0.78
TT04302,U00929,25,Female,CR00024,Data Science,Paid,2025-12-03,117.68
TT04303,U00930,34,Male,CR00049,Artificial Intelligence,Paid,2025-07-22,415.51
TT04304,U00930,34,Male,CR00044,Finance,Paid,2025-12-23,119.04
TT04305,U00930,34,Male,CR00020,Marketing,Free,2025-06-27,0.0
TT04306,U00948,34,Male,CR00003,Programming,Free,2025-10-27,0.0
TT04307,U00948,34,Male,CR00016,Marketing,Free,2025-02-13,0.0
TT04308,U00948,34,Male,CR00042,Finance,Free,2025-10-22,0.0
TT04309,U00949,16,Male,CR00014,Business,Free,2025-11-15,0.0
TT04310,U00949,16,Male,CR00022,Data Science,Free,2025-09-08,0.0
TT04311,U00949,16,Male,CR00026,Machine Learning,Free,2025-12-03,0.0
TT04312,U00949,16,Male,CR00029,Machine Learning,Free,2025-05-18,0.0
TT04313,U00953,31,Male,CR00037,Project Management,Free,2025-07-21,0.0
TT04314,U00953,31,Male,CR00047,Artificial Intelligence,Paid,2025-07-17,89.59
TT04315,U00953,31,Male,CR00027,Machine Learning,Free,2025-07-08,0.0
TT04316,U00955,35,Female,CR00042,Finance,Free,2025-03-29,0.0
TT04317,U00955,35,Female,CR00045,Finance,Free,2025-07-22,0.0
TT04318,U00955,35,Female,CR00010,Design,Free,2025-12-04,0.0
TT04319,U00957,22,Male,CR00052,Web Development,Free,2025-08-04,0.0
TT04320,U00957,22,Male,CR00056,Digital Marketing,Paid,2025-06-01,212.39
TT04321,U00957,22,Male,CR00053,Web Development,Free,2025-02-04,0.0
TT04322,U00958,28,Female,CR00059,Digital Marketing,Free,2025-03-03,0.0
TT04323,U00958,28,Female,CR00058,Digital Marketing,Free,2025-01-10,0.0
TT04324,U00971,19,Female,CR00017,Marketing,Free,2025-09-07,0.0
TT04325,U00971,19,Female,CR00050,Artificial Intelligence,Paid,2025-06-12,490.9
TT04326,U00971,19,Female,CR00023,Data Science,Free,2025-03-19,0.0
TT04327,U00972,27,Female,CR00054,Web Development,Free,2025-08-13,0.0
TT04328,U00972,27,Female,CR00048,Artificial Intelligence,Free,2025-04-20,0.0
TT04329,U00972,27,Female,CR00001,Programming,Paid,2025-07-13,472.28
TT04330,U00972,27,Female,CR00044,Finance,Paid,2025-03-13,119.04
TT04331,U00979,16,Female,CR00035,Cybersecurity,Free,2025-01-23,0.0
TT04332,U00979,16,Female,CR00009,Design,Free,2025-12-27,0.0
TT04333,U00979,16,Female,CR00019,Marketing,Free,2025-03-26,0.0
TT04334,U00992,22,Female,CR00039,Project Management,Paid,2025-08-19,346.71
TT04335,U00992,22,Female,CR00012,Business,Paid,2025-01-24,487.92
TT04336,U00992,22,Female,CR00003,Programming,Free,2025-06-07,0.0
TT04337,U00992,22,Female,CR00024,Data Science,Paid,2025-09-03,117.68
TT04338,U00998,18,Male,CR00040,Project Management,Paid,2025-08-26,327.99
TT04339,U00998,18,Male,CR00021,Data Science,Free,2025-07-25,0.0
TT04340,U01013,22,Male,CR00014,Business,Free,2025-03-22,0.0
TT04341,U01013,22,Male,CR00008,Design,Free,2025-07-21,0.0
TT04342,U01013,22,Male,CR00025,Data Science,Paid,2025-04-22,299.57
TT04343,U01014,17,Male,CR00048,Artificial Intelligence,Free,2025-02-15,0.0
TT04344,U01014,17,Male,CR00010,Design,Free,2025-04-08,0.0
TT04345,U01014,17,Male,CR00018,Marketing,Free,2025-12-09,0.0
TT04346,U01023,18,Male,CR00009,Design,Free,2025-02-16,0.0
TT04347,U01023,18,Male,CR00033,Cybersecurity,Free,2025-04-14,0.0
TT04348,U01024,17,Female,CR00059,Digital Marketing,Free,2025-06-09,0.0
TT04349,U01024,17,Female,CR00058,Digital Marketing,Free,2025-10-09,0.0
TT04350,U01024,17,Female,CR00012,Business,Paid,2025-04-06,487.92
TT04351,U01027,32,Male,CR00054,Web Development,Free,2025-02-04,0.0
TT04352,U01027,32,Male,CR00005,Programming,Free,2025-05-11,0.0
TT04353,U01028,23,Female,CR00040,Project Management,Paid,2025-01-25,327.99
TT04354,U01028,23,Female,CR00004,Programming,Free,2025-08-05,0.0
TT04355,U01035,33,Male,CR00012,Business,Paid,2025-01-21,487.92
TT04356,U01035,33,Male,CR00015,Business,Paid,2025-01-08,285.05
TT04357,U01035,33,Male,CR00027,Machine Learning,Free,2025-08-18,0.0
TT04358,U01043,19,Female,CR00055,Web Development,Paid,2025-06-24,57.32
TT04359,U01043,19,Female,CR00053,Web Development,Free,2025-11-06,0.0
TT04360,U01043,19,Female,CR00008,Design,Free,2025-12-21,0.0
TT04361,U01043,19,Female,CR00029,Machine Learning,Free,2025-06-01,0.0
TT04362,U01045,32,Female,CR00004,Programming,Free,2025-09-24,0.0
TT04363,U01045,32,Female,CR00021,Data Science,Free,2025-03-29,0.0
TT04364,U01054,20,Female,CR00007,Design,Free,2025-09-07,0.0
TT04365,U01054,20,Female,CR00027,Machine Learning,Free,2025-02-13,0.0
TT04366,U01056,15,Male,CR00033,Cybersecurity,Free,2025-11-18,0.0
TT04367,U01056,15,Male,CR00028,Machine Learning,Paid,2025-04-14,0.78
TT04368,U01058,34,Female,CR00056,Digital Marketing,Paid,2025-04-01,212.39
TT04369,U01058,34,Female,CR00034,Cybersecurity,Paid,2025-08-16,394.26
TT04370,U01065,15,Male,CR00013,Business,Free,2025-04-29,0.0
TT04371,U01065,15,Male,CR00043,Finance,Free,2025-11-25,0.0
TT04372,U01065,15,Male,CR00040,Project Management,Paid,2025-03-22,327.99
TT04373,U01065,15,Male,CR00019,Marketing,Free,2025-02-01,0.0
TT04374,U01071,19,Female,CR00056,Digital Marketing,Paid,2025-01-23,212.39
TT04375,U01071,19,Female,CR00015,Business,Paid,2025-11-29,285.05
TT04376,U01073,23,Male,CR00001,Programming,Paid,2025-10-20,472.28
TT04377,U01073,23,Male,CR00006,Design,Paid,2025-07-19,276.37
TT04378,U01075,17,Male,CR00050,Artificial Intelligence,Paid,2025-03-16,490.9
TT04379,U01075,17,Male,CR00054,Web Development,Free,2025-11-12,0.0
TT04380,U01085,26,Female,CR00002,Programming,Free,2025-04-16,0.0
TT04381,U01085,26,Female,CR00044,Finance,Paid,2025-12-13,119.04
TT04382,U01088,21,Male,CR00034,Cybersecurity,Paid,2025-11-29,394.26
TT04383,U01088,21,Male,CR00055,Web Development,Paid,2025-03-21,57.32
TT04384,U01098,17,Female,CR00012,Business,Paid,2025-06-09,487.92
TT04385,U01098,17,Female,CR00034,Cybersecurity,Paid,2025-01-25,394.26
TT04386,U01098,17,Female,CR00013,Business,Free,2025-10-11,0.0
TT04387,U01098,17,Female,CR00025,Data Science,Paid,2025-10-10,299.57
TT04388,U01100,24,Female,CR00045,Finance,Free,2025-09-15,0.0
TT04389,U01100,24,Female,CR00032,Cybersecurity,Free,2025-10-01,0.0
TT04390,U01100,24,Female,CR00003,Programming,Free,2025-06-01,0.0
TT04391,U01102,23,Female,CR00035,Cybersecurity,Free,2025-07-27,0.0
TT04392,U01102,23,Female,CR00006,Design,Paid,2025-11-02,276.37
TT04393,U01103,22,Male,CR00014,Business,Free,2025-07-24,0.0
TT04394,U01103,22,Male,CR00034,Cybersecurity,Paid,2025-08-19,394.26
TT04395,U01103,22,Male,CR00010,Design,Free,2025-09-16,0.0
TT04396,U01103,22,Male,CR00053,Web Development,Free,2025-05-28,0.0
TT04397,U01108,16,Male,CR00006,Design,Paid,2025-08-30,276.37
TT04398,U01108,16,Male,CR00002,Programming,Free,2025-11-14,0.0
TT04399,U01108,16,Male,CR00029,Machine Learning,Free,2025-05-22,0.0
TT04400,U01108,16,Male,CR00048,Artificial Intelligence,Free,2025-12-22,0.0
TT04401,U01122,29,Female,CR00058,Digital Marketing,Free,2025-09-16,0.0
TT04402,U01122,29,Female,CR00056,Digital Marketing,Paid,2025-11-01,212.39
TT04403,U01124,30,Female,CR00053,Web Development,Free,2025-03-02,0.0
TT04404,U01124,30,Female,CR00038,Project Management,Paid,2025-06-04,342.61
TT04405,U01124,30,Female,CR00008,Design,Free,2025-04-12,0.0
TT04406,U01127,28,Female,CR00044,Finance,Paid,2025-03-23,119.04
TT04407,U01127,28,Female,CR00010,Design,Free,2025-01-26,0.0
TT04408,U01127,28,Female,CR00026,Machine Learning,Free,2025-02-22,0.0
TT04409,U01131,25,Male,CR00052,Web Development,Free,2025-01-29,0.0
TT04410,U01131,25,Male,CR00028,Machine Learning,Paid,2025-05-21,0.78
TT04411,U01131,25,Male,CR00008,Design,Free,2025-08-15,0.0
TT04412,U01132,27,Female,CR00030,Machine Learning,Free,2025-02-19,0.0
TT04413,U01132,27,Female,CR00057,Digital Marketing,Paid,2025-05-13,177.34
TT04414,U01132,27,Female,CR00048,Artificial Intelligence,Free,2025-09-05,0.0
TT04415,U01132,27,Female,CR00046,Artificial Intelligence,Paid,2025-07-10,248.1
TT04416,U01134,19,Female,CR00058,Digital Marketing,Free,2025-02-08,0.0
TT04417,U01134,19,Female,CR00032,Cybersecurity,Free,2025-05-17,0.0
TT04418,U01134,19,Female,CR00002,Programming,Free,2025-05-17,0.0
TT04419,U01137,28,Female,CR00012,Business,Paid,2025-10-23,487.92
TT04420,U01137,28,Female,CR00029,Machine Learning,Free,2025-11-27,0.0
TT04421,U01149,26,Female,CR00050,Artificial Intelligence,Paid,2025-06-15,490.9
TT04422,U01149,26,Female,CR00015,Business,Paid,2025-12-18,285.05
TT04423,U01149,26,Female,CR00026,Machine Learning,Free,2025-09-20,0.0
TT04424,U01149,26,Female,CR00012,Business,Paid,2025-12-18,487.92
TT04425,U01154,24,Male,CR00058,Digital Marketing,Free,2025-01-16,0.0
TT04426,U01154,24,Male,CR00027,Machine Learning,Free,2025-03-14,0.0
TT04427,U01155,32,Female,CR00031,Cybersecurity,Free,2025-01-12,0.0
TT04428,U01155,32,Female,CR00056,Digital Marketing,Paid,2025-01-22,212.39
TT04429,U01155,32,Female,CR00037,Project Management,Free,2025-05-01,0.0
TT04430,U01155,32,Female,CR00045,Finance,Free,2025-06-13,0.0
TT04431,U01157,31,Female,CR00059,Digital Marketing,Free,2025-03-09,0.0
TT04432,U01157,31,Female,CR00012,Business,Paid,2025-10-24,487.92
TT04433,U01157,31,Female,CR00021,Data Science,Free,2025-06-12,0.0
TT04434,U01157,31,Female,CR00008,Design,Free,2025-03-27,0.0
TT04435,U01160,15,Female,CR00056,Digital Marketing,Paid,2025-06-20,212.39
TT04436,U01160,15,Female,CR00029,Machine Learning,Free,2025-06-18,0.0
TT04437,U01160,15,Female,CR00041,Finance,Paid,2025-05-02,53.86
TT04438,U01160,15,Female,CR00017,Marketing,Free,2025-02-09,0.0
TT04439,U01165,24,Male,CR00039,Project Management,Paid,2025-10-01,346.71
TT04440,U01165,24,Male,CR00021,Data Science,Free,2025-09-20,0.0
TT04441,U01172,30,Male,CR00047,Artificial Intelligence,Paid,2025-01-03,89.59
TT04442,U01172,30,Male,CR00016,Marketing,Free,2025-03-02,0.0
TT04443,U01172,30,Male,CR00056,Digital Marketing,Paid,2025-04-04,212.39
TT04444,U01173,26,Female,CR00039,Project Management,Paid,2025-07-19,346.71
TT04445,U01173,26,Female,CR00017,Marketing,Free,2025-01-07,0.0
TT04446,U01173,26,Female,CR00013,Business,Free,2025-03-12,0.0
TT04447,U01176,20,Male,CR00048,Artificial Intelligence,Free,2025-07-23,0.0
TT04448,U01176,20,Male,CR00014,Business,Free,2025-10-30,0.0
TT04449,U01176,20,Male,CR00036,Project Management,Free,2025-04-06,0.0
TT04450,U01182,25,Female,CR00060,Digital Marketing,Free,2025-04-23,0.0
TT04451,U01182,25,Female,CR00055,Web Development,Paid,2025-05-26,57.32
TT04452,U01182,25,Female,CR00011,Business,Paid,2025-06-16,326.02
TT04453,U01183,21,Female,CR00045,Finance,Free,2025-09-28,0.0
TT04454,U01183,21,Female,CR00054,Web Development,Free,2025-04-02,0.0
TT04455,U01204,17,Female,CR00018,Marketing,Free,2025-09-24,0.0
TT04456,U01204,17,Female,CR00027,Machine Learning,Free,2025-02-15,0.0
TT04457,U01204,17,Female,CR00030,Machine Learning,Free,2025-09-04,0.0
TT04458,U01222,19,Female,CR00035,Cybersecurity,Free,2025-09-14,0.0
TT04459,U01222,19,Female,CR00032,Cybersecurity,Free,2025-01-14,0.0
TT04460,U01222,19,Female,CR00049,Artificial Intelligence,Paid,2025-10-01,415.51
TT04461,U01228,28,Male,CR00034,Cybersecurity,Paid,2025-06-13,394.26
TT04462,U01228,28,Male,CR00051,Web Development,Paid,2025-03-17,37.89
TT04463,U01228,28,Male,CR00005,Programming,Free,2025-07-28,0.0
TT04464,U01228,28,Male,CR00032,Cybersecurity,Free,2025-01-06,0.0
TT04465,U01230,23,Female,CR00026,Machine Learning,Free,2025-05-16,0.0
TT04466,U01230,23,Female,CR00035,Cybersecurity,Free,2025-06-16,0.0
TT04467,U01230,23,Female,CR00051,Web Development,Paid,2025-05-25,37.89
TT04468,U01255,29,Female,CR00014,Business,Free,2025-01-18,0.0
TT04469,U01255,29,Female,CR00028,Machine Learning,Paid,2025-06-23,0.78
TT04470,U01255,29,Female,CR00057,Digital Marketing,Paid,2025-11-27,177.34
TT04471,U01255,29,Female,CR00018,Marketing,Free,2025-10-06,0.0
TT04472,U01258,25,Male,CR00029,Machine Learning,Free,2025-08-02,0.0
TT04473,U01258,25,Male,CR00002,Programming,Free,2025-05-15,0.0
TT04474,U01258,25,Male,CR00050,Artificial Intelligence,Paid,2025-12-01,490.9
TT04475,U01258,25,Male,CR00039,Project Management,Paid,2025-03-03,346.71
TT04476,U01262,29,Female,CR00026,Machine Learning,Free,2025-08-13,0.0
TT04477,U01262,29,Female,CR00012,Business,Paid,2025-05-26,487.92
TT04478,U01262,29,Female,CR00047,Artificial Intelligence,Paid,2025-03-12,89.59
TT04479,U01262,29,Female,CR00060,Digital Marketing,Free,2025-11-25,0.0
TT04480,U01265,23,Male,CR00032,Cybersecurity,Free,2025-02-20,0.0
TT04481,U01265,23,Male,CR00053,Web Development,Free,2025-01-07,0.0
TT04482,U01279,29,Female,CR00018,Marketing,Free,2025-06-29,0.0
TT04483,U01279,29,Female,CR00007,Design,Free,2025-09-15,0.0
TT04484,U01279,29,Female,CR00025,Data Science,Paid,2025-03-11,299.57
TT04485,U01282,26,Male,CR00009,Design,Free,2025-07-05,0.0
TT04486,U01282,26,Male,CR00036,Project Management,Free,2025-07-01,0.0
TT04487,U01282,26,Male,CR00030,Machine Learning,Free,2025-12-20,0.0
TT04488,U01285,35,Female,CR00027,Machine Learning,Free,2025-08-11,0.0
TT04489,U01285,35,Female,CR00028,Machine Learning,Paid,2025-07-01,0.78
TT04490,U01285,35,Female,CR00029,Machine Learning,Free,2025-05-22,0.0
TT04491,U01285,35,Female,CR00016,Marketing,Free,2025-07-21,0.0
TT04492,U01288,18,Male,CR00057,Digital Marketing,Paid,2025-07-24,177.34
TT04493,U01288,18,Male,CR00033,Cybersecurity,Free,2025-07-21,0.0
TT04494,U01291,34,Female,CR00053,Web Development,Free,2025-05-07,0.0
TT04495,U01295,34,Female,CR00044,Finance,Paid,2025-08-06,119.04
TT04496,U01295,34,Female,CR00016,Marketing,Free,2025-02-06,0.0
TT04497,U01295,34,Female,CR00021,Data Science,Free,2025-12-27,0.0
TT04498,U01295,34,Female,CR00006,Design,Paid,2025-01-30,276.37
TT04499,U01303,23,Female,CR00033,Cybersecurity,Free,2025-09-03,0.0
TT04500,U01303,23,Female,CR00024,Data Science,Paid,2025-11-02,117.68
TT04501,U01304,33,Female,CR00003,Programming,Free,2025-12-09,0.0
TT04502,U01304,33,Female,CR00060,Digital Marketing,Free,2025-08-30,0.0
TT04503,U01305,22,Female,CR00018,Marketing,Free,2025-09-05,0.0
TT04504,U01305,22,Female,CR00045,Finance,Free,2025-11-09,0.0
TT04505,U01305,22,Female,CR00036,Project Management,Free,2025-11-22,0.0
TT04506,U01309,35,Male,CR00022,Data Science,Free,2025-09-07,0.0
TT04507,U01309,35,Male,CR00018,Marketing,Free,2025-05-12,0.0
TT04508,U01310,21,Female,CR00020,Marketing,Free,2025-07-11,0.0
TT04509,U01310,21,Female,CR00007,Design,Free,2025-08-29,0.0
TT04510,U01310,21,Female,CR00042,Finance,Free,2025-12-02,0.0
TT04511,U01313,31,Male,CR00026,Machine Learning,Free,2025-01-25,0.0
TT04512,U01313,31,Male,CR00016,Marketing,Free,2025-02-11,0.0
TT04513,U01313,31,Male,CR00046,Artificial Intelligence,Paid,2025-09-24,248.1
TT04514,U01314,26,Female,CR00025,Data Science,Paid,2025-08-23,299.57
TT04515,U01314,26,Female,CR00020,Marketing,Free,2025-02-19,0.0
TT04516,U01320,20,Male,CR00042,Finance,Free,2025-11-25,0.0
TT04517,U01320,20,Male,CR00032,Cybersecurity,Free,2025-04-29,0.0
TT04518,U01320,20,Male,CR00004,Programming,Free,2025-10-09,0.0
TT04519,U01320,20,Male,CR00015,Business,Paid,2025-06-14,285.05
TT04520,U01325,18,Female,CR00007,Design,Free,2025-06-02,0.0
TT04521,U01325,18,Female,CR00057,Digital Marketing,Paid,2025-09-22,177.34
TT04522,U01326,15,Female,CR00028,Machine Learning,Paid,2025-04-07,0.78
TT04523,U01326,15,Female,CR00059,Digital Marketing,Free,2025-08-06,0.0
TT04524,U01338,15,Male,CR00018,Marketing,Free,2025-01-01,0.0
TT04525,U01338,15,Male,CR00053,Web Development,Free,2025-10-18,0.0
TT04526,U01338,15,Male,CR00032,Cybersecurity,Free,2025-11-30,0.0
TT04527,U01339,35,Male,CR00002,Programming,Free,2025-05-06,0.0
TT04528,U01339,35,Male,CR00049,Artificial Intelligence,Paid,2025-08-24,415.51
TT04529,U01340,32,Female,CR00005,Programming,Free,2025-09-04,0.0
TT04530,U01340,32,Female,CR00049,Artificial Intelligence,Paid,2025-11-07,415.51
TT04531,U01341,29,Male,CR00024,Data Science,Paid,2025-10-21,117.68
TT04532,U01341,29,Male,CR00022,Data Science,Free,2025-10-06,0.0
TT04533,U01341,29,Male,CR00052,Web Development,Free,2025-05-25,0.0
TT04534,U01342,25,Male,CR00003,Programming,Free,2025-01-17,0.0
TT04535,U01342,25,Male,CR00014,Business,Free,2025-05-16,0.0
TT04536,U01354,15,Male,CR00010,Design,Free,2025-11-13,0.0
TT04537,U01354,15,Male,CR00016,Marketing,Free,2025-11-11,0.0
TT04538,U01356,26,Female,CR00023,Data Science,Free,2025-12-08,0.0
TT04539,U01356,26,Female,CR00047,Artificial Intelligence,Paid,2025-10-15,89.59
TT04540,U01356,26,Female,CR00043,Finance,Free,2025-11-16,0.0
TT04541,U01362,26,Male,CR00048,Artificial Intelligence,Free,2025-05-28,0.0
TT04542,U01362,26,Male,CR00019,Marketing,Free,2025-01-04,0.0
TT04543,U01362,26,Male,CR00060,Digital Marketing,Free,2025-10-09,0.0
TT04544,U01370,21,Female,CR00027,Machine Learning,Free,2025-03-24,0.0
TT04545,U01370,21,Female,CR00052,Web Development,Free,2025-05-09,0.0
TT04546,U01370,21,Female,CR00006,Design,Paid,2025-05-29,276.37
TT04547,U01377,16,Male,CR00049,Artificial Intelligence,Paid,2025-07-15,415.51
TT04548,U01377,16,Male,CR00014,Business,Free,2025-01-04,0.0
TT04549,U01377,16,Male,CR00040,Project Management,Paid,2025-11-09,327.99
TT04550,U01377,16,Male,CR00047,Artificial Intelligence,Paid,2025-12-21,89.59
TT04551,U01384,23,Female,CR00001,Programming,Paid,2025-04-14,472.28
TT04552,U01384,23,Female,CR00007,Design,Free,2025-06-01,0.0
TT04553,U01384,23,Female,CR00019,Marketing,Free,2025-08-26,0.0
TT04554,U01390,33,Female,CR00009,Design,Free,2025-10-25,0.0
TT04555,U01390,33,Female,CR00013,Business,Free,2025-06-22,0.0
TT04556,U01392,29,Female,CR00046,Artificial Intelligence,Paid,2025-01-12,248.1
TT04557,U01392,29,Female,CR00017,Marketing,Free,2025-01-19,0.0
TT04558,U01392,29,Female,CR00005,Programming,Free,2025-11-28,0.0
TT04559,U01396,17,Female,CR00002,Programming,Free,2025-08-14,0.0
TT04560,U01396,17,Female,CR00059,Digital Marketing,Free,2025-07-18,0.0
TT04561,U01396,17,Female,CR00034,Cybersecurity,Paid,2025-03-06,394.26
TT04562,U01402,19,Female,CR00048,Artificial Intelligence,Free,2025-05-17,0.0
TT04563,U01402,19,Female,CR00026,Machine Learning,Free,2025-04-21,0.0
TT04564,U01402,19,Female,CR00011,Business,Paid,2025-10-15,326.02
TT04565,U01402,19,Female,CR00055,Web Development,Paid,2025-08-22,57.32
TT04566,U01408,18,Male,CR00054,Web Development,Free,2025-06-11,0.0
TT04567,U01408,18,Male,CR00004,Programming,Free,2025-07-07,0.0
TT04568,U01409,31,Male,CR00045,Finance,Free,2025-06-02,0.0
TT04569,U01409,31,Male,CR00001,Programming,Paid,2025-01-23,472.28
TT04570,U01409,31,Male,CR00023,Data Science,Free,2025-03-10,0.0
TT04571,U01409,31,Male,CR00044,Finance,Paid,2025-09-07,119.04
TT04572,U01412,16,Male,CR00055,Web Development,Paid,2025-01-07,57.32
TT04573,U01412,16,Male,CR00042,Finance,Free,2025-02-18,0.0
TT04574,U01412,16,Male,CR00028,Machine Learning,Paid,2025-09-13,0.78
TT04575,U01415,18,Male,CR00034,Cybersecurity,Paid,2025-01-22,394.26
TT04576,U01415,18,Male,CR00006,Design,Paid,2025-05-03,276.37
TT04577,U01415,18,Male,CR00049,Artificial Intelligence,Paid,2025-07-29,415.51
TT04578,U01420,34,Female,CR00015,Business,Paid,2025-09-01,285.05
TT04579,U01420,34,Female,CR00028,Machine Learning,Paid,2025-07-04,0.78
TT04580,U01420,34,Female,CR00041,Finance,Paid,2025-05-05,53.86
TT04581,U01436,34,Female,CR00013,Business,Free,2025-06-05,0.0
TT04582,U01436,34,Female,CR00021,Data Science,Free,2025-03-18,0.0
TT04583,U01438,30,Female,CR00060,Digital Marketing,Free,2025-05-13,0.0
TT04584,U01438,30,Female,CR00052,Web Development,Free,2025-06-05,0.0
TT04585,U01438,30,Female,CR00051,Web Development,Paid,2025-11-18,37.89
TT04586,U01438,30,Female,CR00048,Artificial Intelligence,Free,2025-04-17,0.0
TT04587,U01442,34,Female,CR00056,Digital Marketing,Paid,2025-06-23,212.39
TT04588,U01442,34,Female,CR00039,Project Management,Paid,2025-10-25,346.71
TT04589,U01442,34,Female,CR00007,Design,Free,2025-11-28,0.0
TT04590,U01453,17,Male,CR00031,Cybersecurity,Free,2025-08-27,0.0
TT04591,U01453,17,Male,CR00058,Digital Marketing,Free,2025-09-07,0.0
TT04592,U01454,18,Female,CR00007,Design,Free,2025-12-26,0.0
TT04593,U01454,18,Female,CR00031,Cybersecurity,Free,2025-05-27,0.0
TT04594,U01465,33,Male,CR00026,Machine Learning,Free,2025-01-27,0.0
TT04595,U01465,33,Male,CR00034,Cybersecurity,Paid,2025-02-01,394.26
TT04596,U01482,17,Male,CR00050,Artificial Intelligence,Paid,2025-03-07,490.9
TT04597,U01482,17,Male,CR00052,Web Development,Free,2025-05-13,0.0
TT04598,U01491,17,Female,CR00059,Digital Marketing,Free,2025-03-17,0.0
TT04599,U01491,17,Female,CR00058,Digital Marketing,Free,2025-08-24,0.0
TT04600,U01491,17,Female,CR00016,Marketing,Free,2025-07-09,0.0
TT04601,U01492,23,Female,CR00043,Finance,Free,2025-09-10,0.0
TT04602,U01492,23,Female,CR00050,Artificial Intelligence,Paid,2025-06-26,490.9
TT04603,U01492,23,Female,CR00039,Project Management,Paid,2025-02-01,346.71
TT04604,U01492,23,Female,CR00059,Digital Marketing,Free,2025-09-18,0.0
TT04605,U01505,35,Male,CR00035,Cybersecurity,Free,2025-11-08,0.0
TT04606,U01505,35,Male,CR00022,Data Science,Free,2025-07-25,0.0
TT04607,U01505,35,Male,CR00042,Finance,Free,2025-10-28,0.0
TT04608,U01507,18,Female,CR00041,Finance,Paid,2025-06-06,53.86
TT04609,U01507,18,Female,CR00013,Business,Free,2025-02-27,0.0
TT04610,U01507,18,Female,CR00025,Data Science,Paid,2025-01-15,299.57
TT04611,U01519,16,Male,CR00008,Design,Free,2025-04-19,0.0
TT04612,U01519,16,Male,CR00020,Marketing,Free,2025-03-17,0.0
TT04613,U01529,19,Female,CR00027,Machine Learning,Free,2025-05-09,0.0
TT04614,U01529,19,Female,CR00035,Cybersecurity,Free,2025-05-22,0.0
TT04615,U01529,19,Female,CR00042,Finance,Free,2025-11-05,0.0
TT04616,U01533,16,Female,CR00009,Design,Free,2025-02-24,0.0
TT04617,U01533,16,Female,CR00041,Finance,Paid,2025-11-17,53.86
TT04618,U01533,16,Female,CR00055,Web Development,Paid,2025-05-08,57.32
TT04619,U01535,20,Male,CR00051,Web Development,Paid,2025-05-21,37.89
TT04620,U01535,20,Male,CR00050,Artificial Intelligence,Paid,2025-03-16,490.9
TT04621,U01535,20,Male,CR00037,Project Management,Free,2025-02-07,0.0
TT04622,U01535,20,Male,CR00049,Artificial Intelligence,Paid,2025-07-30,415.51
TT04623,U01537,27,Female,CR00049,Artificial Intelligence,Paid,2025-12-11,415.51
TT04624,U01537,27,Female,CR00001,Programming,Paid,2025-08-10,472.28
TT04625,U01537,27,Female,CR00023,Data Science,Free,2025-05-10,0.0
TT04626,U01541,29,Female,CR00027,Machine Learning,Free,2025-08-13,0.0
TT04627,U01541,29,Female,CR00039,Project Management,Paid,2025-09-18,346.71
TT04628,U01541,29,Female,CR00025,Data Science,Paid,2025-01-30,299.57
TT04629,U01541,29,Female,CR00051,Web Development,Paid,2025-11-23,37.89
TT04630,U01554,20,Male,CR00033,Cybersecurity,Free,2025-01-07,0.0
TT04631,U01554,20,Male,CR00042,Finance,Free,2025-09-22,0.0
TT04632,U01554,20,Male,CR00029,Machine Learning,Free,2025-02-10,0.0
TT04633,U01554,20,Male,CR00036,Project Management,Free,2025-09-24,0.0
TT04634,U01568,26,Female,CR00013,Business,Free,2025-10-01,0.0
TT04635,U01568,26,Female,CR00042,Finance,Free,2025-10-01,0.0
TT04636,U01568,26,Female,CR00049,Artificial Intelligence,Paid,2025-01-09,415.51
TT04637,U01571,19,Male,CR00032,Cybersecurity,Free,2025-01-14,0.0
TT04638,U01571,19,Male,CR00045,Finance,Free,2025-08-25,0.0
TT04639,U01591,32,Female,CR00048,Artificial Intelligence,Free,2025-12-01,0.0
TT04640,U01591,32,Female,CR00032,Cybersecurity,Free,2025-08-10,0.0
TT04641,U01592,33,Male,CR00031,Cybersecurity,Free,2025-09-04,0.0
TT04642,U01592,33,Male,CR00060,Digital Marketing,Free,2025-09-11,0.0
TT04643,U01592,33,Male,CR00054,Web Development,Free,2025-10-06,0.0
TT04644,U01592,33,Male,CR00027,Machine Learning,Free,2025-08-21,0.0
TT04645,U01596,22,Male,CR00029,Machine Learning,Free,2025-08-27,0.0
TT04646,U01596,22,Male,CR00022,Data Science,Free,2025-05-02,0.0
TT04647,U01624,34,Female,CR00006,Design,Paid,2025-10-20,276.37
TT04648,U01624,34,Female,CR00049,Artificial Intelligence,Paid,2025-12-15,415.51
TT04649,U01624,34,Female,CR00059,Digital Marketing,Free,2025-12-29,0.0
TT04650,U01624,34,Female,CR00024,Data Science,Paid,2025-11-05,117.68
TT04651,U01625,33,Female,CR00021,Data Science,Free,2025-08-09,0.0
TT04652,U01625,33,Female,CR00036,Project Management,Free,2025-10-30,0.0
TT04653,U01625,33,Female,CR00034,Cybersecurity,Paid,2025-10-26,394.26
TT04654,U01631,18,Female,CR00034,Cybersecurity,Paid,2025-05-06,394.26
TT04655,U01631,18,Female,CR00008,Design,Free,2025-10-17,0.0
TT04656,U01644,23,Male,CR00035,Cybersecurity,Free,2025-03-27,0.0
TT04657,U01644,23,Male,CR00012,Business,Paid,2025-09-24,487.92
TT04658,U01644,23,Male,CR00013,Business,Free,2025-11-02,0.0
TT04659,U01645,19,Male,CR00020,Marketing,Free,2025-06-28,0.0
TT04660,U01645,19,Male,CR00013,Business,Free,2025-04-02,0.0
TT04661,U01645,19,Male,CR00028,Machine Learning,Paid,2025-12-20,0.78
TT04662,U01648,22,Female,CR00029,Machine Learning,Free,2025-09-17,0.0
TT04663,U01648,22,Female,CR00032,Cybersecurity,Free,2025-11-26,0.0
TT04664,U01648,22,Female,CR00024,Data Science,Paid,2025-05-06,117.68
TT04665,U01648,22,Female,CR00028,Machine Learning,Paid,2025-06-26,0.78
TT04666,U01659,27,Female,CR00040,Project Management,Paid,2025-07-18,327.99
TT04667,U01659,27,Female,CR00056,Digital Marketing,Paid,2025-11-24,212.39
TT04668,U01659,27,Female,CR00036,Project Management,Free,2025-01-17,0.0
TT04669,U01660,25,Female,CR00051,Web Development,Paid,2025-04-16,37.89
TT04670,U01660,25,Female,CR00055,Web Development,Paid,2025-10-07,57.32
TT04671,U01665,34,Female,CR00058,Digital Marketing,Free,2025-09-12,0.0
TT04672,U01665,34,Female,CR00021,Data Science,Free,2025-09-22,0.0
TT04673,U01665,34,Female,CR00022,Data Science,Free,2025-02-11,0.0
TT04674,U01665,34,Female,CR00043,Finance,Free,2025-02-11,0.0
TT04675,U01677,22,Male,CR00007,Design,Free,2025-10-13,0.0
TT04676,U01677,22,Male,CR00014,Business,Free,2025-03-07,0.0
TT04677,U01684,26,Female,CR00032,Cybersecurity,Free,2025-07-24,0.0
TT04678,U01684,26,Female,CR00045,Finance,Free,2025-06-29,0.0
TT04679,U01690,27,Male,CR00043,Finance,Free,2025-09-16,0.0
TT04680,U01690,27,Male,CR00035,Cybersecurity,Free,2025-02-23,0.0
TT04681,U01690,27,Male,CR00009,Design,Free,2025-02-21,0.0
TT04682,U01690,27,Male,CR00048,Artificial Intelligence,Free,2025-05-24,0.0
TT04683,U01703,21,Male,CR00012,Business,Paid,2025-07-24,487.92
TT04684,U01703,21,Male,CR00033,Cybersecurity,Free,2025-02-09,0.0
TT04685,U01703,21,Male,CR00019,Marketing,Free,2025-08-14,0.0
TT04686,U01707,32,Male,CR00044,Finance,Paid,2025-08-15,119.04
TT04687,U01707,32,Male,CR00017,Marketing,Free,2025-09-15,0.0
TT04688,U01707,32,Male,CR00035,Cybersecurity,Free,2025-05-20,0.0
TT04689,U01713,15,Male,CR00030,Machine Learning,Free,2025-03-02,0.0
TT04690,U01713,15,Male,CR00034,Cybersecurity,Paid,2025-10-04,394.26
TT04691,U01713,15,Male,CR00019,Marketing,Free,2025-12-22,0.0
TT04692,U01713,15,Male,CR00055,Web Development,Paid,2025-06-30,57.32
TT04693,U01733,20,Female,CR00002,Programming,Free,2025-04-26,0.0
TT04694,U01733,20,Female,CR00006,Design,Paid,2025-04-28,276.37
TT04695,U01733,20,Female,CR00037,Project Management,Free,2025-06-29,0.0
TT04696,U01733,20,Female,CR00025,Data Science,Paid,2025-05-02,299.57
TT04697,U01734,29,Male,CR00011,Business,Paid,2025-07-12,326.02
TT04698,U01734,29,Male,CR00008,Design,Free,2025-05-08,0.0
TT04699,U01734,29,Male,CR00044,Finance,Paid,2025-05-14,119.04
TT04700,U01744,22,Male,CR00016,Marketing,Free,2025-07-09,0.0
TT04701,U01744,22,Male,CR00057,Digital Marketing,Paid,2025-06-16,177.34
TT04702,U01744,22,Male,CR00021,Data Science,Free,2025-04-15,0.0
TT04703,U01744,22,Male,CR00012,Business,Paid,2025-04-20,487.92
TT04704,U01747,19,Female,CR00054,Web Development,Free,2025-09-15,0.0
TT04705,U01747,19,Female,CR00057,Digital Marketing,Paid,2025-06-22,177.34
TT04706,U01747,19,Female,CR00020,Marketing,Free,2025-03-02,0.0
TT04707,U01747,19,Female,CR00037,Project Management,Free,2025-02-22,0.0
TT04708,U01750,24,Male,CR00038,Project Management,Paid,2025-05-03,342.61
TT04709,U01750,24,Male,CR00009,Design,Free,2025-01-30,0.0
TT04710,U01750,24,Male,CR00002,Programming,Free,2025-08-16,0.0
TT04711,U01750,24,Male,CR00015,Business,Paid,2025-04-24,285.05
TT04712,U01752,34,Female,CR00056,Digital Marketing,Paid,2025-09-19,212.39
TT04713,U01752,34,Female,CR00047,Artificial Intelligence,Paid,2025-12-02,89.59
TT04714,U01752,34,Female,CR00003,Programming,Free,2025-03-10,0.0
TT04715,U01752,34,Female,CR00008,Design,Free,2025-03-23,0.0
TT04716,U01756,21,Male,CR00005,Programming,Free,2025-03-30,0.0
TT04717,U01756,21,Male,CR00030,Machine Learning,Free,2025-01-27,0.0
TT04718,U01766,33,Female,CR00035,Cybersecurity,Free,2025-06-25,0.0
TT04719,U01766,33,Female,CR00039,Project Management,Paid,2025-07-05,346.71
TT04720,U01766,33,Female,CR00006,Design,Paid,2025-03-02,276.37
TT04721,U01769,15,Male,CR00020,Marketing,Free,2025-07-13,0.0
TT04722,U01769,15,Male,CR00058,Digital Marketing,Free,2025-08-21,0.0
TT04723,U01769,15,Male,CR00041,Finance,Paid,2025-01-30,53.86
TT04724,U01769,15,Male,CR00030,Machine Learning,Free,2025-08-15,0.0
TT04725,U01770,22,Female,CR00035,Cybersecurity,Free,2025-09-27,0.0
TT04726,U01770,22,Female,CR00010,Design,Free,2025-03-22,0.0
TT04727,U01771,21,Male,CR00028,Machine Learning,Paid,2025-06-01,0.78
TT04728,U01771,21,Male,CR00039,Project Management,Paid,2025-08-18,346.71
TT04729,U01771,21,Male,CR00008,Design,Free,2025-02-19,0.0
TT04730,U01783,28,Male,CR00055,Web Development,Paid,2025-08-22,57.32
TT04731,U01783,28,Male,CR00037,Project Management,Free,2025-11-11,0.0
TT04732,U01783,28,Male,CR00014,Business,Free,2025-10-22,0.0
TT04733,U01803,27,Female,CR00004,Programming,Free,2025-10-22,0.0
TT04734,U01803,27,Female,CR00038,Project Management,Paid,2025-05-17,342.61
TT04735,U01803,27,Female,CR00054,Web Development,Free,2025-01-12,0.0
TT04736,U01808,15,Male,CR00001,Programming,Paid,2025-02-17,472.28
TT04737,U01808,15,Male,CR00059,Digital Marketing,Free,2025-02-01,0.0
TT04738,U01808,15,Male,CR00056,Digital Marketing,Paid,2025-10-03,212.39
TT04739,U01814,17,Female,CR00001,Programming,Paid,2025-09-22,472.28
TT04740,U01814,17,Female,CR00018,Marketing,Free,2025-05-23,0.0
TT04741,U01814,17,Female,CR00030,Machine Learning,Free,2025-08-08,0.0
TT04742,U01829,27,Male,CR00042,Finance,Free,2025-07-25,0.0
TT04743,U01829,27,Male,CR00031,Cybersecurity,Free,2025-10-16,0.0
TT04744,U01850,29,Female,CR00044,Finance,Paid,2025-02-24,119.04
TT04745,U01850,29,Female,CR00021,Data Science,Free,2025-03-19,0.0
TT04746,U01850,29,Female,CR00025,Data Science,Paid,2025-11-03,299.57
TT04747,U01851,20,Male,CR00038,Project Management,Paid,2025-11-08,342.61
TT04748,U01851,20,Male,CR00023,Data Science,Free,2025-03-13,0.0
TT04749,U01851,20,Male,CR00013,Business,Free,2025-09-04,0.0
TT04750,U01851,20,Male,CR00011,Business,Paid,2025-11-06,326.02
TT04751,U01852,19,Female,CR00017,Marketing,Free,2025-02-12,0.0
TT04752,U01852,19,Female,CR00044,Finance,Paid,2025-05-25,119.04
TT04753,U01852,19,Female,CR00004,Programming,Free,2025-09-21,0.0
TT04754,U01852,19,Female,CR00034,Cybersecurity,Paid,2025-04-21,394.26
TT04755,U01857,27,Female,CR00041,Finance,Paid,2025-02-16,53.86
TT04756,U01857,27,Female,CR00010,Design,Free,2025-01-01,0.0
TT04757,U01860,19,Male,CR00005,Programming,Free,2025-01-11,0.0
TT04758,U01860,19,Male,CR00017,Marketing,Free,2025-12-14,0.0
TT04759,U01860,19,Male,CR00012,Business,Paid,2025-07-01,487.92
TT04760,U01861,28,Female,CR00055,Web Development,Paid,2025-06-08,57.32
TT04761,U01861,28,Female,CR00051,Web Development,Paid,2025-09-01,37.89
TT04762,U01865,18,Male,CR00005,Programming,Free,2025-11-28,0.0
TT04763,U01865,18,Male,CR00045,Finance,Free,2025-03-06,0.0
TT04764,U01865,18,Male,CR00004,Programming,Free,2025-09-01,0.0
TT04765,U01865,18,Male,CR00031,Cybersecurity,Free,2025-09-07,0.0
TT04766,U01882,30,Female,CR00014,Business,Free,2025-05-24,0.0
TT04767,U01882,30,Female,CR00055,Web Development,Paid,2025-01-02,57.32
TT04768,U01882,30,Female,CR00051,Web Development,Paid,2025-03-23,37.89
TT04769,U01899,25,Female,CR00004,Programming,Free,2025-01-03,0.0
TT04770,U01899,25,Female,CR00054,Web Development,Free,2025-02-09,0.0
TT04771,U01909,25,Male,CR00051,Web Development,Paid,2025-06-11,37.89
TT04772,U01909,25,Male,CR00030,Machine Learning,Free,2025-01-28,0.0
TT04773,U01909,25,Male,CR00018,Marketing,Free,2025-02-09,0.0
TT04774,U01921,24,Male,CR00022,Data Science,Free,2025-12-14,0.0
TT04775,U01921,24,Male,CR00048,Artificial Intelligence,Free,2025-06-16,0.0
TT04776,U01933,27,Female,CR00037,Project Management,Free,2025-02-05,0.0
TT04777,U01933,27,Female,CR00020,Marketing,Free,2025-03-23,0.0
TT04778,U01939,35,Male,CR00025,Data Science,Paid,2025-11-09,299.57
TT04779,U01939,35,Male,CR00002,Programming,Free,2025-12-24,0.0
TT04780,U01939,35,Male,CR00044,Finance,Paid,2025-07-19,119.04
TT04781,U01939,35,Male,CR00019,Marketing,Free,2025-08-11,0.0
TT04782,U01950,29,Male,CR00030,Machine Learning,Free,2025-10-16,0.0
TT04783,U01950,29,Male,CR00018,Marketing,Free,2025-12-08,0.0
TT04784,U01951,19,Female,CR00033,Cybersecurity,Free,2025-10-15,0.0
TT04785,U01951,19,Female,CR00029,Machine Learning,Free,2025-07-01,0.0
TT04786,U01951,19,Female,CR00035,Cybersecurity,Free,2025-06-17,0.0
TT04787,U01964,32,Male,CR00006,Design,Paid,2025-03-04,276.37
TT04788,U01964,32,Male,CR00053,Web Development,Free,2025-07-01,0.0
TT04789,U01964,32,Male,CR00058,Digital Marketing,Free,2025-04-30,0.0
TT04790,U01964,32,Male,CR00023,Data Science,Free,2025-02-04,0.0
TT04791,U01966,25,Female,CR00046,Artificial Intelligence,Paid,2025-04-13,248.1
TT04792,U01966,25,Female,CR00040,Project Management,Paid,2025-03-12,327.99
TT04793,U01966,25,Female,CR00002,Programming,Free,2025-05-04,0.0
TT04794,U01966,25,Female,CR00032,Cybersecurity,Free,2025-07-22,0.0
TT04795,U01991,16,Female,CR00011,Business,Paid,2025-04-21,326.02
TT04796,U01991,16,Female,CR00051,Web Development,Paid,2025-07-01,37.89
TT04797,U01991,16,Female,CR00008,Design,Free,2025-04-08,0.0
TT04798,U01992,18,Male,CR00039,Project Management,Paid,2025-12-08,346.71
TT04799,U01992,18,Male,CR00037,Project Management,Free,2025-07-01,0.0
TT04800,U02003,31,Male,CR00045,Finance,Free,2025-05-03,0.0
TT04801,U02003,31,Male,CR00053,Web Development,Free,2025-12-12,0.0
TT04802,U02003,31,Male,CR00017,Marketing,Free,2025-08-27,0.0
TT04803,U02003,31,Male,CR00050,Artificial Intelligence,Paid,2025-07-24,490.9
TT04804,U02013,29,Female,CR00010,Design,Free,2025-01-30,0.0
TT04805,U02013,29,Female,CR00048,Artificial Intelligence,Free,2025-03-08,0.0
TT04806,U02014,23,Female,CR00041,Finance,Paid,2025-04-03,53.86
TT04807,U02014,23,Female,CR00035,Cybersecurity,Free,2025-10-19,0.0
TT04808,U02014,23,Female,CR00028,Machine Learning,Paid,2025-11-04,0.78
TT04809,U02019,25,Female,CR00055,Web Development,Paid,2025-04-27,57.32
TT04810,U02019,25,Female,CR00054,Web Development,Free,2025-03-11,0.0
TT04811,U02019,25,Female,CR00056,Digital Marketing,Paid,2025-11-02,212.39
TT04812,U02031,20,Male,CR00044,Finance,Paid,2025-08-26,119.04
TT04813,U02031,20,Male,CR00029,Machine Learning,Free,2025-06-21,0.0
TT04814,U02032,17,Male,CR00037,Project Management,Free,2025-02-24,0.0
TT04815,U02032,17,Male,CR00053,Web Development,Free,2025-06-22,0.0
TT04816,U02036,26,Male,CR00027,Machine Learning,Free,2025-07-17,0.0
TT04817,U02036,26,Male,CR00047,Artificial Intelligence,Paid,2025-04-09,89.59
TT04818,U02041,34,Male,CR00009,Design,Free,2025-06-09,0.0
TT04819,U02041,34,Male,CR00051,Web Development,Paid,2025-10-16,37.89
TT04820,U02041,34,Male,CR00027,Machine Learning,Free,2025-10-20,0.0
TT04821,U02044,24,Female,CR00003,Programming,Free,2025-10-21,0.0
TT04822,U02044,24,Female,CR00033,Cybersecurity,Free,2025-04-17,0.0
TT04823,U02050,28,Male,CR00060,Digital Marketing,Free,2025-01-26,0.0
TT04824,U02050,28,Male,CR00022,Data Science,Free,2025-12-15,0.0
TT04825,U02050,28,Male,CR00052,Web Development,Free,2025-12-13,0.0
TT04826,U02052,21,Male,CR00015,Business,Paid,2025-09-29,285.05
TT04827,U02052,21,Male,CR00012,Business,Paid,2025-03-23,487.92
TT04828,U02060,31,Female,CR00032,Cybersecurity,Free,2025-03-01,0.0
TT04829,U02060,31,Female,CR00022,Data Science,Free,2025-03-14,0.0
TT04830,U02060,31,Female,CR00021,Data Science,Free,2025-12-08,0.0
TT04831,U02065,20,Male,CR00032,Cybersecurity,Free,2025-12-11,0.0
TT04832,U02065,20,Male,CR00018,Marketing,Free,2025-10-08,0.0
TT04833,U02073,19,Female,CR00021,Data Science,Free,2025-03-04,0.0
TT04834,U02073,19,Female,CR00051,Web Development,Paid,2025-12-24,37.89
TT04835,U02084,21,Female,CR00028,Machine Learning,Paid,2025-07-24,0.78
TT04836,U02084,21,Female,CR00020,Marketing,Free,2025-01-27,0.0
TT04837,U02084,21,Female,CR00002,Programming,Free,2025-05-17,0.0
TT04838,U02086,30,Male,CR00038,Project Management,Paid,2025-06-28,342.61
TT04839,U02086,30,Male,CR00021,Data Science,Free,2025-12-02,0.0
TT04840,U02091,27,Male,CR00031,Cybersecurity,Free,2025-02-16,0.0
TT04841,U02091,27,Male,CR00029,Machine Learning,Free,2025-04-03,0.0
TT04842,U02091,27,Male,CR00051,Web Development,Paid,2025-12-21,37.89
TT04843,U02102,20,Female,CR00042,Finance,Free,2025-07-23,0.0
TT04844,U02102,20,Female,CR00033,Cybersecurity,Free,2025-11-07,0.0
TT04845,U02102,20,Female,CR00007,Design,Free,2025-06-08,0.0
TT04846,U02103,33,Male,CR00048,Artificial Intelligence,Free,2025-08-06,0.0
TT04847,U02103,33,Male,CR00001,Programming,Paid,2025-01-17,472.28
TT04848,U02103,33,Male,CR00003,Programming,Free,2025-06-17,0.0
TT04849,U02120,19,Male,CR00031,Cybersecurity,Free,2025-01-21,0.0
TT04850,U02120,19,Male,CR00047,Artificial Intelligence,Paid,2025-02-04,89.59
TT04851,U02127,21,Female,CR00033,Cybersecurity,Free,2025-12-15,0.0
TT04852,U02127,21,Female,CR00052,Web Development,Free,2025-09-25,0.0
TT04853,U02129,20,Female,CR00058,Digital Marketing,Free,2025-09-26,0.0
TT04854,U02129,20,Female,CR00004,Programming,Free,2025-06-09,0.0
TT04855,U02141,17,Male,CR00042,Finance,Free,2025-07-20,0.0
TT04856,U02141,17,Male,CR00006,Design,Paid,2025-12-28,276.37
TT04857,U02142,26,Female,CR00056,Digital Marketing,Paid,2025-05-11,212.39
TT04858,U02142,26,Female,CR00019,Marketing,Free,2025-05-11,0.0
TT04859,U02142,26,Female,CR00032,Cybersecurity,Free,2025-06-26,0.0
TT04860,U02142,26,Female,CR00042,Finance,Free,2025-07-14,0.0
TT04861,U02143,24,Male,CR00024,Data Science,Paid,2025-12-16,117.68
TT04862,U02143,24,Male,CR00051,Web Development,Paid,2025-05-19,37.89
TT04863,U02143,24,Male,CR00031,Cybersecurity,Free,2025-05-05,0.0
TT04864,U02154,16,Male,CR00039,Project Management,Paid,2025-11-14,346.71
TT04865,U02154,16,Male,CR00026,Machine Learning,Free,2025-12-13,0.0
TT04866,U02154,16,Male,CR00050,Artificial Intelligence,Paid,2025-05-06,490.9
TT04867,U02157,29,Male,CR00048,Artificial Intelligence,Free,2025-05-06,0.0
TT04868,U02157,29,Male,CR00017,Marketing,Free,2025-08-12,0.0
TT04869,U02157,29,Male,CR00026,Machine Learning,Free,2025-11-03,0.0
TT04870,U02158,17,Female,CR00006,Design,Paid,2025-05-15,276.37
TT04871,U02158,17,Female,CR00001,Programming,Paid,2025-09-29,472.28
TT04872,U02158,17,Female,CR00042,Finance,Free,2025-04-16,0.0
TT04873,U02158,17,Female,CR00029,Machine Learning,Free,2025-12-09,0.0
TT04874,U02167,25,Female,CR00038,Project Management,Paid,2025-11-25,342.61
TT04875,U02167,25,Female,CR00023,Data Science,Free,2025-09-04,0.0
TT04876,U02167,25,Female,CR00030,Machine Learning,Free,2025-12-15,0.0
TT04877,U02180,31,Female,CR00004,Programming,Free,2025-07-27,0.0
TT04878,U02180,31,Female,CR00013,Business,Free,2025-07-28,0.0
TT04879,U02180,31,Female,CR00045,Finance,Free,2025-08-23,0.0
TT04880,U02180,31,Female,CR00007,Design,Free,2025-07-01,0.0
TT04881,U02185,16,Male,CR00009,Design,Free,2025-10-25,0.0
TT04882,U02185,16,Male,CR00059,Digital Marketing,Free,2025-02-21,0.0
TT04883,U02186,29,Male,CR00035,Cybersecurity,Free,2025-05-04,0.0
TT04884,U02186,29,Male,CR00051,Web Development,Paid,2025-09-30,37.89
TT04885,U02186,29,Male,CR00030,Machine Learning,Free,2025-11-14,0.0
TT04886,U02186,29,Male,CR00011,Business,Paid,2025-07-16,326.02
TT04887,U02190,19,Male,CR00052,Web Development,Free,2025-07-24,0.0
TT04888,U02190,19,Male,CR00026,Machine Learning,Free,2025-09-22,0.0
TT04889,U02190,19,Male,CR00051,Web Development,Paid,2025-12-18,37.89
TT04890,U02190,19,Male,CR00049,Artificial Intelligence,Paid,2025-09-08,415.51
TT04891,U02191,24,Male,CR00003,Programming,Free,2025-11-17,0.0
TT04892,U02191,24,Male,CR00005,Programming,Free,2025-01-01,0.0
TT04893,U02191,24,Male,CR00051,Web Development,Paid,2025-07-24,37.89
TT04894,U02191,24,Male,CR00004,Programming,Free,2025-09-12,0.0
TT04895,U02198,17,Female,CR00030,Machine Learning,Free,2025-12-29,0.0
TT04896,U02198,17,Female,CR00027,Machine Learning,Free,2025-02-13,0.0
TT04897,U02200,23,Male,CR00038,Project Management,Paid,2025-11-05,342.61
TT04898,U02200,23,Male,CR00006,Design,Paid,2025-06-21,276.37
TT04899,U02206,31,Male,CR00021,Data Science,Free,2025-10-30,0.0
TT04900,U02206,31,Male,CR00023,Data Science,Free,2025-01-16,0.0
TT04901,U02206,31,Male,CR00043,Finance,Free,2025-10-09,0.0
TT04902,U02214,20,Female,CR00015,Business,Paid,2025-09-11,285.05
TT04903,U02214,20,Female,CR00023,Data Science,Free,2025-06-21,0.0
TT04904,U02214,20,Female,CR00009,Design,Free,2025-04-23,0.0
TT04905,U02214,20,Female,CR00051,Web Development,Paid,2025-04-18,37.89
TT04906,U02225,33,Female,CR00031,Cybersecurity,Free,2025-08-01,0.0
TT04907,U02225,33,Female,CR00044,Finance,Paid,2025-11-30,119.04
TT04908,U02226,20,Female,CR00050,Artificial Intelligence,Paid,2025-06-14,490.9
TT04909,U02226,20,Female,CR00008,Design,Free,2025-02-24,0.0
TT04910,U02228,19,Male,CR00042,Finance,Free,2025-08-04,0.0
TT04911,U02228,19,Male,CR00003,Programming,Free,2025-07-27,0.0
TT04912,U02241,29,Male,CR00041,Finance,Paid,2025-11-02,53.86
TT04913,U02241,29,Male,CR00046,Artificial Intelligence,Paid,2025-09-14,248.1
TT04914,U02259,32,Female,CR00044,Finance,Paid,2025-01-25,119.04
TT04915,U02259,32,Female,CR00014,Business,Free,2025-02-24,0.0
TT04916,U02262,31,Female,CR00009,Design,Free,2025-05-28,0.0
TT04917,U02262,31,Female,CR00022,Data Science,Free,2025-09-15,0.0
TT04918,U02262,31,Female,CR00053,Web Development,Free,2025-12-21,0.0
TT04919,U02270,21,Male,CR00012,Business,Paid,2025-07-29,487.92
TT04920,U02270,21,Male,CR00054,Web Development,Free,2025-01-04,0.0
TT04921,U02270,21,Male,CR00019,Marketing,Free,2025-05-19,0.0
TT04922,U02299,35,Female,CR00054,Web Development,Free,2025-07-18,0.0
TT04923,U02299,35,Female,CR00035,Cybersecurity,Free,2025-10-26,0.0
TT04924,U02309,23,Female,CR00051,Web Development,Paid,2025-05-15,37.89
TT04925,U02309,23,Female,CR00055,Web Development,Paid,2025-05-12,57.32
TT04926,U02309,23,Female,CR00045,Finance,Free,2025-04-06,0.0
TT04927,U02311,23,Female,CR00024,Data Science,Paid,2025-01-27,117.68
TT04928,U02311,23,Female,CR00020,Marketing,Free,2025-06-15,0.0
TT04929,U02311,23,Female,CR00021,Data Science,Free,2025-03-16,0.0
TT04930,U02316,31,Female,CR00011,Business,Paid,2025-12-22,326.02
TT04931,U02316,31,Female,CR00047,Artificial Intelligence,Paid,2025-11-14,89.59
TT04932,U02320,17,Male,CR00045,Finance,Free,2025-09-11,0.0
TT04933,U02320,17,Male,CR00056,Digital Marketing,Paid,2025-05-11,212.39
TT04934,U02320,17,Male,CR00037,Project Management,Free,2025-08-19,0.0
TT04935,U02324,34,Female,CR00011,Business,Paid,2025-02-11,326.02
TT04936,U02324,34,Female,CR00023,Data Science,Free,2025-11-05,0.0
TT04937,U02324,34,Female,CR00007,Design,Free,2025-06-12,0.0
TT04938,U02326,32,Male,CR00050,Artificial Intelligence,Paid,2025-09-26,490.9
TT04939,U02326,32,Male,CR00047,Artificial Intelligence,Paid,2025-11-12,89.59
TT04940,U02328,22,Female,CR00049,Artificial Intelligence,Paid,2025-11-06,415.51
TT04941,U02328,22,Female,CR00020,Marketing,Free,2025-11-25,0.0
TT04942,U02328,22,Female,CR00007,Design,Free,2025-05-20,0.0
TT04943,U02333,32,Female,CR00049,Artificial Intelligence,Paid,2025-01-14,415.51
TT04944,U02333,32,Female,CR00003,Programming,Free,2025-10-23,0.0
TT04945,U02333,32,Female,CR00053,Web Development,Free,2025-05-10,0.0
TT04946,U02342,21,Male,CR00027,Machine Learning,Free,2025-07-16,0.0
TT04947,U02342,21,Male,CR00047,Artificial Intelligence,Paid,2025-03-18,89.59
TT04948,U02343,29,Male,CR00028,Machine Learning,Paid,2025-07-24,0.78
TT04949,U02343,29,Male,CR00029,Machine Learning,Free,2025-09-26,0.0
TT04950,U02343,29,Male,CR00056,Digital Marketing,Paid,2025-06-11,212.39
TT04951,U02343,29,Male,CR00039,Project Management,Paid,2025-07-27,346.71
TT04952,U02352,30,Female,CR00025,Data Science,Paid,2025-01-05,299.57
TT04953,U02352,30,Female,CR00042,Finance,Free,2025-07-04,0.0
TT04954,U02352,30,Female,CR00023,Data Science,Free,2025-11-27,0.0
TT04955,U02358,22,Male,CR00006,Design,Paid,2025-10-20,276.37
TT04956,U02358,22,Male,CR00025,Data Science,Paid,2025-09-28,299.57
TT04957,U02358,22,Male,CR00027,Machine Learning,Free,2025-01-26,0.0
TT04958,U02358,22,Male,CR00050,Artificial Intelligence,Paid,2025-02-19,490.9
TT04959,U02359,32,Female,CR00023,Data Science,Free,2025-07-12,0.0
TT04960,U02359,32,Female,CR00060,Digital Marketing,Free,2025-07-16,0.0
TT04961,U02368,31,Male,CR00055,Web Development,Paid,2025-12-14,57.32
TT04962,U02368,31,Male,CR00006,Design,Paid,2025-12-11,276.37
TT04963,U02368,31,Male,CR00024,Data Science,Paid,2025-11-06,117.68
TT04964,U02368,31,Male,CR00019,Marketing,Free,2025-01-27,0.0
TT04965,U02372,35,Male,CR00059,Digital Marketing,Free,2025-01-28,0.0
TT04966,U02372,35,Male,CR00035,Cybersecurity,Free,2025-09-02,0.0
TT04967,U02372,35,Male,CR00021,Data Science,Free,2025-10-15,0.0
TT04968,U02374,22,Male,CR00026,Machine Learning,Free,2025-06-19,0.0
TT04969,U02374,22,Male,CR00010,Design,Free,2025-10-13,0.0
TT04970,U02374,22,Male,CR00028,Machine Learning,Paid,2025-10-25,0.78
TT04971,U02379,20,Male,CR00014,Business,Free,2025-03-12,0.0
TT04972,U02379,20,Male,CR00019,Marketing,Free,2025-11-12,0.0
TT04973,U02380,24,Female,CR00034,Cybersecurity,Paid,2025-01-05,394.26
TT04974,U02380,24,Female,CR00054,Web Development,Free,2025-12-13,0.0
TT04975,U02380,24,Female,CR00011,Business,Paid,2025-03-17,326.02
TT04976,U02384,22,Male,CR00044,Finance,Paid,2025-03-02,119.04
TT04977,U02384,22,Male,CR00029,Machine Learning,Free,2025-06-16,0.0
TT04978,U02384,22,Male,CR00048,Artificial Intelligence,Free,2025-04-11,0.0
TT04979,U02386,35,Male,CR00025,Data Science,Paid,2025-10-03,299.57
TT04980,U02386,35,Male,CR00026,Machine Learning,Free,2025-04-08,0.0
TT04981,U02386,35,Male,CR00003,Programming,Free,2025-06-09,0.0
TT04982,U02386,35,Male,CR00009,Design,Free,2025-02-13,0.0
TT04983,U02395,32,Female,CR00058,Digital Marketing,Free,2025-03-15,0.0
TT04984,U02395,32,Female,CR00036,Project Management,Free,2025-06-15,0.0
TT04985,U02395,32,Female,CR00033,Cybersecurity,Free,2025-02-14,0.0
TT04986,U02414,21,Male,CR00001,Programming,Paid,2025-08-21,472.28
TT04987,U02414,21,Male,CR00003,Programming,Free,2025-06-22,0.0
TT04988,U02414,21,Male,CR00042,Finance,Free,2025-07-09,0.0
TT04989,U02425,24,Female,CR00048,Artificial Intelligence,Free,2025-03-01,0.0
TT04990,U02425,24,Female,CR00009,Design,Free,2025-10-26,0.0
TT04991,U02429,30,Female,CR00004,Programming,Free,2025-10-28,0.0
TT04992,U02429,30,Female,CR00031,Cybersecurity,Free,2025-06-01,0.0
TT04993,U02429,30,Female,CR00005,Programming,Free,2025-09-25,0.0
TT04994,U02436,16,Male,CR00054,Web Development,Free,2025-08-16,0.0
TT04995,U02436,16,Male,CR00024,Data Science,Paid,2025-07-20,117.68
TT04996,U02436,16,Male,CR00040,Project Management,Paid,2025-02-06,327.99
TT04997,U02466,23,Male,CR00023,Data Science,Free,2025-02-12,0.0
TT04998,U02466,23,Male,CR00047,Artificial Intelligence,Paid,2025-05-29,89.59
TT04999,U02466,23,Male,CR00006,Design,Paid,2025-04-13,276.37
TT05000,U02466,23,Male,CR00016,Marketing,Free,2025-07-17,0.0
TT05001,U02468,29,Female,CR00022,Data Science,Free,2025-03-11,0.0
TT05002,U02468,29,Female,CR00026,Machine Learning,Free,2025-07-05,0.0
TT05003,U02468,29,Female,CR00059,Digital Marketing,Free,2025-02-04,0.0
TT05004,U02478,30,Male,CR00050,Artificial Intelligence,Paid,2025-07-03,490.9
TT05005,U02478,30,Male,CR00033,Cybersecurity,Free,2025-02-17,0.0
TT05006,U02479,19,Female,CR00015,Business,Paid,2025-07-05,285.05
TT05007,U02479,19,Female,CR00005,Programming,Free,2025-06-12,0.0
TT05008,U02479,19,Female,CR00020,Marketing,Free,2025-01-04,0.0
TT05009,U02479,19,Female,CR00058,Digital Marketing,Free,2025-10-15,0.0
TT05010,U02484,25,Female,CR00052,Web Development,Free,2025-04-27,0.0
TT05011,U02484,25,Female,CR00045,Finance,Free,2025-01-21,0.0
TT05012,U02484,25,Female,CR00002,Programming,Free,2025-03-07,0.0
TT05013,U02484,25,Female,CR00015,Business,Paid,2025-07-16,285.05
TT05014,U02503,16,Female,CR00033,Cybersecurity,Free,2025-06-08,0.0
TT05015,U02503,16,Female,CR00008,Design,Free,2025-08-11,0.0
TT05016,U02504,34,Female,CR00013,Business,Free,2025-03-12,0.0
TT05017,U02504,34,Female,CR00011,Business,Paid,2025-01-07,326.02
TT05018,U02504,34,Female,CR00017,Marketing,Free,2025-10-03,0.0
TT05019,U02504,34,Female,CR00007,Design,Free,2025-11-09,0.0
TT05020,U02509,24,Male,CR00021,Data Science,Free,2025-07-06,0.0
TT05021,U02509,24,Male,CR00013,Business,Free,2025-09-14,0.0
TT05022,U02509,24,Male,CR00028,Machine Learning,Paid,2025-12-19,0.78
TT05023,U02521,25,Male,CR00047,Artificial Intelligence,Paid,2025-11-13,89.59
TT05024,U02521,25,Male,CR00036,Project Management,Free,2025-03-30,0.0
TT05025,U02521,25,Male,CR00026,Machine Learning,Free,2025-04-26,0.0
TT05026,U02521,25,Male,CR00010,Design,Free,2025-04-03,0.0
TT05027,U02526,30,Female,CR00044,Finance,Paid,2025-10-23,119.04
TT05028,U02526,30,Female,CR00038,Project Management,Paid,2025-09-08,342.61
TT05029,U02529,17,Female,CR00054,Web Development,Free,2025-03-04,0.0
TT05030,U02529,17,Female,CR00017,Marketing,Free,2025-06-09,0.0
TT05031,U02529,17,Female,CR00025,Data Science,Paid,2025-05-02,299.57
TT05032,U02531,22,Female,CR00026,Machine Learning,Free,2025-11-18,0.0
TT05033,U02531,22,Female,CR00037,Project Management,Free,2025-08-29,0.0
TT05034,U02531,22,Female,CR00027,Machine Learning,Free,2025-01-15,0.0
TT05035,U02531,22,Female,CR00033,Cybersecurity,Free,2025-03-20,0.0
TT05036,U02534,25,Female,CR00053,Web Development,Free,2025-12-28,0.0
TT05037,U02534,25,Female,CR00009,Design,Free,2025-02-26,0.0
TT05038,U02558,23,Female,CR00028,Machine Learning,Paid,2025-04-18,0.78
TT05039,U02558,23,Female,CR00002,Programming,Free,2025-01-20,0.0
TT05040,U02558,23,Female,CR00033,Cybersecurity,Free,2025-05-21,0.0
TT05041,U02558,23,Female,CR00058,Digital Marketing,Free,2025-04-08,0.0
TT05042,U02562,18,Male,CR00029,Machine Learning,Free,2025-12-26,0.0
TT05043,U02562,18,Male,CR00011,Business,Paid,2025-04-22,326.02
TT05044,U02562,18,Male,CR00042,Finance,Free,2025-02-03,0.0
TT05045,U02562,18,Male,CR00058,Digital Marketing,Free,2025-01-27,0.0
TT05046,U02600,17,Male,CR00032,Cybersecurity,Free,2025-11-20,0.0
TT05047,U02600,17,Male,CR00006,Design,Paid,2025-06-30,276.37
TT05048,U02600,17,Male,CR00039,Project Management,Paid,2025-04-21,346.71
TT05049,U02601,19,Female,CR00052,Web Development,Free,2025-06-11,0.0
TT05050,U02601,19,Female,CR00022,Data Science,Free,2025-06-26,0.0
TT05051,U02601,19,Female,CR00048,Artificial Intelligence,Free,2025-02-22,0.0
TT05052,U02601,19,Female,CR00032,Cybersecurity,Free,2025-03-10,0.0
TT05053,U02613,23,Female,CR00007,Design,Free,2025-07-15,0.0
TT05054,U02613,23,Female,CR00057,Digital Marketing,Paid,2025-04-26,177.34
TT05055,U02615,33,Male,CR00054,Web Development,Free,2025-10-07,0.0
TT05056,U02615,33,Male,CR00020,Marketing,Free,2025-07-19,0.0
TT05057,U02617,23,Female,CR00019,Marketing,Free,2025-01-23,0.0
TT05058,U02617,23,Female,CR00050,Artificial Intelligence,Paid,2025-02-05,490.9
TT05059,U02617,23,Female,CR00002,Programming,Free,2025-05-25,0.0
TT05060,U02617,23,Female,CR00042,Finance,Free,2025-09-08,0.0
TT05061,U02618,23,Male,CR00054,Web Development,Free,2025-04-28,0.0
TT05062,U02618,23,Male,CR00053,Web Development,Free,2025-08-08,0.0
TT05063,U02618,23,Male,CR00036,Project Management,Free,2025-11-04,0.0
TT05064,U02624,16,Female,CR00002,Programming,Free,2025-12-21,0.0
TT05065,U02624,16,Female,CR00021,Data Science,Free,2025-03-20,0.0
TT05066,U02624,16,Female,CR00050,Artificial Intelligence,Paid,2025-12-19,490.9
TT05067,U02625,22,Female,CR00058,Digital Marketing,Free,2025-10-19,0.0
TT05068,U02625,22,Female,CR00019,Marketing,Free,2025-01-29,0.0
TT05069,U02626,21,Female,CR00056,Digital Marketing,Paid,2025-07-24,212.39
TT05070,U02626,21,Female,CR00007,Design,Free,2025-09-12,0.0
TT05071,U02626,21,Female,CR00035,Cybersecurity,Free,2025-12-04,0.0
TT05072,U02637,28,Male,CR00023,Data Science,Free,2025-07-08,0.0
TT05073,U02637,28,Male,CR00028,Machine Learning,Paid,2025-03-18,0.78
TT05074,U02640,34,Female,CR00040,Project Management,Paid,2025-05-14,327.99
TT05075,U02640,34,Female,CR00011,Business,Paid,2025-10-30,326.02
TT05076,U02640,34,Female,CR00053,Web Development,Free,2025-03-07,0.0
TT05077,U02644,23,Male,CR00057,Digital Marketing,Paid,2025-11-08,177.34
TT05078,U02644,23,Male,CR00055,Web Development,Paid,2025-08-03,57.32
TT05079,U02644,23,Male,CR00008,Design,Free,2025-01-30,0.0
TT05080,U02644,23,Male,CR00060,Digital Marketing,Free,2025-05-28,0.0
TT05081,U02646,26,Male,CR00046,Artificial Intelligence,Paid,2025-05-10,248.1
TT05082,U02646,26,Male,CR00012,Business,Paid,2025-04-10,487.92
TT05083,U02658,30,Male,CR00031,Cybersecurity,Free,2025-12-01,0.0
TT05084,U02658,30,Male,CR00015,Business,Paid,2025-05-09,285.05
TT05085,U02658,30,Male,CR00052,Web Development,Free,2025-06-04,0.0
TT05086,U02668,26,Male,CR00055,Web Development,Paid,2025-09-05,57.32
TT05087,U02668,26,Male,CR00010,Design,Free,2025-03-02,0.0
TT05088,U02668,26,Male,CR00002,Programming,Free,2025-01-23,0.0
TT05089,U02675,34,Female,CR00002,Programming,Free,2025-04-29,0.0
TT05090,U02675,34,Female,CR00005,Programming,Free,2025-10-24,0.0
TT05091,U02675,34,Female,CR00029,Machine Learning,Free,2025-03-26,0.0
TT05092,U02675,34,Female,CR00039,Project Management,Paid,2025-02-15,346.71
TT05093,U02677,33,Male,CR00050,Artificial Intelligence,Paid,2025-06-02,490.9
TT05094,U02677,33,Male,CR00014,Business,Free,2025-08-06,0.0
TT05095,U02677,33,Male,CR00008,Design,Free,2025-07-28,0.0
TT05096,U02686,19,Female,CR00035,Cybersecurity,Free,2025-03-22,0.0
TT05097,U02686,19,Female,CR00001,Programming,Paid,2025-12-04,472.28
TT05098,U02686,19,Female,CR00038,Project Management,Paid,2025-11-21,342.61
TT05099,U02686,19,Female,CR00005,Programming,Free,2025-01-29,0.0
TT05100,U02690,24,Male,CR00029,Machine Learning,Free,2025-05-24,0.0
TT05101,U02690,24,Male,CR00030,Machine Learning,Free,2025-04-10,0.0
TT05102,U02690,24,Male,CR00035,Cybersecurity,Free,2025-05-08,0.0
TT05103,U02690,24,Male,CR00034,Cybersecurity,Paid,2025-04-30,394.26
TT05104,U02692,23,Male,CR00010,Design,Free,2025-02-19,0.0
TT05105,U02692,23,Male,CR00021,Data Science,Free,2025-07-04,0.0
TT05106,U02692,23,Male,CR00024,Data Science,Paid,2025-02-07,117.68
TT05107,U02697,22,Female,CR00047,Artificial Intelligence,Paid,2025-08-06,89.59
TT05108,U02697,22,Female,CR00039,Project Management,Paid,2025-11-27,346.71
TT05109,U02697,22,Female,CR00028,Machine Learning,Paid,2025-03-19,0.78
TT05110,U02697,22,Female,CR00017,Marketing,Free,2025-02-06,0.0
TT05111,U02701,23,Female,CR00057,Digital Marketing,Paid,2025-08-22,177.34
TT05112,U02701,23,Female,CR00042,Finance,Free,2025-12-14,0.0
TT05113,U02701,23,Female,CR00046,Artificial Intelligence,Paid,2025-01-28,248.1
TT05114,U02701,23,Female,CR00007,Design,Free,2025-10-15,0.0
TT05115,U02726,25,Female,CR00043,Finance,Free,2025-01-03,0.0
TT05116,U02726,25,Female,CR00018,Marketing,Free,2025-06-05,0.0
TT05117,U02726,25,Female,CR00019,Marketing,Free,2025-06-30,0.0
TT05118,U02726,25,Female,CR00021,Data Science,Free,2025-05-20,0.0
TT05119,U02741,18,Male,CR00004,Programming,Free,2025-08-13,0.0
TT05120,U02742,25,Female,CR00015,Business,Paid,2025-06-21,285.05
TT05121,U02742,25,Female,CR00002,Programming,Free,2025-04-15,0.0
TT05122,U02746,28,Male,CR00024,Data Science,Paid,2025-02-19,117.68
TT05123,U02746,28,Male,CR00021,Data Science,Free,2025-11-30,0.0
TT05124,U02746,28,Male,CR00007,Design,Free,2025-07-07,0.0
TT05125,U02747,30,Male,CR00041,Finance,Paid,2025-04-07,53.86
TT05126,U02747,30,Male,CR00022,Data Science,Free,2025-03-21,0.0
TT05127,U02747,30,Male,CR00032,Cybersecurity,Free,2025-08-12,0.0
TT05128,U02749,30,Male,CR00014,Business,Free,2025-06-13,0.0
TT05129,U02749,30,Male,CR00036,Project Management,Free,2025-11-15,0.0
TT05130,U02758,25,Female,CR00021,Data Science,Free,2025-12-10,0.0
TT05131,U02758,25,Female,CR00023,Data Science,Free,2025-11-03,0.0
TT05132,U02759,20,Female,CR00037,Project Management,Free,2025-04-12,0.0
TT05133,U02759,20,Female,CR00003,Programming,Free,2025-01-03,0.0
TT05134,U02760,31,Male,CR00047,Artificial Intelligence,Paid,2025-09-25,89.59
TT05135,U02760,31,Male,CR00015,Business,Paid,2025-09-05,285.05
TT05136,U02760,31,Male,CR00021,Data Science,Free,2025-05-25,0.0
TT05137,U02761,31,Female,CR00035,Cybersecurity,Free,2025-09-01,0.0
TT05138,U02761,31,Female,CR00020,Marketing,Free,2025-12-12,0.0
TT05139,U02761,31,Female,CR00034,Cybersecurity,Paid,2025-12-02,394.26
TT05140,U02761,31,Female,CR00003,Programming,Free,2025-05-03,0.0
TT05141,U02762,21,Female,CR00051,Web Development,Paid,2025-02-01,37.89
TT05142,U02762,21,Female,CR00006,Design,Paid,2025-05-06,276.37
TT05143,U02763,28,Male,CR00011,Business,Paid,2025-10-17,326.02
TT05144,U02763,28,Male,CR00026,Machine Learning,Free,2025-10-01,0.0
TT05145,U02763,28,Male,CR00046,Artificial Intelligence,Paid,2025-10-04,248.1
TT05146,U02769,19,Male,CR00047,Artificial Intelligence,Paid,2025-10-14,89.59
TT05147,U02769,19,Male,CR00049,Artificial Intelligence,Paid,2025-03-10,415.51
TT05148,U02769,19,Male,CR00046,Artificial Intelligence,Paid,2025-03-01,248.1
TT05149,U02778,29,Male,CR00035,Cybersecurity,Free,2025-04-25,0.0
TT05150,U02778,29,Male,CR00027,Machine Learning,Free,2025-12-25,0.0
TT05151,U02778,29,Male,CR00043,Finance,Free,2025-04-08,0.0
TT05152,U02779,19,Female,CR00049,Artificial Intelligence,Paid,2025-06-24,415.51
TT05153,U02779,19,Female,CR00034,Cybersecurity,Paid,2025-10-02,394.26
TT05154,U02779,19,Female,CR00036,Project Management,Free,2025-07-27,0.0
TT05155,U02780,26,Female,CR00009,Design,Free,2025-07-01,0.0
TT05156,U02780,26,Female,CR00014,Business,Free,2025-02-16,0.0
TT05157,U02781,24,Female,CR00012,Business,Paid,2025-09-12,487.92
TT05158,U02781,24,Female,CR00056,Digital Marketing,Paid,2025-12-28,212.39
TT05159,U02781,24,Female,CR00031,Cybersecurity,Free,2025-06-19,0.0
TT05160,U02789,21,Male,CR00007,Design,Free,2025-01-01,0.0
TT05161,U02789,21,Male,CR00029,Machine Learning,Free,2025-11-01,0.0
TT05162,U02789,21,Male,CR00045,Finance,Free,2025-08-29,0.0
TT05163,U02789,21,Male,CR00060,Digital Marketing,Free,2025-07-22,0.0
TT05164,U02801,15,Female,CR00060,Digital Marketing,Free,2025-06-26,0.0
TT05165,U02801,15,Female,CR00028,Machine Learning,Paid,2025-04-28,0.78
TT05166,U02801,15,Female,CR00023,Data Science,Free,2025-04-20,0.0
TT05167,U02803,26,Male,CR00010,Design,Free,2025-12-09,0.0
TT05168,U02803,26,Male,CR00053,Web Development,Free,2025-04-16,0.0
TT05169,U02807,18,Female,CR00056,Digital Marketing,Paid,2025-06-20,212.39
TT05170,U02807,18,Female,CR00059,Digital Marketing,Free,2025-03-22,0.0
TT05171,U02807,18,Female,CR00039,Project Management,Paid,2025-05-25,346.71
TT05172,U02807,18,Female,CR00035,Cybersecurity,Free,2025-05-02,0.0
TT05173,U02808,35,Male,CR00017,Marketing,Free,2025-02-07,0.0
TT05174,U02808,35,Male,CR00020,Marketing,Free,2025-11-01,0.0
TT05175,U02815,15,Female,CR00056,Digital Marketing,Paid,2025-05-10,212.39
TT05176,U02815,15,Female,CR00045,Finance,Free,2025-09-21,0.0
TT05177,U02815,15,Female,CR00007,Design,Free,2025-03-21,0.0
TT05178,U02815,15,Female,CR00057,Digital Marketing,Paid,2025-04-28,177.34
TT05179,U02819,20,Female,CR00053,Web Development,Free,2025-04-05,0.0
TT05180,U02819,20,Female,CR00026,Machine Learning,Free,2025-08-09,0.0
TT05181,U02839,18,Female,CR00008,Design,Free,2025-09-19,0.0
TT05182,U02839,18,Female,CR00005,Programming,Free,2025-10-03,0.0
TT05183,U02839,18,Female,CR00019,Marketing,Free,2025-10-05,0.0
TT05184,U02839,18,Female,CR00033,Cybersecurity,Free,2025-12-18,0.0
TT05185,U02858,16,Female,CR00029,Machine Learning,Free,2025-09-20,0.0
TT05186,U02858,16,Female,CR00022,Data Science,Free,2025-12-25,0.0
TT05187,U02858,16,Female,CR00031,Cybersecurity,Free,2025-09-02,0.0
TT05188,U02858,16,Female,CR00005,Programming,Free,2025-04-28,0.0
TT05189,U02859,26,Female,CR00040,Project Management,Paid,2025-09-10,327.99
TT05190,U02859,26,Female,CR00011,Business,Paid,2025-03-20,326.02
TT05191,U02862,27,Male,CR00019,Marketing,Free,2025-07-23,0.0
TT05192,U02862,27,Male,CR00004,Programming,Free,2025-05-25,0.0
TT05193,U02866,20,Male,CR00011,Business,Paid,2025-02-20,326.02
TT05194,U02866,20,Male,CR00021,Data Science,Free,2025-08-20,0.0
TT05195,U02868,25,Male,CR00030,Machine Learning,Free,2025-07-03,0.0
TT05196,U02868,25,Male,CR00031,Cybersecurity,Free,2025-09-02,0.0
TT05197,U02872,21,Female,CR00038,Project Management,Paid,2025-01-09,342.61
TT05198,U02872,21,Female,CR00014,Business,Free,2025-04-26,0.0
TT05199,U02873,33,Female,CR00037,Project Management,Free,2025-05-25,0.0
TT05200,U02873,33,Female,CR00041,Finance,Paid,2025-05-01,53.86
TT05201,U02873,33,Female,CR00013,Business,Free,2025-01-05,0.0
TT05202,U02881,27,Male,CR00006,Design,Paid,2025-08-23,276.37
TT05203,U02881,27,Male,CR00059,Digital Marketing,Free,2025-06-19,0.0
TT05204,U02881,27,Male,CR00009,Design,Free,2025-12-01,0.0
TT05205,U02881,27,Male,CR00052,Web Development,Free,2025-05-09,0.0
TT05206,U02884,31,Female,CR00021,Data Science,Free,2025-07-15,0.0
TT05207,U02884,31,Female,CR00028,Machine Learning,Paid,2025-01-03,0.78
TT05208,U02884,31,Female,CR00059,Digital Marketing,Free,2025-07-29,0.0
TT05209,U02885,22,Male,CR00022,Data Science,Free,2025-11-28,0.0
TT05210,U02885,22,Male,CR00009,Design,Free,2025-07-14,0.0
TT05211,U02885,22,Male,CR00038,Project Management,Paid,2025-08-01,342.61
TT05212,U02886,35,Male,CR00047,Artificial Intelligence,Paid,2025-06-20,89.59
TT05213,U02886,35,Male,CR00036,Project Management,Free,2025-05-19,0.0
TT05214,U02886,35,Male,CR00014,Business,Free,2025-08-01,0.0
TT05215,U02887,30,Male,CR00009,Design,Free,2025-05-20,0.0
TT05216,U02887,30,Male,CR00057,Digital Marketing,Paid,2025-11-06,177.34
TT05217,U02887,30,Male,CR00031,Cybersecurity,Free,2025-08-03,0.0
TT05218,U02887,30,Male,CR00025,Data Science,Paid,2025-08-27,299.57
TT05219,U02890,18,Male,CR00059,Digital Marketing,Free,2025-03-28,0.0
TT05220,U02890,18,Male,CR00033,Cybersecurity,Free,2025-12-13,0.0
TT05221,U02891,27,Female,CR00015,Business,Paid,2025-02-06,285.05
TT05222,U02891,27,Female,CR00025,Data Science,Paid,2025-08-28,299.57
TT05223,U02891,27,Female,CR00024,Data Science,Paid,2025-03-20,117.68
TT05224,U02898,22,Female,CR00010,Design,Free,2025-03-23,0.0
TT05225,U02898,22,Female,CR00028,Machine Learning,Paid,2025-07-08,0.78
TT05226,U02898,22,Female,CR00006,Design,Paid,2025-12-20,276.37
TT05227,U02898,22,Female,CR00038,Project Management,Paid,2025-12-27,342.61
TT05228,U02906,24,Male,CR00001,Programming,Paid,2025-12-08,472.28
TT05229,U02906,24,Male,CR00044,Finance,Paid,2025-03-10,119.04
TT05230,U02906,24,Male,CR00043,Finance,Free,2025-05-11,0.0
TT05231,U02923,27,Male,CR00037,Project Management,Free,2025-03-20,0.0
TT05232,U02923,27,Male,CR00040,Project Management,Paid,2025-03-15,327.99
TT05233,U02923,27,Male,CR00050,Artificial Intelligence,Paid,2025-11-22,490.9
TT05234,U02925,18,Female,CR00010,Design,Free,2025-11-05,0.0
TT05235,U02925,18,Female,CR00021,Data Science,Free,2025-01-05,0.0
TT05236,U02925,18,Female,CR00034,Cybersecurity,Paid,2025-07-12,394.26
TT05237,U02925,18,Female,CR00044,Finance,Paid,2025-03-15,119.04
TT05238,U02935,25,Female,CR00049,Artificial Intelligence,Paid,2025-03-04,415.51
TT05239,U02935,25,Female,CR00015,Business,Paid,2025-03-13,285.05
TT05240,U02940,18,Female,CR00029,Machine Learning,Free,2025-05-11,0.0
TT05241,U02940,18,Female,CR00039,Project Management,Paid,2025-10-29,346.71
TT05242,U02940,18,Female,CR00058,Digital Marketing,Free,2025-11-19,0.0
TT05243,U02942,18,Male,CR00009,Design,Free,2025-12-13,0.0
TT05244,U02942,18,Male,CR00027,Machine Learning,Free,2025-01-11,0.0
TT05245,U02942,18,Male,CR00049,Artificial Intelligence,Paid,2025-08-17,415.51
TT05246,U02949,17,Female,CR00012,Business,Paid,2025-02-19,487.92
TT05247,U02949,17,Female,CR00025,Data Science,Paid,2025-12-16,299.57
TT05248,U02950,35,Male,CR00018,Marketing,Free,2025-05-19,0.0
TT05249,U02950,35,Male,CR00007,Design,Free,2025-11-04,0.0
TT05250,U02950,35,Male,CR00038,Project Management,Paid,2025-09-03,342.61
TT05251,U02950,35,Male,CR00009,Design,Free,2025-01-20,0.0
TT05252,U02952,32,Male,CR00009,Design,Free,2025-10-05,0.0
TT05253,U02952,32,Male,CR00048,Artificial Intelligence,Free,2025-05-04,0.0
TT05254,U02966,26,Female,CR00014,Business,Free,2025-06-15,0.0
TT05255,U02966,26,Female,CR00027,Machine Learning,Free,2025-06-04,0.0
TT05256,U02966,26,Female,CR00036,Project Management,Free,2025-05-11,0.0
TT05257,U02966,26,Female,CR00058,Digital Marketing,Free,2025-08-18,0.0
TT05258,U02972,35,Male,CR00050,Artificial Intelligence,Paid,2025-08-23,490.9
TT05259,U02972,35,Male,CR00047,Artificial Intelligence,Paid,2025-02-19,89.59
TT05260,U02978,18,Female,CR00005,Programming,Free,2025-08-22,0.0
TT05261,U02978,18,Female,CR00010,Design,Free,2025-06-04,0.0
TT05262,U02978,18,Female,CR00046,Artificial Intelligence,Paid,2025-10-08,248.1
TT05263,U02978,18,Female,CR00060,Digital Marketing,Free,2025-03-10,0.0
TT05264,U02986,16,Male,CR00038,Project Management,Paid,2025-09-28,342.61
TT05265,U02986,16,Male,CR00046,Artificial Intelligence,Paid,2025-05-18,248.1
TT05266,U02990,22,Male,CR00001,Programming,Paid,2025-09-25,472.28
TT05267,U02990,22,Male,CR00045,Finance,Free,2025-02-17,0.0
TT05268,U00038,35,Male,CR00033,Cybersecurity,Free,2025-08-24,0.0
TT05269,U00047,34,Male,CR00021,Data Science,Free,2025-09-05,0.0
TT05270,U00069,27,Female,CR00007,Design,Free,2025-08-24,0.0
TT05271,U00069,27,Female,CR00026,Machine Learning,Free,2025-02-16,0.0
TT05272,U00070,25,Female,CR00059,Digital Marketing,Free,2025-05-11,0.0
TT05273,U00070,25,Female,CR00016,Marketing,Free,2025-10-12,0.0
TT05274,U00072,17,Female,CR00011,Business,Paid,2025-04-16,326.02
TT05275,U00082,31,Male,CR00036,Project Management,Free,2025-06-30,0.0
TT05276,U00115,32,Female,CR00030,Machine Learning,Free,2025-08-02,0.0
TT05277,U00122,21,Female,CR00059,Digital Marketing,Free,2025-02-02,0.0
TT05278,U00122,21,Female,CR00029,Machine Learning,Free,2025-10-24,0.0
TT05279,U00154,29,Male,CR00046,Artificial Intelligence,Paid,2025-02-24,248.1
TT05280,U00162,26,Male,CR00045,Finance,Free,2025-05-01,0.0
TT05281,U00186,28,Female,CR00011,Business,Paid,2025-09-10,326.02
TT05282,U00186,28,Female,CR00037,Project Management,Free,2025-12-21,0.0
TT05283,U00204,28,Female,CR00045,Finance,Free,2025-10-01,0.0
TT05284,U00209,26,Male,CR00014,Business,Free,2025-08-14,0.0
TT05285,U00221,27,Male,CR00010,Design,Free,2025-11-28,0.0
TT05286,U00240,34,Female,CR00059,Digital Marketing,Free,2025-08-10,0.0
TT05287,U00240,34,Female,CR00013,Business,Free,2025-01-17,0.0
TT05288,U00241,23,Female,CR00035,Cybersecurity,Free,2025-02-18,0.0
TT05289,U00241,23,Female,CR00021,Data Science,Free,2025-06-30,0.0
TT05290,U00247,30,Female,CR00018,Marketing,Free,2025-05-29,0.0
TT05291,U00259,35,Male,CR00038,Project Management,Paid,2025-06-07,342.61
TT05292,U00269,22,Female,CR00033,Cybersecurity,Free,2025-06-03,0.0
TT05293,U00278,27,Male,CR00003,Programming,Free,2025-08-15,0.0
TT05294,U00283,28,Male,CR00058,Digital Marketing,Free,2025-08-15,0.0
TT05295,U00283,28,Male,CR00005,Programming,Free,2025-07-09,0.0
TT05296,U00284,30,Male,CR00038,Project Management,Paid,2025-01-19,342.61
TT05297,U00285,29,Female,CR00055,Web Development,Paid,2025-01-21,57.32
TT05298,U00307,33,Female,CR00002,Programming,Free,2025-08-29,0.0
TT05299,U00320,29,Male,CR00015,Business,Paid,2025-08-29,285.05
TT05300,U00337,29,Female,CR00030,Machine Learning,Free,2025-06-29,0.0
TT05301,U00342,26,Female,CR00026,Machine Learning,Free,2025-01-01,0.0
TT05302,U00344,17,Male,CR00033,Cybersecurity,Free,2025-01-11,0.0
TT05303,U00347,32,Female,CR00020,Marketing,Free,2025-01-22,0.0
TT05304,U00347,32,Female,CR00039,Project Management,Paid,2025-10-01,346.71
TT05305,U00348,30,Female,CR00025,Data Science,Paid,2025-04-14,299.57
TT05306,U00366,28,Male,CR00048,Artificial Intelligence,Free,2025-06-26,0.0
TT05307,U00366,28,Male,CR00037,Project Management,Free,2025-02-05,0.0
TT05308,U00370,17,Male,CR00044,Finance,Paid,2025-02-01,119.04
TT05309,U00370,17,Male,CR00012,Business,Paid,2025-11-10,487.92
TT05310,U00378,21,Female,CR00020,Marketing,Free,2025-11-01,0.0
TT05311,U00378,21,Female,CR00014,Business,Free,2025-07-05,0.0
TT05312,U00386,29,Female,CR00025,Data Science,Paid,2025-10-24,299.57
TT05313,U00386,29,Female,CR00009,Design,Free,2025-09-03,0.0
TT05314,U00389,27,Female,CR00031,Cybersecurity,Free,2025-11-14,0.0
TT05315,U00396,30,Male,CR00030,Machine Learning,Free,2025-11-12,0.0
TT05316,U00396,30,Male,CR00042,Finance,Free,2025-12-25,0.0
TT05317,U00408,19,Female,CR00014,Business,Free,2025-06-07,0.0
TT05318,U00419,21,Female,CR00028,Machine Learning,Paid,2025-03-01,0.78
TT05319,U00430,27,Male,CR00012,Business,Paid,2025-07-28,487.92
TT05320,U00446,19,Female,CR00054,Web Development,Free,2025-11-01,0.0
TT05321,U00446,19,Female,CR00041,Finance,Paid,2025-06-23,53.86
TT05322,U00456,24,Female,CR00023,Data Science,Free,2025-12-24,0.0
TT05323,U00456,24,Female,CR00060,Digital Marketing,Free,2025-08-17,0.0
TT05324,U00479,33,Male,CR00032,Cybersecurity,Free,2025-10-05,0.0
TT05325,U00479,33,Male,CR00054,Web Development,Free,2025-04-13,0.0
TT05326,U00487,15,Female,CR00022,Data Science,Free,2025-05-13,0.0
TT05327,U00487,15,Female,CR00023,Data Science,Free,2025-05-01,0.0
TT05328,U00488,20,Male,CR00044,Finance,Paid,2025-06-01,119.04
TT05329,U00488,20,Male,CR00007,Design,Free,2025-11-16,0.0
TT05330,U00502,22,Female,CR00028,Machine Learning,Paid,2025-04-23,0.78
TT05331,U00502,22,Female,CR00003,Programming,Free,2025-04-02,0.0
TT05332,U00505,17,Male,CR00042,Finance,Free,2025-09-11,0.0
TT05333,U00515,19,Female,CR00014,Business,Free,2025-08-09,0.0
TT05334,U00515,19,Female,CR00023,Data Science,Free,2025-11-23,0.0
TT05335,U00519,27,Female,CR00021,Data Science,Free,2025-08-20,0.0
TT05336,U00522,21,Male,CR00036,Project Management,Free,2025-01-23,0.0
TT05337,U00527,18,Male,CR00019,Marketing,Free,2025-06-24,0.0
TT05338,U00527,18,Male,CR00059,Digital Marketing,Free,2025-12-04,0.0
TT05339,U00529,25,Male,CR00052,Web Development,Free,2025-12-22,0.0
TT05340,U00529,25,Male,CR00018,Marketing,Free,2025-09-01,0.0
TT05341,U00535,23,Male,CR00049,Artificial Intelligence,Paid,2025-06-18,415.51
TT05342,U00535,23,Male,CR00033,Cybersecurity,Free,2025-07-06,0.0
TT05343,U00553,15,Male,CR00010,Design,Free,2025-09-10,0.0
TT05344,U00553,15,Male,CR00013,Business,Free,2025-10-14,0.0
TT05345,U00564,15,Male,CR00041,Finance,Paid,2025-10-18,53.86
TT05346,U00566,31,Male,CR00028,Machine Learning,Paid,2025-05-28,0.78
TT05347,U00566,31,Male,CR00059,Digital Marketing,Free,2025-12-16,0.0
TT05348,U00571,22,Female,CR00043,Finance,Free,2025-01-29,0.0
TT05349,U00571,22,Female,CR00009,Design,Free,2025-02-24,0.0
TT05350,U00586,21,Male,CR00025,Data Science,Paid,2025-09-20,299.57
TT05351,U00621,20,Male,CR00053,Web Development,Free,2025-12-19,0.0
TT05352,U00621,20,Male,CR00005,Programming,Free,2025-12-15,0.0
TT05353,U00623,23,Female,CR00044,Finance,Paid,2025-04-07,119.04
TT05354,U00623,23,Female,CR00059,Digital Marketing,Free,2025-08-28,0.0
TT05355,U00626,19,Male,CR00057,Digital Marketing,Paid,2025-05-16,177.34
TT05356,U00628,32,Female,CR00001,Programming,Paid,2025-09-19,472.28
TT05357,U00628,32,Female,CR00054,Web Development,Free,2025-11-19,0.0
TT05358,U00631,20,Male,CR00033,Cybersecurity,Free,2025-01-04,0.0
TT05359,U00631,20,Male,CR00010,Design,Free,2025-01-23,0.0
TT05360,U00637,22,Female,CR00001,Programming,Paid,2025-01-22,472.28
TT05361,U00637,22,Female,CR00055,Web Development,Paid,2025-12-18,57.32
TT05362,U00640,31,Male,CR00050,Artificial Intelligence,Paid,2025-03-02,490.9
TT05363,U00652,16,Female,CR00054,Web Development,Free,2025-04-01,0.0
TT05364,U00652,16,Female,CR00034,Cybersecurity,Paid,2025-01-24,394.26
TT05365,U00660,22,Male,CR00047,Artificial Intelligence,Paid,2025-05-10,89.59
TT05366,U00660,22,Male,CR00012,Business,Paid,2025-06-19,487.92
TT05367,U00662,30,Female,CR00015,Business,Paid,2025-12-04,285.05
TT05368,U00671,18,Female,CR00014,Business,Free,2025-04-01,0.0
TT05369,U00672,15,Male,CR00020,Marketing,Free,2025-10-09,0.0
TT05370,U00676,32,Male,CR00017,Marketing,Free,2025-09-02,0.0
TT05371,U00676,32,Male,CR00008,Design,Free,2025-09-20,0.0
TT05372,U00689,19,Female,CR00007,Design,Free,2025-02-05,0.0
TT05373,U00689,19,Female,CR00026,Machine Learning,Free,2025-02-28,0.0
TT05374,U00696,25,Male,CR00037,Project Management,Free,2025-05-25,0.0
TT05375,U00698,32,Female,CR00017,Marketing,Free,2025-07-20,0.0
TT05376,U00698,32,Female,CR00051,Web Development,Paid,2025-06-02,37.89
TT05377,U00736,19,Female,CR00026,Machine Learning,Free,2025-07-22,0.0
TT05378,U00737,18,Male,CR00024,Data Science,Paid,2025-05-15,117.68
TT05379,U00737,18,Male,CR00047,Artificial Intelligence,Paid,2025-01-29,89.59
TT05380,U00747,28,Female,CR00052,Web Development,Free,2025-10-24,0.0
TT05381,U00748,30,Female,CR00013,Business,Free,2025-01-15,0.0
TT05382,U00748,30,Female,CR00053,Web Development,Free,2025-11-01,0.0
TT05383,U00753,28,Male,CR00020,Marketing,Free,2025-09-06,0.0
TT05384,U00753,28,Male,CR00004,Programming,Free,2025-02-25,0.0
TT05385,U00764,18,Male,CR00019,Marketing,Free,2025-04-24,0.0
TT05386,U00764,18,Male,CR00018,Marketing,Free,2025-04-03,0.0
TT05387,U00771,18,Male,CR00015,Business,Paid,2025-01-19,285.05
TT05388,U00801,32,Female,CR00049,Artificial Intelligence,Paid,2025-01-02,415.51
TT05389,U00801,32,Female,CR00026,Machine Learning,Free,2025-09-19,0.0
TT05390,U00831,18,Male,CR00009,Design,Free,2025-07-21,0.0
TT05391,U00831,18,Male,CR00027,Machine Learning,Free,2025-08-01,0.0
TT05392,U00843,21,Male,CR00006,Design,Paid,2025-01-15,276.37
TT05393,U00845,25,Female,CR00041,Finance,Paid,2025-08-18,53.86
TT05394,U00853,24,Male,CR00020,Marketing,Free,2025-06-01,0.0
TT05395,U00853,24,Male,CR00030,Machine Learning,Free,2025-03-01,0.0
TT05396,U00867,30,Male,CR00007,Design,Free,2025-11-24,0.0
TT05397,U00875,23,Male,CR00055,Web Development,Paid,2025-09-07,57.32
TT05398,U00920,18,Female,CR00042,Finance,Free,2025-05-20,0.0
TT05399,U00921,26,Male,CR00012,Business,Paid,2025-07-12,487.92
TT05400,U00922,31,Female,CR00008,Design,Free,2025-02-12,0.0
TT05401,U00922,31,Female,CR00005,Programming,Free,2025-03-11,0.0
TT05402,U00925,31,Male,CR00059,Digital Marketing,Free,2025-11-28,0.0
TT05403,U00925,31,Male,CR00050,Artificial Intelligence,Paid,2025-03-06,490.9
TT05404,U00941,20,Female,CR00031,Cybersecurity,Free,2025-05-19,0.0
TT05405,U00941,20,Female,CR00015,Business,Paid,2025-07-30,285.05
TT05406,U00950,33,Female,CR00059,Digital Marketing,Free,2025-11-16,0.0
TT05407,U00952,22,Female,CR00003,Programming,Free,2025-05-04,0.0
TT05408,U00952,22,Female,CR00014,Business,Free,2025-04-07,0.0
TT05409,U00963,20,Female,CR00018,Marketing,Free,2025-05-23,0.0
TT05410,U00963,20,Female,CR00033,Cybersecurity,Free,2025-08-13,0.0
TT05411,U00977,33,Female,CR00019,Marketing,Free,2025-09-14,0.0
TT05412,U00988,21,Female,CR00032,Cybersecurity,Free,2025-07-11,0.0
TT05413,U00994,29,Female,CR00026,Machine Learning,Free,2025-03-14,0.0
TT05414,U00995,27,Female,CR00032,Cybersecurity,Free,2025-12-27,0.0
TT05415,U00995,27,Female,CR00052,Web Development,Free,2025-08-24,0.0
TT05416,U01003,35,Male,CR00013,Business,Free,2025-09-17,0.0
TT05417,U01030,23,Female,CR00016,Marketing,Free,2025-08-24,0.0
TT05418,U01036,35,Male,CR00045,Finance,Free,2025-03-19,0.0
TT05419,U01049,34,Male,CR00022,Data Science,Free,2025-08-10,0.0
TT05420,U01049,34,Male,CR00023,Data Science,Free,2025-04-13,0.0
TT05421,U01059,30,Male,CR00016,Marketing,Free,2025-11-27,0.0
TT05422,U01061,22,Female,CR00036,Project Management,Free,2025-03-05,0.0
TT05423,U01061,22,Female,CR00038,Project Management,Paid,2025-06-15,342.61
TT05424,U01089,17,Female,CR00060,Digital Marketing,Free,2025-05-06,0.0
TT05425,U01109,24,Female,CR00013,Business,Free,2025-12-15,0.0
TT05426,U01120,35,Female,CR00024,Data Science,Paid,2025-09-24,117.68
TT05427,U01135,22,Male,CR00007,Design,Free,2025-07-18,0.0
TT05428,U01144,29,Female,CR00039,Project Management,Paid,2025-03-02,346.71
TT05429,U01144,29,Female,CR00021,Data Science,Free,2025-01-01,0.0
TT05430,U01156,30,Male,CR00036,Project Management,Free,2025-05-18,0.0
TT05431,U01156,30,Male,CR00013,Business,Free,2025-05-25,0.0
TT05432,U01162,19,Female,CR00027,Machine Learning,Free,2025-02-18,0.0
TT05433,U01178,21,Female,CR00022,Data Science,Free,2025-08-18,0.0
TT05434,U01178,21,Female,CR00031,Cybersecurity,Free,2025-11-15,0.0
TT05435,U01179,31,Female,CR00039,Project Management,Paid,2025-11-13,346.71
TT05436,U01179,31,Female,CR00046,Artificial Intelligence,Paid,2025-03-29,248.1
TT05437,U01194,32,Female,CR00052,Web Development,Free,2025-01-22,0.0
TT05438,U01196,21,Female,CR00006,Design,Paid,2025-12-17,276.37
TT05439,U01196,21,Female,CR00028,Machine Learning,Paid,2025-12-08,0.78
TT05440,U01205,27,Male,CR00056,Digital Marketing,Paid,2025-01-10,212.39
TT05441,U01205,27,Male,CR00024,Data Science,Paid,2025-01-08,117.68
TT05442,U01210,22,Female,CR00010,Design,Free,2025-04-05,0.0
TT05443,U01226,31,Female,CR00005,Programming,Free,2025-04-28,0.0
TT05444,U01226,31,Female,CR00006,Design,Paid,2025-08-14,276.37
TT05445,U01232,27,Female,CR00022,Data Science,Free,2025-06-04,0.0
TT05446,U01248,16,Male,CR00028,Machine Learning,Paid,2025-10-21,0.78
TT05447,U01248,16,Male,CR00007,Design,Free,2025-07-29,0.0
TT05448,U01252,19,Female,CR00049,Artificial Intelligence,Paid,2025-09-06,415.51
TT05449,U01270,19,Male,CR00014,Business,Free,2025-10-07,0.0
TT05450,U01270,19,Male,CR00009,Design,Free,2025-08-01,0.0
TT05451,U01297,27,Male,CR00027,Machine Learning,Free,2025-07-21,0.0
TT05452,U01300,19,Male,CR00014,Business,Free,2025-06-02,0.0
TT05453,U01359,18,Female,CR00009,Design,Free,2025-11-11,0.0
TT05454,U01359,18,Female,CR00031,Cybersecurity,Free,2025-11-04,0.0
TT05455,U01363,25,Male,CR00021,Data Science,Free,2025-07-17,0.0
TT05456,U01363,25,Male,CR00019,Marketing,Free,2025-06-08,0.0
TT05457,U01368,24,Female,CR00052,Web Development,Free,2025-08-08,0.0
TT05458,U01378,35,Male,CR00009,Design,Free,2025-03-02,0.0
TT05459,U01378,35,Male,CR00001,Programming,Paid,2025-01-06,472.28
TT05460,U01379,22,Male,CR00029,Machine Learning,Free,2025-10-15,0.0
TT05461,U01379,22,Male,CR00025,Data Science,Paid,2025-11-13,299.57
TT05462,U01421,22,Male,CR00043,Finance,Free,2025-02-18,0.0
TT05463,U01422,16,Male,CR00042,Finance,Free,2025-06-11,0.0
TT05464,U01422,16,Male,CR00050,Artificial Intelligence,Paid,2025-05-18,490.9
TT05465,U01424,28,Female,CR00049,Artificial Intelligence,Paid,2025-07-17,415.51
TT05466,U01433,16,Female,CR00047,Artificial Intelligence,Paid,2025-12-04,89.59
TT05467,U01433,16,Female,CR00048,Artificial Intelligence,Free,2025-12-05,0.0
TT05468,U01443,17,Female,CR00048,Artificial Intelligence,Free,2025-04-18,0.0
TT05469,U01443,17,Female,CR00007,Design,Free,2025-05-17,0.0
TT05470,U01452,23,Male,CR00051,Web Development,Paid,2025-11-28,37.89
TT05471,U01452,23,Male,CR00024,Data Science,Paid,2025-06-18,117.68
TT05472,U01469,29,Female,CR00017,Marketing,Free,2025-10-30,0.0
TT05473,U01469,29,Female,CR00032,Cybersecurity,Free,2025-01-05,0.0
TT05474,U01474,20,Male,CR00052,Web Development,Free,2025-03-25,0.0
TT05475,U01474,20,Male,CR00053,Web Development,Free,2025-05-07,0.0
TT05476,U01476,35,Female,CR00011,Business,Paid,2025-04-03,326.02
TT05477,U01515,35,Female,CR00008,Design,Free,2025-10-06,0.0
TT05478,U01523,16,Male,CR00030,Machine Learning,Free,2025-04-04,0.0
TT05479,U01532,28,Female,CR00023,Data Science,Free,2025-01-26,0.0
TT05480,U01538,27,Female,CR00049,Artificial Intelligence,Paid,2025-12-10,415.51
TT05481,U01547,17,Male,CR00008,Design,Free,2025-03-09,0.0
TT05482,U01547,17,Male,CR00027,Machine Learning,Free,2025-11-22,0.0
TT05483,U01548,35,Female,CR00004,Programming,Free,2025-08-13,0.0
TT05484,U01576,35,Male,CR00033,Cybersecurity,Free,2025-09-21,0.0
TT05485,U01576,35,Male,CR00005,Programming,Free,2025-05-19,0.0
TT05486,U01581,30,Male,CR00051,Web Development,Paid,2025-06-09,37.89
TT05487,U01581,30,Male,CR00057,Digital Marketing,Paid,2025-03-11,177.34
TT05488,U01583,30,Female,CR00037,Project Management,Free,2025-07-18,0.0
TT05489,U01597,21,Female,CR00025,Data Science,Paid,2025-01-02,299.57
TT05490,U01599,29,Female,CR00019,Marketing,Free,2025-08-15,0.0
TT05491,U01603,32,Male,CR00047,Artificial Intelligence,Paid,2025-03-15,89.59
TT05492,U01603,32,Male,CR00045,Finance,Free,2025-09-19,0.0
TT05493,U01609,15,Male,CR00052,Web Development,Free,2025-08-26,0.0
TT05494,U01622,15,Female,CR00028,Machine Learning,Paid,2025-03-01,0.78
TT05495,U01634,35,Male,CR00023,Data Science,Free,2025-12-02,0.0
TT05496,U01636,19,Male,CR00010,Design,Free,2025-05-09,0.0
TT05497,U01638,26,Male,CR00052,Web Development,Free,2025-08-26,0.0
TT05498,U01640,23,Female,CR00016,Marketing,Free,2025-07-29,0.0
TT05499,U01646,28,Female,CR00002,Programming,Free,2025-05-09,0.0
TT05500,U01652,35,Male,CR00033,Cybersecurity,Free,2025-10-09,0.0
TT05501,U01652,35,Male,CR00040,Project Management,Paid,2025-02-16,327.99
TT05502,U01688,28,Female,CR00054,Web Development,Free,2025-03-26,0.0
TT05503,U01688,28,Female,CR00019,Marketing,Free,2025-01-15,0.0
TT05504,U01697,35,Male,CR00060,Digital Marketing,Free,2025-03-30,0.0
TT05505,U01738,16,Female,CR00010,Design,Free,2025-09-08,0.0
TT05506,U01742,30,Female,CR00042,Finance,Free,2025-07-05,0.0
TT05507,U01742,30,Female,CR00043,Finance,Free,2025-12-06,0.0
TT05508,U01764,30,Male,CR00058,Digital Marketing,Free,2025-08-02,0.0
TT05509,U01764,30,Male,CR00015,Business,Paid,2025-10-20,285.05
TT05510,U01776,30,Female,CR00014,Business,Free,2025-11-09,0.0
TT05511,U01776,30,Female,CR00060,Digital Marketing,Free,2025-05-03,0.0
TT05512,U01785,34,Female,CR00026,Machine Learning,Free,2025-06-10,0.0
TT05513,U01787,30,Female,CR00057,Digital Marketing,Paid,2025-09-19,177.34
TT05514,U01787,30,Female,CR00047,Artificial Intelligence,Paid,2025-02-18,89.59
TT05515,U01792,15,Male,CR00041,Finance,Paid,2025-08-08,53.86
TT05516,U01804,20,Female,CR00058,Digital Marketing,Free,2025-04-24,0.0
TT05517,U01804,20,Female,CR00019,Marketing,Free,2025-03-10,0.0
TT05518,U01807,31,Male,CR00019,Marketing,Free,2025-09-04,0.0
TT05519,U01807,31,Male,CR00050,Artificial Intelligence,Paid,2025-01-25,490.9
TT05520,U01816,21,Male,CR00022,Data Science,Free,2025-03-30,0.0
TT05521,U01816,21,Male,CR00060,Digital Marketing,Free,2025-10-28,0.0
TT05522,U01831,34,Female,CR00001,Programming,Paid,2025-09-28,472.28
TT05523,U01835,27,Male,CR00017,Marketing,Free,2025-12-07,0.0
TT05524,U01835,27,Male,CR00016,Marketing,Free,2025-12-01,0.0
TT05525,U01843,19,Female,CR00053,Web Development,Free,2025-04-06,0.0
TT05526,U01846,21,Female,CR00024,Data Science,Paid,2025-03-20,117.68
TT05527,U01846,21,Female,CR00035,Cybersecurity,Free,2025-01-02,0.0
TT05528,U01856,27,Male,CR00023,Data Science,Free,2025-02-26,0.0
TT05529,U01868,27,Female,CR00031,Cybersecurity,Free,2025-12-23,0.0
TT05530,U01868,27,Female,CR00043,Finance,Free,2025-03-16,0.0
TT05531,U01892,16,Male,CR00052,Web Development,Free,2025-04-30,0.0
TT05532,U01895,35,Female,CR00023,Data Science,Free,2025-07-10,0.0
TT05533,U01907,15,Male,CR00060,Digital Marketing,Free,2025-12-23,0.0
TT05534,U01907,15,Male,CR00047,Artificial Intelligence,Paid,2025-05-30,89.59
TT05535,U01922,21,Male,CR00031,Cybersecurity,Free,2025-02-06,0.0
TT05536,U01922,21,Male,CR00036,Project Management,Free,2025-02-20,0.0
TT05537,U01924,20,Male,CR00054,Web Development,Free,2025-12-11,0.0
TT05538,U01924,20,Male,CR00047,Artificial Intelligence,Paid,2025-04-07,89.59
TT05539,U01927,27,Female,CR00023,Data Science,Free,2025-12-27,0.0
TT05540,U01935,33,Female,CR00002,Programming,Free,2025-04-25,0.0
TT05541,U01938,33,Female,CR00050,Artificial Intelligence,Paid,2025-09-15,490.9
TT05542,U01938,33,Female,CR00043,Finance,Free,2025-10-24,0.0
TT05543,U01944,19,Female,CR00042,Finance,Free,2025-09-11,0.0
TT05544,U01944,19,Female,CR00022,Data Science,Free,2025-07-09,0.0
TT05545,U01999,17,Female,CR00049,Artificial Intelligence,Paid,2025-03-20,415.51
TT05546,U01999,17,Female,CR00050,Artificial Intelligence,Paid,2025-07-10,490.9
TT05547,U02016,25,Male,CR00048,Artificial Intelligence,Free,2025-12-20,0.0
TT05548,U02024,24,Female,CR00013,Business,Free,2025-08-04,0.0
TT05549,U02024,24,Female,CR00058,Digital Marketing,Free,2025-11-18,0.0
TT05550,U02026,19,Female,CR00029,Machine Learning,Free,2025-04-15,0.0
TT05551,U02028,35,Female,CR00053,Web Development,Free,2025-08-17,0.0
TT05552,U02028,35,Female,CR00007,Design,Free,2025-01-19,0.0
TT05553,U02075,26,Male,CR00042,Finance,Free,2025-12-26,0.0
TT05554,U02080,33,Male,CR00038,Project Management,Paid,2025-06-06,342.61
TT05555,U02080,33,Male,CR00050,Artificial Intelligence,Paid,2025-12-29,490.9
TT05556,U02081,19,Female,CR00044,Finance,Paid,2025-03-07,119.04
TT05557,U02081,19,Female,CR00008,Design,Free,2025-06-05,0.0
TT05558,U02083,27,Female,CR00052,Web Development,Free,2025-06-07,0.0
TT05559,U02083,27,Female,CR00012,Business,Paid,2025-04-29,487.92
TT05560,U02089,16,Female,CR00048,Artificial Intelligence,Free,2025-02-02,0.0
TT05561,U02099,21,Female,CR00034,Cybersecurity,Paid,2025-03-27,394.26
TT05562,U02107,31,Male,CR00048,Artificial Intelligence,Free,2025-12-04,0.0
TT05563,U02107,31,Male,CR00045,Finance,Free,2025-11-16,0.0
TT05564,U02112,22,Female,CR00036,Project Management,Free,2025-07-03,0.0
TT05565,U02112,22,Female,CR00022,Data Science,Free,2025-06-23,0.0
TT05566,U02123,32,Male,CR00042,Finance,Free,2025-09-18,0.0
TT05567,U02123,32,Male,CR00049,Artificial Intelligence,Paid,2025-11-05,415.51
TT05568,U02160,21,Female,CR00018,Marketing,Free,2025-09-23,0.0
TT05569,U02169,32,Female,CR00031,Cybersecurity,Free,2025-09-04,0.0
TT05570,U02179,27,Female,CR00019,Marketing,Free,2025-03-20,0.0
TT05571,U02179,27,Female,CR00002,Programming,Free,2025-04-25,0.0
TT05572,U02184,20,Female,CR00057,Digital Marketing,Paid,2025-05-24,177.34
TT05573,U02184,20,Female,CR00022,Data Science,Free,2025-01-25,0.0
TT05574,U02189,18,Male,CR00035,Cybersecurity,Free,2025-07-24,0.0
TT05575,U02192,22,Female,CR00026,Machine Learning,Free,2025-06-23,0.0
TT05576,U02192,22,Female,CR00018,Marketing,Free,2025-06-25,0.0
TT05577,U02236,24,Female,CR00030,Machine Learning,Free,2025-10-17,0.0
TT05578,U02249,25,Female,CR00024,Data Science,Paid,2025-06-24,117.68
TT05579,U02249,25,Female,CR00007,Design,Free,2025-06-19,0.0
TT05580,U02264,28,Female,CR00005,Programming,Free,2025-06-04,0.0
TT05581,U02264,28,Female,CR00049,Artificial Intelligence,Paid,2025-04-28,415.51
TT05582,U02269,32,Male,CR00059,Digital Marketing,Free,2025-12-09,0.0
TT05583,U02274,16,Male,CR00057,Digital Marketing,Paid,2025-03-02,177.34
TT05584,U02274,16,Male,CR00010,Design,Free,2025-11-06,0.0
TT05585,U02275,23,Female,CR00059,Digital Marketing,Free,2025-11-05,0.0
TT05586,U02275,23,Female,CR00017,Marketing,Free,2025-08-06,0.0
TT05587,U02279,29,Female,CR00052,Web Development,Free,2025-09-15,0.0
TT05588,U02285,28,Female,CR00004,Programming,Free,2025-01-15,0.0
TT05589,U02285,28,Female,CR00057,Digital Marketing,Paid,2025-08-07,177.34
TT05590,U02307,22,Male,CR00046,Artificial Intelligence,Paid,2025-09-28,248.1
TT05591,U02308,15,Female,CR00019,Marketing,Free,2025-11-26,0.0
TT05592,U02340,20,Male,CR00026,Machine Learning,Free,2025-06-23,0.0
TT05593,U02340,20,Male,CR00051,Web Development,Paid,2025-05-06,37.89
TT05594,U02377,35,Male,CR00058,Digital Marketing,Free,2025-12-15,0.0
TT05595,U02377,35,Male,CR00014,Business,Free,2025-08-16,0.0
TT05596,U02387,31,Male,CR00008,Design,Free,2025-05-05,0.0
TT05597,U02389,33,Male,CR00014,Business,Free,2025-08-14,0.0
TT05598,U02389,33,Male,CR00057,Digital Marketing,Paid,2025-07-25,177.34
TT05599,U02392,21,Male,CR00037,Project Management,Free,2025-01-19,0.0
TT05600,U02392,21,Male,CR00056,Digital Marketing,Paid,2025-07-25,212.39
TT05601,U02404,28,Male,CR00036,Project Management,Free,2025-06-09,0.0
TT05602,U02404,28,Male,CR00041,Finance,Paid,2025-06-22,53.86
TT05603,U02412,15,Female,CR00019,Marketing,Free,2025-09-26,0.0
TT05604,U02413,25,Male,CR00017,Marketing,Free,2025-08-23,0.0
TT05605,U02413,25,Male,CR00042,Finance,Free,2025-03-08,0.0
TT05606,U02418,23,Male,CR00030,Machine Learning,Free,2025-05-27,0.0
TT05607,U02423,32,Female,CR00024,Data Science,Paid,2025-07-13,117.68
TT05608,U02423,32,Female,CR00040,Project Management,Paid,2025-10-10,327.99
TT05609,U02433,15,Female,CR00024,Data Science,Paid,2025-04-17,117.68
TT05610,U02443,22,Female,CR00055,Web Development,Paid,2025-11-03,57.32
TT05611,U02443,22,Female,CR00051,Web Development,Paid,2025-05-14,37.89
TT05612,U02461,15,Female,CR00014,Business,Free,2025-04-26,0.0
TT05613,U02461,15,Female,CR00032,Cybersecurity,Free,2025-06-23,0.0
TT05614,U02492,19,Male,CR00033,Cybersecurity,Free,2025-05-16,0.0
TT05615,U02495,28,Male,CR00058,Digital Marketing,Free,2025-01-27,0.0
TT05616,U02495,28,Male,CR00047,Artificial Intelligence,Paid,2025-06-26,89.59
TT05617,U02517,30,Female,CR00024,Data Science,Paid,2025-04-07,117.68
TT05618,U02517,30,Female,CR00039,Project Management,Paid,2025-06-25,346.71
TT05619,U02519,29,Male,CR00047,Artificial Intelligence,Paid,2025-09-21,89.59
TT05620,U02519,29,Male,CR00022,Data Science,Free,2025-09-20,0.0
TT05621,U02522,21,Female,CR00024,Data Science,Paid,2025-12-04,117.68
TT05622,U02523,31,Male,CR00045,Finance,Free,2025-10-18,0.0
TT05623,U02532,26,Male,CR00023,Data Science,Free,2025-02-13,0.0
TT05624,U02536,16,Male,CR00053,Web Development,Free,2025-10-06,0.0
TT05625,U02536,16,Male,CR00052,Web Development,Free,2025-09-23,0.0
TT05626,U02570,25,Female,CR00001,Programming,Paid,2025-11-23,472.28
TT05627,U02575,30,Female,CR00029,Machine Learning,Free,2025-05-12,0.0
TT05628,U02575,30,Female,CR00015,Business,Paid,2025-11-20,285.05
TT05629,U02585,32,Male,CR00044,Finance,Paid,2025-06-19,119.04
TT05630,U02585,32,Male,CR00039,Project Management,Paid,2025-06-08,346.71
TT05631,U02587,30,Male,CR00003,Programming,Free,2025-12-16,0.0
TT05632,U02587,30,Male,CR00015,Business,Paid,2025-06-01,285.05
TT05633,U02592,15,Male,CR00001,Programming,Paid,2025-10-28,472.28
TT05634,U02592,15,Male,CR00035,Cybersecurity,Free,2025-09-29,0.0
TT05635,U02597,17,Female,CR00056,Digital Marketing,Paid,2025-03-19,212.39
TT05636,U02597,17,Female,CR00055,Web Development,Paid,2025-12-02,57.32
TT05637,U02619,24,Female,CR00056,Digital Marketing,Paid,2025-04-26,212.39
TT05638,U02648,28,Female,CR00022,Data Science,Free,2025-09-24,0.0
TT05639,U02650,29,Female,CR00046,Artificial Intelligence,Paid,2025-02-11,248.1
TT05640,U02650,29,Female,CR00036,Project Management,Free,2025-04-30,0.0
TT05641,U02660,31,Female,CR00007,Design,Free,2025-09-05,0.0
TT05642,U02680,19,Female,CR00037,Project Management,Free,2025-12-06,0.0
TT05643,U02694,30,Female,CR00040,Project Management,Paid,2025-06-15,327.99
TT05644,U02694,30,Female,CR00025,Data Science,Paid,2025-04-05,299.57
TT05645,U02702,15,Male,CR00029,Machine Learning,Free,2025-09-30,0.0
TT05646,U02702,15,Male,CR00060,Digital Marketing,Free,2025-08-06,0.0
TT05647,U02704,23,Female,CR00031,Cybersecurity,Free,2025-07-25,0.0
TT05648,U02705,31,Male,CR00034,Cybersecurity,Paid,2025-01-12,394.26
TT05649,U02705,31,Male,CR00007,Design,Free,2025-06-03,0.0
TT05650,U02710,23,Female,CR00011,Business,Paid,2025-08-11,326.02
TT05651,U02711,20,Male,CR00035,Cybersecurity,Free,2025-03-12,0.0
TT05652,U02711,20,Male,CR00020,Marketing,Free,2025-01-08,0.0
TT05653,U02715,22,Male,CR00013,Business,Free,2025-09-28,0.0
TT05654,U02715,22,Male,CR00002,Programming,Free,2025-12-25,0.0
TT05655,U02716,27,Female,CR00022,Data Science,Free,2025-05-11,0.0
TT05656,U02716,27,Female,CR00058,Digital Marketing,Free,2025-08-24,0.0
TT05657,U02718,27,Male,CR00042,Finance,Free,2025-12-30,0.0
TT05658,U02719,29,Male,CR00031,Cybersecurity,Free,2025-07-19,0.0
TT05659,U02729,20,Male,CR00034,Cybersecurity,Paid,2025-09-27,394.26
TT05660,U02756,32,Female,CR00007,Design,Free,2025-06-28,0.0
TT05661,U02756,32,Female,CR00011,Business,Paid,2025-07-17,326.02
TT05662,U02768,34,Female,CR00001,Programming,Paid,2025-05-06,472.28
TT05663,U02768,34,Female,CR00021,Data Science,Free,2025-04-05,0.0
TT05664,U02771,18,Female,CR00028,Machine Learning,Paid,2025-05-18,0.78
TT05665,U02776,20,Female,CR00013,Business,Free,2025-03-15,0.0
TT05666,U02776,20,Female,CR00005,Programming,Free,2025-11-25,0.0
TT05667,U02784,23,Male,CR00053,Web Development,Free,2025-12-07,0.0
TT05668,U02784,23,Male,CR00046,Artificial Intelligence,Paid,2025-08-28,248.1
TT05669,U02810,18,Female,CR00060,Digital Marketing,Free,2025-02-10,0.0
TT05670,U02823,31,Male,CR00059,Digital Marketing,Free,2025-01-29,0.0
TT05671,U02823,31,Male,CR00033,Cybersecurity,Free,2025-08-15,0.0
TT05672,U02831,22,Female,CR00010,Design,Free,2025-02-06,0.0
TT05673,U02833,21,Female,CR00004,Programming,Free,2025-11-24,0.0
TT05674,U02833,21,Female,CR00038,Project Management,Paid,2025-12-29,342.61
TT05675,U02841,27,Female,CR00022,Data Science,Free,2025-09-29,0.0
TT05676,U02847,27,Male,CR00042,Finance,Free,2025-05-01,0.0
TT05677,U02856,19,Female,CR00001,Programming,Paid,2025-04-08,472.28
TT05678,U02867,19,Male,CR00003,Programming,Free,2025-10-04,0.0
TT05679,U02867,19,Male,CR00057,Digital Marketing,Paid,2025-07-09,177.34
TT05680,U02912,27,Male,CR00056,Digital Marketing,Paid,2025-07-10,212.39
TT05681,U02912,27,Male,CR00053,Web Development,Free,2025-11-03,0.0
TT05682,U02922,25,Male,CR00002,Programming,Free,2025-12-19,0.0
TT05683,U02954,35,Female,CR00032,Cybersecurity,Free,2025-06-20,0.0
TT05684,U02954,35,Female,CR00012,Business,Paid,2025-08-24,487.92
TT05685,U02970,34,Male,CR00028,Machine Learning,Paid,2025-12-24,0.78
TT05686,U02970,34,Male,CR00047,Artificial Intelligence,Paid,2025-07-15,89.59
TT05687,U02987,26,Male,CR00003,Programming,Free,2025-11-18,0.0
TT05688,U02998,33,Male,CR00051,Web Development,Paid,2025-11-08,37.89
TT05689,U00003,33,Female,CR00017,Marketing,Free,2025-03-05,0.0
TT05690,U00004,23,Female,CR00030,Machine Learning,Free,2025-09-21,0.0
TT05691,U00013,33,Female,CR00040,Project Management,Paid,2025-03-26,327.99
TT05692,U00015,27,Female,CR00057,Digital Marketing,Paid,2025-01-16,177.34
TT05693,U00018,24,Female,CR00030,Machine Learning,Free,2025-06-10,0.0
TT05694,U00028,30,Female,CR00043,Finance,Free,2025-06-17,0.0
TT05695,U00045,23,Female,CR00022,Data Science,Free,2025-03-02,0.0
TT05696,U00048,19,Male,CR00060,Digital Marketing,Free,2025-06-15,0.0
TT05697,U00055,31,Female,CR00050,Artificial Intelligence,Paid,2025-11-05,490.9
TT05698,U00071,30,Female,CR00052,Web Development,Free,2025-08-05,0.0
TT05699,U00083,16,Male,CR00020,Marketing,Free,2025-05-18,0.0
TT05700,U00085,22,Female,CR00031,Cybersecurity,Free,2025-02-16,0.0
TT05701,U00109,15,Female,CR00022,Data Science,Free,2025-06-02,0.0
TT05702,U00112,34,Female,CR00019,Marketing,Free,2025-07-13,0.0
TT05703,U00117,19,Female,CR00050,Artificial Intelligence,Paid,2025-09-11,490.9
TT05704,U00126,23,Female,CR00022,Data Science,Free,2025-07-24,0.0
TT05705,U00128,35,Female,CR00037,Project Management,Free,2025-05-18,0.0
TT05706,U00133,21,Male,CR00031,Cybersecurity,Free,2025-05-11,0.0
TT05707,U00134,26,Female,CR00027,Machine Learning,Free,2025-11-13,0.0
TT05708,U00144,24,Female,CR00039,Project Management,Paid,2025-10-21,346.71
TT05709,U00147,30,Male,CR00019,Marketing,Free,2025-09-23,0.0
TT05710,U00149,17,Female,CR00043,Finance,Free,2025-02-21,0.0
TT05711,U00152,19,Female,CR00011,Business,Paid,2025-12-29,326.02
TT05712,U00161,25,Female,CR00031,Cybersecurity,Free,2025-07-02,0.0
TT05713,U00166,33,Male,CR00028,Machine Learning,Paid,2025-04-23,0.78
TT05714,U00173,31,Male,CR00017,Marketing,Free,2025-10-13,0.0
TT05715,U00177,29,Female,CR00043,Finance,Free,2025-12-05,0.0
TT05716,U00178,20,Male,CR00017,Marketing,Free,2025-03-16,0.0
TT05717,U00191,34,Male,CR00012,Business,Paid,2025-05-03,487.92
TT05718,U00198,30,Female,CR00015,Business,Paid,2025-09-20,285.05
TT05719,U00208,18,Female,CR00007,Design,Free,2025-11-04,0.0
TT05720,U00216,23,Male,CR00040,Project Management,Paid,2025-11-10,327.99
TT05721,U00220,20,Male,CR00054,Web Development,Free,2025-06-03,0.0
TT05722,U00251,28,Female,CR00021,Data Science,Free,2025-11-19,0.0
TT05723,U00260,35,Male,CR00001,Programming,Paid,2025-08-16,472.28
TT05724,U00265,15,Male,CR00016,Marketing,Free,2025-02-12,0.0
TT05725,U00272,25,Male,CR00003,Programming,Free,2025-12-21,0.0
TT05726,U00282,19,Male,CR00032,Cybersecurity,Free,2025-04-04,0.0
TT05727,U00292,33,Male,CR00026,Machine Learning,Free,2025-10-17,0.0
TT05728,U00293,25,Female,CR00053,Web Development,Free,2025-02-27,0.0
TT05729,U00298,32,Male,CR00020,Marketing,Free,2025-03-18,0.0
TT05730,U00301,26,Male,CR00005,Programming,Free,2025-09-30,0.0
TT05731,U00303,35,Male,CR00015,Business,Paid,2025-08-05,285.05
TT05732,U00310,26,Female,CR00028,Machine Learning,Paid,2025-12-21,0.78
TT05733,U00315,31,Female,CR00047,Artificial Intelligence,Paid,2025-07-03,89.59
TT05734,U00321,28,Male,CR00010,Design,Free,2025-11-16,0.0
TT05735,U00322,23,Male,CR00054,Web Development,Free,2025-08-02,0.0
TT05736,U00323,21,Female,CR00008,Design,Free,2025-02-07,0.0
TT05737,U00328,29,Female,CR00002,Programming,Free,2025-02-14,0.0
TT05738,U00329,20,Female,CR00022,Data Science,Free,2025-09-10,0.0
TT05739,U00330,15,Female,CR00025,Data Science,Paid,2025-09-12,299.57
TT05740,U00334,24,Female,CR00008,Design,Free,2025-10-07,0.0
TT05741,U00338,23,Female,CR00016,Marketing,Free,2025-01-05,0.0
TT05742,U00339,29,Male,CR00006,Design,Paid,2025-10-21,276.37
TT05743,U00340,30,Male,CR00013,Business,Free,2025-04-08,0.0
TT05744,U00345,16,Male,CR00048,Artificial Intelligence,Free,2025-02-17,0.0
TT05745,U00351,18,Female,CR00031,Cybersecurity,Free,2025-11-16,0.0
TT05746,U00352,28,Male,CR00015,Business,Paid,2025-10-06,285.05
TT05747,U00353,34,Female,CR00039,Project Management,Paid,2025-12-22,346.71
TT05748,U00356,21,Female,CR00053,Web Development,Free,2025-04-10,0.0
TT05749,U00357,15,Female,CR00043,Finance,Free,2025-12-16,0.0
TT05750,U00362,16,Male,CR00059,Digital Marketing,Free,2025-11-26,0.0
TT05751,U00365,30,Female,CR00018,Marketing,Free,2025-08-24,0.0
TT05752,U00379,20,Male,CR00056,Digital Marketing,Paid,2025-07-28,212.39
TT05753,U00383,29,Female,CR00007,Design,Free,2025-01-26,0.0
TT05754,U00404,21,Female,CR00016,Marketing,Free,2025-06-21,0.0
TT05755,U00406,33,Male,CR00023,Data Science,Free,2025-12-10,0.0
TT05756,U00407,23,Male,CR00016,Marketing,Free,2025-03-29,0.0
TT05757,U00415,31,Female,CR00008,Design,Free,2025-12-25,0.0
TT05758,U00423,27,Female,CR00046,Artificial Intelligence,Paid,2025-08-05,248.1
TT05759,U00424,35,Male,CR00029,Machine Learning,Free,2025-05-25,0.0
TT05760,U00427,29,Female,CR00017,Marketing,Free,2025-08-19,0.0
TT05761,U00438,21,Male,CR00014,Business,Free,2025-03-21,0.0
TT05762,U00444,15,Female,CR00012,Business,Paid,2025-12-24,487.92
TT05763,U00449,33,Female,CR00036,Project Management,Free,2025-06-26,0.0
TT05764,U00464,25,Male,CR00031,Cybersecurity,Free,2025-06-06,0.0
TT05765,U00494,26,Male,CR00018,Marketing,Free,2025-01-10,0.0
TT05766,U00543,18,Female,CR00005,Programming,Free,2025-11-19,0.0
TT05767,U00548,32,Female,CR00014,Business,Free,2025-03-22,0.0
TT05768,U00556,25,Female,CR00028,Machine Learning,Paid,2025-06-02,0.78
TT05769,U00559,20,Male,CR00008,Design,Free,2025-04-12,0.0
TT05770,U00562,23,Female,CR00029,Machine Learning,Free,2025-04-18,0.0
TT05771,U00569,15,Female,CR00045,Finance,Free,2025-07-24,0.0
TT05772,U00570,27,Male,CR00028,Machine Learning,Paid,2025-05-02,0.78
TT05773,U00572,32,Male,CR00053,Web Development,Free,2025-10-13,0.0
TT05774,U00573,30,Male,CR00036,Project Management,Free,2025-03-11,0.0
TT05775,U00574,33,Female,CR00055,Web Development,Paid,2025-06-26,57.32
TT05776,U00576,16,Male,CR00017,Marketing,Free,2025-12-07,0.0
TT05777,U00584,31,Female,CR00038,Project Management,Paid,2025-08-02,342.61
TT05778,U00592,18,Female,CR00033,Cybersecurity,Free,2025-02-05,0.0
TT05779,U00595,29,Male,CR00054,Web Development,Free,2025-05-04,0.0
TT05780,U00604,30,Female,CR00007,Design,Free,2025-04-03,0.0
TT05781,U00619,32,Female,CR00026,Machine Learning,Free,2025-12-18,0.0
TT05782,U00622,28,Female,CR00039,Project Management,Paid,2025-12-23,346.71
TT05783,U00633,35,Female,CR00002,Programming,Free,2025-12-19,0.0
TT05784,U00636,21,Female,CR00007,Design,Free,2025-09-25,0.0
TT05785,U00639,33,Female,CR00024,Data Science,Paid,2025-06-03,117.68
TT05786,U00666,30,Female,CR00008,Design,Free,2025-07-28,0.0
TT05787,U00701,32,Male,CR00012,Business,Paid,2025-03-01,487.92
TT05788,U00704,30,Male,CR00019,Marketing,Free,2025-08-11,0.0
TT05789,U00709,23,Female,CR00045,Finance,Free,2025-10-23,0.0
TT05790,U00723,35,Male,CR00036,Project Management,Free,2025-03-03,0.0
TT05791,U00724,16,Female,CR00010,Design,Free,2025-08-20,0.0
TT05792,U00752,30,Male,CR00005,Programming,Free,2025-06-18,0.0
TT05793,U00760,21,Female,CR00026,Machine Learning,Free,2025-09-14,0.0
TT05794,U00765,31,Female,CR00022,Data Science,Free,2025-05-28,0.0
TT05795,U00767,16,Female,CR00024,Data Science,Paid,2025-09-18,117.68
TT05796,U00772,24,Female,CR00037,Project Management,Free,2025-12-11,0.0
TT05797,U00775,29,Female,CR00030,Machine Learning,Free,2025-12-28,0.0
TT05798,U00786,32,Female,CR00022,Data Science,Free,2025-12-20,0.0
TT05799,U00819,28,Female,CR00038,Project Management,Paid,2025-04-16,342.61
TT05800,U00821,23,Male,CR00036,Project Management,Free,2025-07-04,0.0
TT05801,U00829,22,Male,CR00049,Artificial Intelligence,Paid,2025-10-02,415.51
TT05802,U00836,29,Female,CR00056,Digital Marketing,Paid,2025-11-03,212.39
TT05803,U00838,25,Female,CR00045,Finance,Free,2025-06-27,0.0
TT05804,U00850,26,Male,CR00037,Project Management,Free,2025-10-14,0.0
TT05805,U00852,23,Male,CR00052,Web Development,Free,2025-10-17,0.0
TT05806,U00858,20,Male,CR00003,Programming,Free,2025-11-27,0.0
TT05807,U00870,22,Male,CR00017,Marketing,Free,2025-11-12,0.0
TT05808,U00874,25,Male,CR00038,Project Management,Paid,2025-05-12,342.61
TT05809,U00876,27,Male,CR00048,Artificial Intelligence,Free,2025-08-19,0.0
TT05810,U00881,34,Female,CR00025,Data Science,Paid,2025-11-03,299.57
TT05811,U00893,15,Male,CR00022,Data Science,Free,2025-10-14,0.0
TT05812,U00898,24,Female,CR00016,Marketing,Free,2025-10-07,0.0
TT05813,U00903,29,Female,CR00012,Business,Paid,2025-09-28,487.92
TT05814,U00911,15,Female,CR00022,Data Science,Free,2025-04-06,0.0
TT05815,U00915,24,Female,CR00036,Project Management,Free,2025-03-28,0.0
TT05816,U00917,28,Female,CR00027,Machine Learning,Free,2025-08-08,0.0
TT05817,U00919,28,Male,CR00004,Programming,Free,2025-07-02,0.0
TT05818,U00928,33,Female,CR00041,Finance,Paid,2025-06-29,53.86
TT05819,U00959,22,Male,CR00030,Machine Learning,Free,2025-03-21,0.0
TT05820,U00961,31,Male,CR00013,Business,Free,2025-06-02,0.0
TT05821,U00967,15,Male,CR00040,Project Management,Paid,2025-10-04,327.99
TT05822,U00976,30,Male,CR00035,Cybersecurity,Free,2025-05-11,0.0
TT05823,U00981,34,Male,CR00045,Finance,Free,2025-05-03,0.0
TT05824,U00989,26,Male,CR00018,Marketing,Free,2025-12-11,0.0
TT05825,U00997,34,Female,CR00056,Digital Marketing,Paid,2025-02-26,212.39
TT05826,U01000,16,Female,CR00030,Machine Learning,Free,2025-11-19,0.0
TT05827,U01015,29,Male,CR00002,Programming,Free,2025-03-03,0.0
TT05828,U01020,28,Male,CR00060,Digital Marketing,Free,2025-11-06,0.0
TT05829,U01022,17,Male,CR00054,Web Development,Free,2025-06-07,0.0
TT05830,U01031,15,Male,CR00001,Programming,Paid,2025-09-29,472.28
TT05831,U01032,16,Male,CR00027,Machine Learning,Free,2025-02-17,0.0
TT05832,U01033,30,Male,CR00026,Machine Learning,Free,2025-10-06,0.0
TT05833,U01034,18,Female,CR00053,Web Development,Free,2025-10-26,0.0
TT05834,U01066,19,Female,CR00025,Data Science,Paid,2025-09-17,299.57
TT05835,U01079,21,Male,CR00004,Programming,Free,2025-05-03,0.0
TT05836,U01083,29,Male,CR00020,Marketing,Free,2025-02-15,0.0
TT05837,U01084,24,Male,CR00003,Programming,Free,2025-11-15,0.0
TT05838,U01092,34,Female,CR00014,Business,Free,2025-09-02,0.0
TT05839,U01096,18,Male,CR00049,Artificial Intelligence,Paid,2025-10-09,415.51
TT05840,U01123,29,Female,CR00009,Design,Free,2025-02-11,0.0
TT05841,U01143,31,Male,CR00023,Data Science,Free,2025-07-23,0.0
TT05842,U01146,15,Male,CR00026,Machine Learning,Free,2025-02-03,0.0
TT05843,U01151,28,Female,CR00005,Programming,Free,2025-02-01,0.0
TT05844,U01158,35,Male,CR00052,Web Development,Free,2025-02-01,0.0
TT05845,U01167,16,Female,CR00019,Marketing,Free,2025-03-27,0.0
TT05846,U01170,27,Female,CR00015,Business,Paid,2025-06-11,285.05
TT05847,U01177,16,Male,CR00004,Programming,Free,2025-10-06,0.0
TT05848,U01180,18,Male,CR00019,Marketing,Free,2025-02-08,0.0
TT05849,U01197,28,Male,CR00024,Data Science,Paid,2025-05-17,117.68
TT05850,U01203,15,Male,CR00011,Business,Paid,2025-04-20,326.02
TT05851,U01221,32,Male,CR00004,Programming,Free,2025-12-09,0.0
TT05852,U01224,23,Female,CR00037,Project Management,Free,2025-01-01,0.0
TT05853,U01231,21,Female,CR00003,Programming,Free,2025-04-21,0.0
TT05854,U01233,28,Male,CR00016,Marketing,Free,2025-08-22,0.0
TT05855,U01235,27,Female,CR00056,Digital Marketing,Paid,2025-04-02,212.39
TT05856,U01237,24,Male,CR00036,Project Management,Free,2025-09-14,0.0
TT05857,U01239,20,Male,CR00046,Artificial Intelligence,Paid,2025-04-27,248.1
TT05858,U01244,30,Female,CR00001,Programming,Paid,2025-01-02,472.28
TT05859,U01249,25,Male,CR00003,Programming,Free,2025-11-26,0.0
TT05860,U01250,27,Female,CR00018,Marketing,Free,2025-11-21,0.0
TT05861,U01261,25,Male,CR00024,Data Science,Paid,2025-03-06,117.68
TT05862,U01266,18,Female,CR00046,Artificial Intelligence,Paid,2025-08-29,248.1
TT05863,U01267,30,Female,CR00034,Cybersecurity,Paid,2025-09-29,394.26
TT05864,U01268,33,Male,CR00041,Finance,Paid,2025-10-21,53.86
TT05865,U01277,26,Female,CR00045,Finance,Free,2025-04-17,0.0
TT05866,U01280,26,Female,CR00030,Machine Learning,Free,2025-08-07,0.0
TT05867,U01281,23,Female,CR00030,Machine Learning,Free,2025-03-05,0.0
TT05868,U01284,34,Female,CR00042,Finance,Free,2025-12-06,0.0
TT05869,U01287,33,Female,CR00011,Business,Paid,2025-02-11,326.02
TT05870,U01290,16,Male,CR00059,Digital Marketing,Free,2025-01-15,0.0
TT05871,U01315,33,Male,CR00032,Cybersecurity,Free,2025-04-28,0.0
TT05872,U01318,18,Female,CR00004,Programming,Free,2025-04-17,0.0
TT05873,U01321,35,Male,CR00022,Data Science,Free,2025-02-06,0.0
TT05874,U01322,26,Female,CR00023,Data Science,Free,2025-06-19,0.0
TT05875,U01331,16,Male,CR00046,Artificial Intelligence,Paid,2025-06-25,248.1
TT05876,U01332,20,Male,CR00057,Digital Marketing,Paid,2025-11-11,177.34
TT05877,U01334,35,Female,CR00010,Design,Free,2025-11-14,0.0
TT05878,U01336,33,Male,CR00045,Finance,Free,2025-12-05,0.0
TT05879,U01337,32,Female,CR00032,Cybersecurity,Free,2025-06-24,0.0
TT05880,U01343,32,Male,CR00015,Business,Paid,2025-07-10,285.05
TT05881,U01344,25,Female,CR00038,Project Management,Paid,2025-09-11,342.61
TT05882,U01346,16,Male,CR00024,Data Science,Paid,2025-07-27,117.68
TT05883,U01347,20,Male,CR00036,Project Management,Free,2025-01-01,0.0
TT05884,U01350,16,Female,CR00038,Project Management,Paid,2025-06-22,342.61
TT05885,U01352,25,Male,CR00028,Machine Learning,Paid,2025-03-23,0.78
TT05886,U01355,28,Female,CR00026,Machine Learning,Free,2025-08-02,0.0
TT05887,U01364,16,Female,CR00032,Cybersecurity,Free,2025-04-19,0.0
TT05888,U01365,25,Male,CR00026,Machine Learning,Free,2025-02-27,0.0
TT05889,U01375,22,Male,CR00010,Design,Free,2025-07-15,0.0
TT05890,U01394,26,Female,CR00042,Finance,Free,2025-08-17,0.0
TT05891,U01395,31,Male,CR00004,Programming,Free,2025-01-04,0.0
TT05892,U01397,28,Male,CR00025,Data Science,Paid,2025-02-23,299.57
TT05893,U01399,20,Male,CR00021,Data Science,Free,2025-02-22,0.0
TT05894,U01405,35,Male,CR00010,Design,Free,2025-05-19,0.0
TT05895,U01411,21,Male,CR00013,Business,Free,2025-09-21,0.0
TT05896,U01414,35,Female,CR00033,Cybersecurity,Free,2025-01-16,0.0
TT05897,U01429,31,Female,CR00035,Cybersecurity,Free,2025-07-02,0.0
TT05898,U01430,19,Female,CR00007,Design,Free,2025-02-20,0.0
TT05899,U01432,17,Female,CR00018,Marketing,Free,2025-12-29,0.0
TT05900,U01435,16,Male,CR00044,Finance,Paid,2025-08-20,119.04
TT05901,U01445,29,Male,CR00029,Machine Learning,Free,2025-07-30,0.0
TT05902,U01450,16,Female,CR00056,Digital Marketing,Paid,2025-10-30,212.39
TT05903,U01451,17,Male,CR00048,Artificial Intelligence,Free,2025-04-25,0.0
TT05904,U01455,22,Female,CR00002,Programming,Free,2025-05-22,0.0
TT05905,U01460,32,Female,CR00039,Project Management,Paid,2025-05-01,346.71
TT05906,U01463,30,Female,CR00042,Finance,Free,2025-01-10,0.0
TT05907,U01472,27,Female,CR00040,Project Management,Paid,2025-04-25,327.99
TT05908,U01473,17,Female,CR00014,Business,Free,2025-06-06,0.0
TT05909,U01488,27,Male,CR00045,Finance,Free,2025-07-21,0.0
TT05910,U01496,22,Female,CR00012,Business,Paid,2025-02-27,487.92
TT05911,U01497,35,Female,CR00033,Cybersecurity,Free,2025-05-14,0.0
TT05912,U01500,15,Male,CR00041,Finance,Paid,2025-01-10,53.86
TT05913,U01506,34,Male,CR00015,Business,Paid,2025-10-24,285.05
TT05914,U01511,15,Male,CR00043,Finance,Free,2025-04-05,0.0
TT05915,U01512,19,Male,CR00038,Project Management,Paid,2025-11-13,342.61
TT05916,U01517,26,Male,CR00052,Web Development,Free,2025-09-08,0.0
TT05917,U01522,31,Female,CR00027,Machine Learning,Free,2025-03-07,0.0
TT05918,U01526,20,Male,CR00034,Cybersecurity,Paid,2025-05-11,394.26
TT05919,U01528,16,Male,CR00022,Data Science,Free,2025-10-08,0.0
TT05920,U01530,16,Male,CR00013,Business,Free,2025-01-22,0.0
TT05921,U01531,30,Female,CR00043,Finance,Free,2025-07-27,0.0
TT05922,U01536,33,Female,CR00017,Marketing,Free,2025-11-05,0.0
TT05923,U01543,25,Female,CR00060,Digital Marketing,Free,2025-02-17,0.0
TT05924,U01553,27,Male,CR00029,Machine Learning,Free,2025-06-01,0.0
TT05925,U01578,26,Male,CR00047,Artificial Intelligence,Paid,2025-03-17,89.59
TT05926,U01585,27,Male,CR00028,Machine Learning,Paid,2025-07-05,0.78
TT05927,U01602,31,Female,CR00059,Digital Marketing,Free,2025-03-14,0.0
TT05928,U01618,15,Female,CR00056,Digital Marketing,Paid,2025-08-14,212.39
TT05929,U01627,23,Female,CR00035,Cybersecurity,Free,2025-08-14,0.0
TT05930,U01628,26,Male,CR00015,Business,Paid,2025-12-08,285.05
TT05931,U01635,18,Female,CR00009,Design,Free,2025-11-17,0.0
TT05932,U01637,30,Male,CR00046,Artificial Intelligence,Paid,2025-05-06,248.1
TT05933,U01647,17,Female,CR00048,Artificial Intelligence,Free,2025-02-05,0.0
TT05934,U01649,35,Male,CR00037,Project Management,Free,2025-12-09,0.0
TT05935,U01654,22,Female,CR00050,Artificial Intelligence,Paid,2025-03-07,490.9
TT05936,U01656,27,Male,CR00011,Business,Paid,2025-06-15,326.02
TT05937,U01662,28,Male,CR00025,Data Science,Paid,2025-09-07,299.57
TT05938,U01666,28,Female,CR00048,Artificial Intelligence,Free,2025-07-09,0.0
TT05939,U01671,25,Male,CR00018,Marketing,Free,2025-04-28,0.0
TT05940,U01674,27,Female,CR00050,Artificial Intelligence,Paid,2025-11-17,490.9
TT05941,U01692,26,Male,CR00003,Programming,Free,2025-07-17,0.0
TT05942,U01695,32,Male,CR00008,Design,Free,2025-06-27,0.0
TT05943,U01702,21,Female,CR00014,Business,Free,2025-08-13,0.0
TT05944,U01708,22,Male,CR00034,Cybersecurity,Paid,2025-04-22,394.26
TT05945,U01720,21,Female,CR00060,Digital Marketing,Free,2025-10-14,0.0
TT05946,U01721,15,Female,CR00053,Web Development,Free,2025-11-19,0.0
TT05947,U01724,17,Male,CR00048,Artificial Intelligence,Free,2025-11-27,0.0
TT05948,U01726,32,Female,CR00006,Design,Paid,2025-03-12,276.37
TT05949,U01729,29,Female,CR00022,Data Science,Free,2025-01-13,0.0
TT05950,U01745,21,Female,CR00035,Cybersecurity,Free,2025-04-04,0.0
TT05951,U01762,33,Male,CR00058,Digital Marketing,Free,2025-06-23,0.0
TT05952,U01773,17,Male,CR00047,Artificial Intelligence,Paid,2025-02-06,89.59
TT05953,U01786,25,Female,CR00039,Project Management,Paid,2025-12-09,346.71
TT05954,U01789,33,Female,CR00060,Digital Marketing,Free,2025-10-29,0.0
TT05955,U01795,15,Female,CR00055,Web Development,Paid,2025-06-02,57.32
TT05956,U01805,21,Male,CR00055,Web Development,Paid,2025-09-29,57.32
TT05957,U01809,24,Female,CR00041,Finance,Paid,2025-11-26,53.86
TT05958,U01810,15,Female,CR00011,Business,Paid,2025-02-09,326.02
TT05959,U01812,17,Male,CR00051,Web Development,Paid,2025-12-02,37.89
TT05960,U01820,24,Male,CR00018,Marketing,Free,2025-03-19,0.0
TT05961,U01822,22,Male,CR00037,Project Management,Free,2025-06-28,0.0
TT05962,U01825,25,Male,CR00052,Web Development,Free,2025-08-13,0.0
TT05963,U01840,35,Female,CR00024,Data Science,Paid,2025-09-10,117.68
TT05964,U01842,33,Female,CR00041,Finance,Paid,2025-12-20,53.86
TT05965,U01854,16,Male,CR00001,Programming,Paid,2025-01-11,472.28
TT05966,U01867,24,Female,CR00006,Design,Paid,2025-07-20,276.37
TT05967,U01871,21,Male,CR00035,Cybersecurity,Free,2025-03-25,0.0
TT05968,U01872,28,Female,CR00012,Business,Paid,2025-06-12,487.92
TT05969,U01876,17,Male,CR00042,Finance,Free,2025-02-03,0.0
TT05970,U01877,19,Male,CR00023,Data Science,Free,2025-06-26,0.0
TT05971,U01879,32,Female,CR00008,Design,Free,2025-02-04,0.0
TT05972,U01893,23,Female,CR00048,Artificial Intelligence,Free,2025-06-01,0.0
TT05973,U01896,32,Female,CR00042,Finance,Free,2025-08-14,0.0
TT05974,U01900,19,Male,CR00047,Artificial Intelligence,Paid,2025-01-30,89.59
TT05975,U01903,17,Female,CR00032,Cybersecurity,Free,2025-02-01,0.0
TT05976,U01906,19,Male,CR00046,Artificial Intelligence,Paid,2025-10-10,248.1
TT05977,U01908,19,Male,CR00021,Data Science,Free,2025-07-25,0.0
TT05978,U01917,18,Female,CR00028,Machine Learning,Paid,2025-04-21,0.78
TT05979,U01918,23,Male,CR00025,Data Science,Paid,2025-04-17,299.57
TT05980,U01920,33,Male,CR00056,Digital Marketing,Paid,2025-10-25,212.39
TT05981,U01926,26,Female,CR00047,Artificial Intelligence,Paid,2025-07-22,89.59
TT05982,U01929,19,Male,CR00030,Machine Learning,Free,2025-12-28,0.0
TT05983,U01931,23,Female,CR00030,Machine Learning,Free,2025-09-21,0.0
TT05984,U01934,22,Male,CR00035,Cybersecurity,Free,2025-08-15,0.0
TT05985,U01943,17,Male,CR00059,Digital Marketing,Free,2025-09-14,0.0
TT05986,U01953,19,Male,CR00051,Web Development,Paid,2025-06-02,37.89
TT05987,U01958,16,Male,CR00054,Web Development,Free,2025-05-26,0.0
TT05988,U01959,26,Female,CR00059,Digital Marketing,Free,2025-03-27,0.0
TT05989,U01961,30,Male,CR00004,Programming,Free,2025-02-25,0.0
TT05990,U01962,19,Male,CR00058,Digital Marketing,Free,2025-01-23,0.0
TT05991,U01979,25,Female,CR00013,Business,Free,2025-01-03,0.0
TT05992,U01987,15,Male,CR00041,Finance,Paid,2025-06-28,53.86
TT05993,U01989,26,Female,CR00041,Finance,Paid,2025-10-01,53.86
TT05994,U01993,23,Female,CR00054,Web Development,Free,2025-07-23,0.0
TT05995,U01994,20,Female,CR00018,Marketing,Free,2025-09-10,0.0
TT05996,U01998,23,Male,CR00044,Finance,Paid,2025-12-15,119.04
TT05997,U02010,31,Male,CR00059,Digital Marketing,Free,2025-10-05,0.0
TT05998,U02015,30,Male,CR00054,Web Development,Free,2025-04-19,0.0
TT05999,U02035,32,Male,CR00013,Business,Free,2025-11-17,0.0
TT06000,U02038,32,Female,CR00027,Machine Learning,Free,2025-10-16,0.0
TT06001,U02039,29,Male,CR00006,Design,Paid,2025-04-01,276.37
TT06002,U02055,33,Female,CR00043,Finance,Free,2025-09-02,0.0
TT06003,U02058,16,Male,CR00033,Cybersecurity,Free,2025-09-02,0.0
TT06004,U02064,35,Male,CR00050,Artificial Intelligence,Paid,2025-01-01,490.9
TT06005,U02068,15,Male,CR00004,Programming,Free,2025-05-03,0.0
TT06006,U02071,24,Male,CR00011,Business,Paid,2025-06-17,326.02
TT06007,U02074,27,Female,CR00028,Machine Learning,Paid,2025-04-05,0.78
TT06008,U02077,24,Male,CR00051,Web Development,Paid,2025-07-11,37.89
TT06009,U02094,24,Female,CR00031,Cybersecurity,Free,2025-12-21,0.0
TT06010,U02096,31,Male,CR00030,Machine Learning,Free,2025-11-05,0.0
TT06011,U02098,25,Male,CR00060,Digital Marketing,Free,2025-01-23,0.0
TT06012,U02125,31,Female,CR00055,Web Development,Paid,2025-04-14,57.32
TT06013,U02144,15,Male,CR00033,Cybersecurity,Free,2025-02-09,0.0
TT06014,U02147,33,Male,CR00052,Web Development,Free,2025-03-03,0.0
TT06015,U02149,21,Female,CR00057,Digital Marketing,Paid,2025-02-21,177.34
TT06016,U02151,18,Female,CR00038,Project Management,Paid,2025-09-23,342.61
TT06017,U02152,35,Female,CR00030,Machine Learning,Free,2025-02-20,0.0
TT06018,U02153,18,Female,CR00018,Marketing,Free,2025-10-28,0.0
TT06019,U02155,16,Female,CR00023,Data Science,Free,2025-04-05,0.0
TT06020,U02161,23,Female,CR00023,Data Science,Free,2025-06-01,0.0
TT06021,U02199,27,Male,CR00023,Data Science,Free,2025-05-23,0.0
TT06022,U02212,33,Male,CR00049,Artificial Intelligence,Paid,2025-12-09,415.51
TT06023,U02215,32,Male,CR00039,Project Management,Paid,2025-09-27,346.71
TT06024,U02217,21,Male,CR00030,Machine Learning,Free,2025-12-15,0.0
TT06025,U02224,18,Female,CR00019,Marketing,Free,2025-04-26,0.0
TT06026,U02231,20,Male,CR00002,Programming,Free,2025-01-20,0.0
TT06027,U02248,29,Male,CR00045,Finance,Free,2025-02-15,0.0
TT06028,U02250,19,Female,CR00024,Data Science,Paid,2025-11-23,117.68
TT06029,U02254,17,Female,CR00021,Data Science,Free,2025-08-13,0.0
TT06030,U02258,21,Male,CR00039,Project Management,Paid,2025-04-13,346.71
TT06031,U02284,28,Male,CR00050,Artificial Intelligence,Paid,2025-09-27,490.9
TT06032,U02288,32,Female,CR00006,Design,Paid,2025-07-20,276.37
TT06033,U02290,25,Male,CR00045,Finance,Free,2025-06-25,0.0
TT06034,U02300,35,Male,CR00041,Finance,Paid,2025-08-22,53.86
TT06035,U02301,18,Female,CR00023,Data Science,Free,2025-02-02,0.0
TT06036,U02306,18,Female,CR00001,Programming,Paid,2025-06-10,472.28
TT06037,U02315,34,Male,CR00058,Digital Marketing,Free,2025-02-13,0.0
TT06038,U02336,17,Female,CR00023,Data Science,Free,2025-06-08,0.0
TT06039,U02337,18,Female,CR00002,Programming,Free,2025-10-26,0.0
TT06040,U02341,17,Male,CR00028,Machine Learning,Paid,2025-10-14,0.78
TT06041,U02344,26,Male,CR00052,Web Development,Free,2025-04-24,0.0
TT06042,U02345,31,Male,CR00010,Design,Free,2025-07-02,0.0
TT06043,U02349,27,Male,CR00020,Marketing,Free,2025-03-25,0.0
TT06044,U02370,24,Male,CR00019,Marketing,Free,2025-03-17,0.0
TT06045,U02371,34,Female,CR00033,Cybersecurity,Free,2025-11-14,0.0
TT06046,U02410,18,Male,CR00034,Cybersecurity,Paid,2025-09-20,394.26
TT06047,U02415,33,Male,CR00047,Artificial Intelligence,Paid,2025-02-21,89.59
TT06048,U02427,31,Female,CR00028,Machine Learning,Paid,2025-06-18,0.78
TT06049,U02432,30,Female,CR00019,Marketing,Free,2025-12-09,0.0
TT06050,U02445,26,Female,CR00034,Cybersecurity,Paid,2025-06-10,394.26
TT06051,U02459,33,Male,CR00058,Digital Marketing,Free,2025-11-16,0.0
TT06052,U02470,34,Male,CR00015,Business,Paid,2025-10-26,285.05
TT06053,U02490,24,Female,CR00030,Machine Learning,Free,2025-01-29,0.0
TT06054,U02512,15,Female,CR00035,Cybersecurity,Free,2025-09-08,0.0
TT06055,U02515,15,Male,CR00035,Cybersecurity,Free,2025-05-02,0.0
TT06056,U02537,31,Female,CR00025,Data Science,Paid,2025-04-01,299.57
TT06057,U02540,33,Female,CR00047,Artificial Intelligence,Paid,2025-03-01,89.59
TT06058,U02541,18,Female,CR00049,Artificial Intelligence,Paid,2025-04-03,415.51
TT06059,U02542,35,Female,CR00003,Programming,Free,2025-09-28,0.0
TT06060,U02564,19,Female,CR00031,Cybersecurity,Free,2025-11-13,0.0
TT06061,U02566,30,Female,CR00012,Business,Paid,2025-06-06,487.92
TT06062,U02582,23,Male,CR00020,Marketing,Free,2025-02-04,0.0
TT06063,U02583,33,Male,CR00005,Programming,Free,2025-12-29,0.0
TT06064,U02602,33,Male,CR00013,Business,Free,2025-10-20,0.0
TT06065,U02605,22,Male,CR00054,Web Development,Free,2025-01-15,0.0
TT06066,U02612,22,Male,CR00006,Design,Paid,2025-10-27,276.37
TT06067,U02614,30,Female,CR00055,Web Development,Paid,2025-02-11,57.32
TT06068,U02616,19,Female,CR00029,Machine Learning,Free,2025-01-26,0.0
TT06069,U02623,32,Female,CR00011,Business,Paid,2025-04-21,326.02
TT06070,U02633,19,Female,CR00048,Artificial Intelligence,Free,2025-01-21,0.0
TT06071,U02643,17,Female,CR00040,Project Management,Paid,2025-10-24,327.99
TT06072,U02645,26,Female,CR00012,Business,Paid,2025-10-04,487.92
TT06073,U02651,16,Female,CR00018,Marketing,Free,2025-08-06,0.0
TT06074,U02663,27,Female,CR00048,Artificial Intelligence,Free,2025-06-09,0.0
TT06075,U02672,32,Male,CR00048,Artificial Intelligence,Free,2025-06-10,0.0
TT06076,U02679,18,Male,CR00001,Programming,Paid,2025-10-07,472.28
TT06077,U02683,28,Male,CR00050,Artificial Intelligence,Paid,2025-04-24,490.9
TT06078,U02684,28,Male,CR00058,Digital Marketing,Free,2025-05-19,0.0
TT06079,U02709,19,Female,CR00029,Machine Learning,Free,2025-12-23,0.0
TT06080,U02733,31,Male,CR00059,Digital Marketing,Free,2025-04-26,0.0
TT06081,U02743,33,Male,CR00033,Cybersecurity,Free,2025-04-11,0.0
TT06082,U02754,34,Male,CR00017,Marketing,Free,2025-01-09,0.0
TT06083,U02767,31,Male,CR00009,Design,Free,2025-06-09,0.0
TT06084,U02770,31,Male,CR00012,Business,Paid,2025-10-16,487.92
TT06085,U02775,24,Female,CR00060,Digital Marketing,Free,2025-11-19,0.0
TT06086,U02786,25,Male,CR00029,Machine Learning,Free,2025-03-12,0.0
TT06087,U02788,20,Female,CR00024,Data Science,Paid,2025-07-14,117.68
TT06088,U02791,27,Male,CR00004,Programming,Free,2025-06-13,0.0
TT06089,U02792,27,Female,CR00027,Machine Learning,Free,2025-04-20,0.0
TT06090,U02793,22,Female,CR00041,Finance,Paid,2025-11-01,53.86
TT06091,U02821,27,Male,CR00008,Design,Free,2025-07-29,0.0
TT06092,U02825,34,Male,CR00021,Data Science,Free,2025-12-30,0.0
TT06093,U02832,31,Male,CR00028,Machine Learning,Paid,2025-01-11,0.78
TT06094,U02843,26,Male,CR00060,Digital Marketing,Free,2025-12-20,0.0
TT06095,U02844,21,Female,CR00048,Artificial Intelligence,Free,2025-08-23,0.0
TT06096,U02850,25,Female,CR00002,Programming,Free,2025-08-05,0.0
TT06097,U02857,35,Male,CR00018,Marketing,Free,2025-08-29,0.0
TT06098,U02883,16,Female,CR00050,Artificial Intelligence,Paid,2025-10-11,490.9
TT06099,U02899,28,Female,CR00036,Project Management,Free,2025-05-28,0.0
TT06100,U02909,19,Female,CR00030,Machine Learning,Free,2025-11-21,0.0
TT06101,U02915,33,Female,CR00043,Finance,Free,2025-12-15,0.0
TT06102,U02916,20,Male,CR00058,Digital Marketing,Free,2025-06-30,0.0
TT06103,U02927,20,Male,CR00015,Business,Paid,2025-06-13,285.05
TT06104,U02931,28,Female,CR00045,Finance,Free,2025-07-08,0.0
TT06105,U02937,23,Male,CR00028,Machine Learning,Paid,2025-11-02,0.78
TT06106,U02941,22,Male,CR00006,Design,Paid,2025-08-12,276.37
TT06107,U02945,23,Female,CR00046,Artificial Intelligence,Paid,2025-06-10,248.1
TT06108,U02947,18,Female,CR00051,Web Development,Paid,2025-01-06,37.89
TT06109,U02958,33,Male,CR00013,Business,Free,2025-03-02,0.0
TT06110,U02969,18,Female,CR00028,Machine Learning,Paid,2025-01-02,0.78
TT06111,U02971,20,Female,CR00050,Artificial Intelligence,Paid,2025-01-07,490.9
TT06112,U02974,31,Female,CR00047,Artificial Intelligence,Paid,2025-09-20,89.59
TT06113,U02976,28,Female,CR00039,Project Management,Paid,2025-08-03,346.71
TT06114,U02980,27,Male,CR00041,Finance,Paid,2025-06-20,53.86
TT06115,U02981,23,Male,CR00045,Finance,Free,2025-11-01,0.0
TT06116,U02984,35,Female,CR00053,Web Development,Free,2025-06-21,0.0
TT06117,U02989,22,Male,CR00037,Project Management,Free,2025-05-12,0.0
TT06118,U02992,24,Female,CR00035,Cybersecurity,Free,2025-12-28,0.0
TT06119,U02994,31,Female,CR00023,Data Science,Free,2025-03-21,0.0
TT06120,U00003,33,Female,CR00058,Digital Marketing,Free,2025-03-02,0.0
TT06121,U00013,33,Female,CR00012,Business,Paid,2025-10-29,487.92
TT06122,U00015,27,Female,CR00041,Finance,Paid,2025-10-29,53.86
TT06123,U00018,24,Female,CR00010,Design,Free,2025-09-28,0.0
TT06124,U00045,23,Female,CR00030,Machine Learning,Free,2025-09-18,0.0
TT06125,U00048,19,Male,CR00031,Cybersecurity,Free,2025-09-18,0.0
TT06126,U00055,31,Female,CR00044,Finance,Paid,2025-05-13,119.04
TT06127,U00071,30,Female,CR00055,Web Development,Paid,2025-01-27,57.32
TT06128,U00083,16,Male,CR00002,Programming,Free,2025-01-11,0.0
TT06129,U00085,22,Female,CR00004,Programming,Free,2025-07-12,0.0
TT06130,U00109,15,Female,CR00009,Design,Free,2025-09-23,0.0
TT06131,U00112,34,Female,CR00010,Design,Free,2025-12-26,0.0
TT06132,U00117,19,Female,CR00058,Digital Marketing,Free,2025-03-20,0.0
TT06133,U00126,23,Female,CR00051,Web Development,Paid,2025-12-14,37.89
TT06134,U00128,35,Female,CR00024,Data Science,Paid,2025-05-11,117.68
TT06135,U00133,21,Male,CR00040,Project Management,Paid,2025-08-13,327.99
TT06136,U00134,26,Female,CR00006,Design,Paid,2025-02-02,276.37
TT06137,U00144,24,Female,CR00059,Digital Marketing,Free,2025-06-05,0.0
TT06138,U00147,30,Male,CR00029,Machine Learning,Free,2025-08-16,0.0
TT06139,U00149,17,Female,CR00010,Design,Free,2025-02-23,0.0
TT06140,U00152,19,Female,CR00034,Cybersecurity,Paid,2025-11-15,394.26
TT06141,U00161,25,Female,CR00012,Business,Paid,2025-03-05,487.92
TT06142,U00166,33,Male,CR00023,Data Science,Free,2025-09-02,0.0
TT06143,U00169,24,Male,CR00008,Design,Free,2025-03-27,0.0
TT06144,U00173,31,Male,CR00042,Finance,Free,2025-05-03,0.0
TT06145,U00177,29,Female,CR00016,Marketing,Free,2025-09-22,0.0
TT06146,U00191,34,Male,CR00016,Marketing,Free,2025-04-27,0.0
TT06147,U00192,17,Male,CR00003,Programming,Free,2025-07-18,0.0
TT06148,U00198,30,Female,CR00043,Finance,Free,2025-11-29,0.0
TT06149,U00208,18,Female,CR00045,Finance,Free,2025-04-27,0.0
TT06150,U00216,23,Male,CR00048,Artificial Intelligence,Free,2025-09-16,0.0
TT06151,U00220,20,Male,CR00020,Marketing,Free,2025-12-05,0.0
TT06152,U00238,24,Female,CR00013,Business,Free,2025-11-25,0.0
TT06153,U00251,28,Female,CR00035,Cybersecurity,Free,2025-07-08,0.0
TT06154,U00260,35,Male,CR00035,Cybersecurity,Free,2025-06-26,0.0
TT06155,U00265,15,Male,CR00055,Web Development,Paid,2025-05-07,57.32
TT06156,U00272,25,Male,CR00026,Machine Learning,Free,2025-02-24,0.0
TT06157,U00282,19,Male,CR00053,Web Development,Free,2025-09-30,0.0
TT06158,U00292,33,Male,CR00054,Web Development,Free,2025-08-21,0.0
TT06159,U00298,32,Male,CR00015,Business,Paid,2025-04-10,285.05
TT06160,U00301,26,Male,CR00024,Data Science,Paid,2025-07-08,117.68
TT06161,U00303,35,Male,CR00051,Web Development,Paid,2025-09-11,37.89
TT06162,U00310,26,Female,CR00058,Digital Marketing,Free,2025-12-06,0.0
TT06163,U00315,31,Female,CR00003,Programming,Free,2025-07-14,0.0
TT06164,U00321,28,Male,CR00029,Machine Learning,Free,2025-01-15,0.0
TT06165,U00322,23,Male,CR00019,Marketing,Free,2025-09-10,0.0
TT06166,U00323,21,Female,CR00004,Programming,Free,2025-04-08,0.0
TT06167,U00328,29,Female,CR00009,Design,Free,2025-11-26,0.0
TT06168,U00329,20,Female,CR00001,Programming,Paid,2025-04-11,472.28
TT06169,U00330,15,Female,CR00020,Marketing,Free,2025-09-22,0.0
TT06170,U00338,23,Female,CR00047,Artificial Intelligence,Paid,2025-08-20,89.59
TT06171,U00339,29,Male,CR00033,Cybersecurity,Free,2025-12-24,0.0
TT06172,U00340,30,Male,CR00005,Programming,Free,2025-03-21,0.0
TT06173,U00345,16,Male,CR00052,Web Development,Free,2025-04-27,0.0
TT06174,U00351,18,Female,CR00048,Artificial Intelligence,Free,2025-12-20,0.0
TT06175,U00352,28,Male,CR00044,Finance,Paid,2025-11-18,119.04
TT06176,U00353,34,Female,CR00053,Web Development,Free,2025-07-06,0.0
TT06177,U00356,21,Female,CR00051,Web Development,Paid,2025-10-13,37.89
TT06178,U00357,15,Female,CR00044,Finance,Paid,2025-10-09,119.04
TT06179,U00362,16,Male,CR00058,Digital Marketing,Free,2025-01-15,0.0
TT06180,U00365,30,Female,CR00020,Marketing,Free,2025-07-25,0.0
TT06181,U00379,20,Male,CR00012,Business,Paid,2025-07-26,487.92
TT06182,U00383,29,Female,CR00046,Artificial Intelligence,Paid,2025-05-28,248.1
TT06183,U00394,30,Female,CR00028,Machine Learning,Paid,2025-12-05,0.78
TT06184,U00399,31,Female,CR00053,Web Development,Free,2025-12-06,0.0
TT06185,U00404,21,Female,CR00045,Finance,Free,2025-07-27,0.0
TT06186,U00406,33,Male,CR00016,Marketing,Free,2025-08-22,0.0
TT06187,U00407,23,Male,CR00051,Web Development,Paid,2025-12-27,37.89
TT06188,U00411,17,Female,CR00010,Design,Free,2025-04-25,0.0
TT06189,U00415,31,Female,CR00054,Web Development,Free,2025-08-29,0.0
TT06190,U00423,27,Female,CR00041,Finance,Paid,2025-12-01,53.86
TT06191,U00424,35,Male,CR00040,Project Management,Paid,2025-10-24,327.99
TT06192,U00427,29,Female,CR00007,Design,Free,2025-12-26,0.0
TT06193,U00438,21,Male,CR00036,Project Management,Free,2025-10-19,0.0
TT06194,U00444,15,Female,CR00024,Data Science,Paid,2025-06-09,117.68
TT06195,U00449,33,Female,CR00033,Cybersecurity,Free,2025-10-23,0.0
TT06196,U00450,20,Male,CR00059,Digital Marketing,Free,2025-11-15,0.0
TT06197,U00464,25,Male,CR00034,Cybersecurity,Paid,2025-05-23,394.26
TT06198,U00494,26,Male,CR00007,Design,Free,2025-04-05,0.0
TT06199,U00543,18,Female,CR00047,Artificial Intelligence,Paid,2025-07-15,89.59
TT06200,U00548,32,Female,CR00011,Business,Paid,2025-09-17,326.02
TT06201,U00556,25,Female,CR00004,Programming,Free,2025-07-12,0.0
TT06202,U00559,20,Male,CR00019,Marketing,Free,2025-05-23,0.0
TT06203,U00562,23,Female,CR00056,Digital Marketing,Paid,2025-12-17,212.39
TT06204,U00569,15,Female,CR00055,Web Development,Paid,2025-04-01,57.32
TT06205,U00572,32,Male,CR00035,Cybersecurity,Free,2025-04-28,0.0
TT06206,U00573,30,Male,CR00056,Digital Marketing,Paid,2025-05-16,212.39
TT06207,U00574,33,Female,CR00019,Marketing,Free,2025-05-12,0.0
TT06208,U00576,16,Male,CR00046,Artificial Intelligence,Paid,2025-11-11,248.1
TT06209,U00584,31,Female,CR00016,Marketing,Free,2025-01-16,0.0
TT06210,U00592,18,Female,CR00027,Machine Learning,Free,2025-06-12,0.0
TT06211,U00595,29,Male,CR00002,Programming,Free,2025-11-28,0.0
TT06212,U00604,30,Female,CR00054,Web Development,Free,2025-08-20,0.0
TT06213,U00619,32,Female,CR00007,Design,Free,2025-12-08,0.0
TT06214,U00622,28,Female,CR00022,Data Science,Free,2025-12-23,0.0
TT06215,U00633,35,Female,CR00056,Digital Marketing,Paid,2025-02-16,212.39
TT06216,U00636,21,Female,CR00045,Finance,Free,2025-02-24,0.0
TT06217,U00639,33,Female,CR00019,Marketing,Free,2025-12-16,0.0
TT06218,U00666,30,Female,CR00036,Project Management,Free,2025-11-28,0.0
TT06219,U00687,29,Female,CR00055,Web Development,Paid,2025-06-01,57.32
TT06220,U00701,32,Male,CR00028,Machine Learning,Paid,2025-02-02,0.78
TT06221,U00704,30,Male,CR00036,Project Management,Free,2025-08-12,0.0
TT06222,U00709,23,Female,CR00009,Design,Free,2025-02-07,0.0
TT06223,U00723,35,Male,CR00006,Design,Paid,2025-08-03,276.37
TT06224,U00724,16,Female,CR00012,Business,Paid,2025-01-18,487.92
TT06225,U00752,30,Male,CR00042,Finance,Free,2025-01-10,0.0
TT06226,U00760,21,Female,CR00009,Design,Free,2025-01-07,0.0
TT06227,U00765,31,Female,CR00021,Data Science,Free,2025-07-27,0.0
TT06228,U00772,24,Female,CR00048,Artificial Intelligence,Free,2025-08-03,0.0
TT06229,U00775,29,Female,CR00009,Design,Free,2025-01-22,0.0
TT06230,U00787,29,Female,CR00007,Design,Free,2025-07-29,0.0
TT06231,U00819,28,Female,CR00007,Design,Free,2025-01-23,0.0
TT06232,U00821,23,Male,CR00015,Business,Paid,2025-10-12,285.05
TT06233,U00829,22,Male,CR00033,Cybersecurity,Free,2025-07-22,0.0
TT06234,U00836,29,Female,CR00029,Machine Learning,Free,2025-02-13,0.0
TT06235,U00838,25,Female,CR00007,Design,Free,2025-12-14,0.0
TT06236,U00850,26,Male,CR00032,Cybersecurity,Free,2025-01-21,0.0
TT06237,U00852,23,Male,CR00035,Cybersecurity,Free,2025-12-17,0.0
TT06238,U00858,20,Male,CR00017,Marketing,Free,2025-07-25,0.0
TT06239,U00870,22,Male,CR00007,Design,Free,2025-10-25,0.0
TT06240,U00874,25,Male,CR00004,Programming,Free,2025-05-23,0.0
TT06241,U00876,27,Male,CR00015,Business,Paid,2025-01-16,285.05
TT06242,U00881,34,Female,CR00016,Marketing,Free,2025-07-22,0.0
TT06243,U00898,24,Female,CR00022,Data Science,Free,2025-04-23,0.0
TT06244,U00903,29,Female,CR00058,Digital Marketing,Free,2025-03-03,0.0
TT06245,U00907,23,Female,CR00060,Digital Marketing,Free,2025-02-21,0.0
TT06246,U00911,15,Female,CR00058,Digital Marketing,Free,2025-07-04,0.0
TT06247,U00915,24,Female,CR00052,Web Development,Free,2025-05-10,0.0
TT06248,U00917,28,Female,CR00010,Design,Free,2025-06-08,0.0
TT06249,U00919,28,Male,CR00017,Marketing,Free,2025-11-02,0.0
TT06250,U00928,33,Female,CR00027,Machine Learning,Free,2025-01-19,0.0
TT06251,U00959,22,Male,CR00015,Business,Paid,2025-05-09,285.05
TT06252,U00961,31,Male,CR00003,Programming,Free,2025-03-01,0.0
TT06253,U00967,15,Male,CR00016,Marketing,Free,2025-10-03,0.0
TT06254,U00976,30,Male,CR00020,Marketing,Free,2025-10-21,0.0
TT06255,U00981,34,Male,CR00047,Artificial Intelligence,Paid,2025-07-18,89.59
TT06256,U00989,26,Male,CR00045,Finance,Free,2025-05-11,0.0
TT06257,U00997,34,Female,CR00013,Business,Free,2025-06-21,0.0
TT06258,U01000,16,Female,CR00055,Web Development,Paid,2025-06-26,57.32
TT06259,U01015,29,Male,CR00025,Data Science,Paid,2025-09-10,299.57
TT06260,U01020,28,Male,CR00034,Cybersecurity,Paid,2025-06-09,394.26
TT06261,U01022,17,Male,CR00022,Data Science,Free,2025-08-29,0.0
TT06262,U01031,15,Male,CR00058,Digital Marketing,Free,2025-04-24,0.0
TT06263,U01032,16,Male,CR00019,Marketing,Free,2025-05-15,0.0
TT06264,U01033,30,Male,CR00011,Business,Paid,2025-10-23,326.02
TT06265,U01034,18,Female,CR00033,Cybersecurity,Free,2025-11-15,0.0
TT06266,U01066,19,Female,CR00058,Digital Marketing,Free,2025-12-18,0.0
TT06267,U01079,21,Male,CR00048,Artificial Intelligence,Free,2025-03-06,0.0
TT06268,U01083,29,Male,CR00026,Machine Learning,Free,2025-05-18,0.0
TT06269,U01084,24,Male,CR00025,Data Science,Paid,2025-01-28,299.57
TT06270,U01092,34,Female,CR00054,Web Development,Free,2025-07-12,0.0
TT06271,U01096,18,Male,CR00025,Data Science,Paid,2025-09-18,299.57
TT06272,U01123,29,Female,CR00050,Artificial Intelligence,Paid,2025-10-11,490.9
TT06273,U01143,31,Male,CR00024,Data Science,Paid,2025-12-15,117.68
TT06274,U01146,15,Male,CR00028,Machine Learning,Paid,2025-09-12,0.78
TT06275,U01151,28,Female,CR00020,Marketing,Free,2025-09-24,0.0
TT06276,U01158,35,Male,CR00040,Project Management,Paid,2025-03-15,327.99
TT06277,U01163,24,Male,CR00018,Marketing,Free,2025-05-22,0.0
TT06278,U01167,16,Female,CR00013,Business,Free,2025-02-18,0.0
TT06279,U01170,27,Female,CR00049,Artificial Intelligence,Paid,2025-09-09,415.51
TT06280,U01177,16,Male,CR00018,Marketing,Free,2025-12-08,0.0
TT06281,U01197,28,Male,CR00021,Data Science,Free,2025-03-25,0.0
TT06282,U01203,15,Male,CR00055,Web Development,Paid,2025-09-25,57.32
TT06283,U01221,32,Male,CR00046,Artificial Intelligence,Paid,2025-01-03,248.1
TT06284,U01224,23,Female,CR00002,Programming,Free,2025-08-10,0.0
TT06285,U01231,21,Female,CR00057,Digital Marketing,Paid,2025-03-29,177.34
TT06286,U01235,27,Female,CR00053,Web Development,Free,2025-01-17,0.0
TT06287,U01239,20,Male,CR00012,Business,Paid,2025-03-23,487.92
TT06288,U01244,30,Female,CR00006,Design,Paid,2025-05-13,276.37
TT06289,U01249,25,Male,CR00026,Machine Learning,Free,2025-09-03,0.0
TT06290,U01250,27,Female,CR00032,Cybersecurity,Free,2025-11-07,0.0
TT06291,U01261,25,Male,CR00054,Web Development,Free,2025-04-14,0.0
TT06292,U01266,18,Female,CR00001,Programming,Paid,2025-11-15,472.28
TT06293,U01267,30,Female,CR00031,Cybersecurity,Free,2025-03-18,0.0
TT06294,U01268,33,Male,CR00019,Marketing,Free,2025-03-01,0.0
TT06295,U01277,26,Female,CR00016,Marketing,Free,2025-02-18,0.0
TT06296,U01280,26,Female,CR00005,Programming,Free,2025-01-24,0.0
TT06297,U01281,23,Female,CR00011,Business,Paid,2025-01-22,326.02
TT06298,U01284,34,Female,CR00053,Web Development,Free,2025-12-06,0.0
TT06299,U01286,27,Male,CR00045,Finance,Free,2025-02-18,0.0
TT06300,U01287,33,Female,CR00057,Digital Marketing,Paid,2025-06-25,177.34
TT06301,U01290,16,Male,CR00013,Business,Free,2025-10-17,0.0
TT06302,U01315,33,Male,CR00037,Project Management,Free,2025-02-09,0.0
TT06303,U01318,18,Female,CR00051,Web Development,Paid,2025-11-13,37.89
TT06304,U01321,35,Male,CR00007,Design,Free,2025-03-02,0.0
TT06305,U01322,26,Female,CR00026,Machine Learning,Free,2025-07-18,0.0
TT06306,U01331,16,Male,CR00038,Project Management,Paid,2025-06-16,342.61
TT06307,U01332,20,Male,CR00025,Data Science,Paid,2025-03-01,299.57
TT06308,U01334,35,Female,CR00060,Digital Marketing,Free,2025-03-25,0.0
TT06309,U01336,33,Male,CR00051,Web Development,Paid,2025-01-26,37.89
TT06310,U01337,32,Female,CR00037,Project Management,Free,2025-09-26,0.0
TT06311,U01344,25,Female,CR00007,Design,Free,2025-05-11,0.0
TT06312,U01346,16,Male,CR00058,Digital Marketing,Free,2025-05-23,0.0
TT06313,U01350,16,Female,CR00022,Data Science,Free,2025-06-05,0.0
TT06314,U01352,25,Male,CR00020,Marketing,Free,2025-07-29,0.0
TT06315,U01355,28,Female,CR00020,Marketing,Free,2025-12-22,0.0
TT06316,U01364,16,Female,CR00012,Business,Paid,2025-09-22,487.92
TT06317,U01365,25,Male,CR00025,Data Science,Paid,2025-12-07,299.57
TT06318,U01375,22,Male,CR00049,Artificial Intelligence,Paid,2025-12-25,415.51
TT06319,U01394,26,Female,CR00053,Web Development,Free,2025-01-28,0.0
TT06320,U01395,31,Male,CR00001,Programming,Paid,2025-05-12,472.28
TT06321,U01397,28,Male,CR00052,Web Development,Free,2025-10-04,0.0
TT06322,U01399,20,Male,CR00060,Digital Marketing,Free,2025-02-04,0.0
TT06323,U01405,35,Male,CR00025,Data Science,Paid,2025-03-02,299.57
TT06324,U01411,21,Male,CR00057,Digital Marketing,Paid,2025-06-20,177.34
TT06325,U01414,35,Female,CR00055,Web Development,Paid,2025-06-05,57.32
TT06326,U01429,31,Female,CR00058,Digital Marketing,Free,2025-05-24,0.0
TT06327,U01430,19,Female,CR00019,Marketing,Free,2025-11-08,0.0
TT06328,U01432,17,Female,CR00034,Cybersecurity,Paid,2025-03-13,394.26
TT06329,U01435,16,Male,CR00049,Artificial Intelligence,Paid,2025-01-21,415.51
TT06330,U01445,29,Male,CR00052,Web Development,Free,2025-03-17,0.0
TT06331,U01450,16,Female,CR00009,Design,Free,2025-05-02,0.0
TT06332,U01451,17,Male,CR00022,Data Science,Free,2025-08-26,0.0
TT06333,U01455,22,Female,CR00006,Design,Paid,2025-02-16,276.37
TT06334,U01463,30,Female,CR00043,Finance,Free,2025-06-11,0.0
TT06335,U01472,27,Female,CR00016,Marketing,Free,2025-01-04,0.0
TT06336,U01473,17,Female,CR00024,Data Science,Paid,2025-08-25,117.68
TT06337,U01475,20,Male,CR00046,Artificial Intelligence,Paid,2025-04-12,248.1
TT06338,U01488,27,Male,CR00043,Finance,Free,2025-04-02,0.0
TT06339,U01496,22,Female,CR00043,Finance,Free,2025-11-17,0.0
TT06340,U01497,35,Female,CR00050,Artificial Intelligence,Paid,2025-08-10,490.9
TT06341,U01500,15,Male,CR00021,Data Science,Free,2025-10-24,0.0
TT06342,U01506,34,Male,CR00036,Project Management,Free,2025-12-01,0.0
TT06343,U01511,15,Male,CR00041,Finance,Paid,2025-04-05,53.86
TT06344,U01512,19,Male,CR00030,Machine Learning,Free,2025-10-17,0.0
TT06345,U01517,26,Male,CR00046,Artificial Intelligence,Paid,2025-06-18,248.1
TT06346,U01522,31,Female,CR00028,Machine Learning,Paid,2025-01-07,0.78
TT06347,U01526,20,Male,CR00052,Web Development,Free,2025-01-11,0.0
TT06348,U01528,16,Male,CR00006,Design,Paid,2025-05-24,276.37
TT06349,U01530,16,Male,CR00028,Machine Learning,Paid,2025-08-28,0.78
TT06350,U01531,30,Female,CR00030,Machine Learning,Free,2025-04-15,0.0
TT06351,U01543,25,Female,CR00042,Finance,Free,2025-01-24,0.0
TT06352,U01553,27,Male,CR00044,Finance,Paid,2025-03-14,119.04
TT06353,U01575,15,Female,CR00022,Data Science,Free,2025-08-11,0.0
TT06354,U01578,26,Male,CR00044,Finance,Paid,2025-06-24,119.04
TT06355,U01585,27,Male,CR00001,Programming,Paid,2025-02-05,472.28
TT06356,U01586,27,Male,CR00048,Artificial Intelligence,Free,2025-01-23,0.0
TT06357,U01602,31,Female,CR00038,Project Management,Paid,2025-04-27,342.61
TT06358,U01628,26,Male,CR00047,Artificial Intelligence,Paid,2025-12-04,89.59
TT06359,U01635,18,Female,CR00048,Artificial Intelligence,Free,2025-09-08,0.0
TT06360,U01637,30,Male,CR00017,Marketing,Free,2025-08-28,0.0
TT06361,U01647,17,Female,CR00017,Marketing,Free,2025-08-17,0.0
TT06362,U01649,35,Male,CR00038,Project Management,Paid,2025-01-24,342.61
TT06363,U01654,22,Female,CR00007,Design,Free,2025-03-15,0.0
TT06364,U01656,27,Male,CR00049,Artificial Intelligence,Paid,2025-05-28,415.51
TT06365,U01662,28,Male,CR00042,Finance,Free,2025-12-21,0.0
TT06366,U01666,28,Female,CR00015,Business,Paid,2025-01-16,285.05
TT06367,U01671,25,Male,CR00029,Machine Learning,Free,2025-09-02,0.0
TT06368,U01674,27,Female,CR00019,Marketing,Free,2025-05-01,0.0
TT06369,U01692,26,Male,CR00006,Design,Paid,2025-10-18,276.37
TT06370,U01695,32,Male,CR00026,Machine Learning,Free,2025-08-11,0.0
TT06371,U01702,21,Female,CR00008,Design,Free,2025-02-27,0.0
TT06372,U01708,22,Male,CR00018,Marketing,Free,2025-05-28,0.0
TT06373,U01720,21,Female,CR00038,Project Management,Paid,2025-09-05,342.61
TT06374,U01724,17,Male,CR00038,Project Management,Paid,2025-08-21,342.61
TT06375,U01726,32,Female,CR00007,Design,Free,2025-04-28,0.0
TT06376,U01729,29,Female,CR00011,Business,Paid,2025-11-27,326.02
TT06377,U01745,21,Female,CR00039,Project Management,Paid,2025-10-17,346.71
TT06378,U01746,24,Male,CR00043,Finance,Free,2025-01-23,0.0
TT06379,U01762,33,Male,CR00005,Programming,Free,2025-05-24,0.0
TT06380,U01773,17,Male,CR00041,Finance,Paid,2025-10-23,53.86
TT06381,U01786,25,Female,CR00058,Digital Marketing,Free,2025-07-14,0.0
TT06382,U01789,33,Female,CR00036,Project Management,Free,2025-03-02,0.0
TT06383,U01795,15,Female,CR00059,Digital Marketing,Free,2025-04-03,0.0
TT06384,U01805,21,Male,CR00031,Cybersecurity,Free,2025-01-05,0.0
TT06385,U01809,24,Female,CR00056,Digital Marketing,Paid,2025-04-30,212.39
TT06386,U01810,15,Female,CR00037,Project Management,Free,2025-02-09,0.0
TT06387,U01812,17,Male,CR00024,Data Science,Paid,2025-03-10,117.68
TT06388,U01820,24,Male,CR00001,Programming,Paid,2025-09-21,472.28
TT06389,U01822,22,Male,CR00007,Design,Free,2025-12-20,0.0
TT06390,U01825,25,Male,CR00038,Project Management,Paid,2025-11-15,342.61
TT06391,U01840,35,Female,CR00059,Digital Marketing,Free,2025-08-11,0.0
TT06392,U01842,33,Female,CR00036,Project Management,Free,2025-01-14,0.0
TT06393,U01854,16,Male,CR00056,Digital Marketing,Paid,2025-07-20,212.39
TT06394,U01867,24,Female,CR00004,Programming,Free,2025-11-25,0.0
TT06395,U01871,21,Male,CR00024,Data Science,Paid,2025-07-21,117.68
TT06396,U01872,28,Female,CR00004,Programming,Free,2025-01-17,0.0
TT06397,U01876,17,Male,CR00001,Programming,Paid,2025-07-23,472.28
TT06398,U01877,19,Male,CR00058,Digital Marketing,Free,2025-10-18,0.0
TT06399,U01879,32,Female,CR00044,Finance,Paid,2025-12-24,119.04
TT06400,U01893,23,Female,CR00014,Business,Free,2025-06-10,0.0
TT06401,U01896,32,Female,CR00049,Artificial Intelligence,Paid,2025-11-28,415.51
TT06402,U01900,19,Male,CR00021,Data Science,Free,2025-10-07,0.0
TT06403,U01903,17,Female,CR00057,Digital Marketing,Paid,2025-08-05,177.34
TT06404,U01906,19,Male,CR00060,Digital Marketing,Free,2025-04-15,0.0
TT06405,U01908,19,Male,CR00009,Design,Free,2025-04-26,0.0
TT06406,U01917,18,Female,CR00018,Marketing,Free,2025-09-15,0.0
TT06407,U01918,23,Male,CR00024,Data Science,Paid,2025-11-23,117.68
TT06408,U01920,33,Male,CR00024,Data Science,Paid,2025-01-20,117.68
TT06409,U01926,26,Female,CR00002,Programming,Free,2025-08-24,0.0
TT06410,U01929,19,Male,CR00024,Data Science,Paid,2025-03-21,117.68
TT06411,U01931,23,Female,CR00038,Project Management,Paid,2025-09-12,342.61
TT06412,U01934,22,Male,CR00047,Artificial Intelligence,Paid,2025-10-08,89.59
TT06413,U01943,17,Male,CR00038,Project Management,Paid,2025-04-29,342.61
TT06414,U01958,16,Male,CR00042,Finance,Free,2025-09-28,0.0
TT06415,U01961,30,Male,CR00005,Programming,Free,2025-04-13,0.0
TT06416,U01962,19,Male,CR00053,Web Development,Free,2025-02-02,0.0
TT06417,U01987,15,Male,CR00027,Machine Learning,Free,2025-06-01,0.0
TT06418,U01989,26,Female,CR00027,Machine Learning,Free,2025-06-22,0.0
TT06419,U01993,23,Female,CR00041,Finance,Paid,2025-03-10,53.86
TT06420,U01994,20,Female,CR00022,Data Science,Free,2025-08-18,0.0
TT06421,U01998,23,Male,CR00001,Programming,Paid,2025-01-07,472.28
TT06422,U02010,31,Male,CR00020,Marketing,Free,2025-05-10,0.0
TT06423,U02015,30,Male,CR00034,Cybersecurity,Paid,2025-09-23,394.26
TT06424,U02022,27,Female,CR00059,Digital Marketing,Free,2025-01-17,0.0
TT06425,U02035,32,Male,CR00049,Artificial Intelligence,Paid,2025-02-22,415.51
TT06426,U02038,32,Female,CR00023,Data Science,Free,2025-08-11,0.0
TT06427,U02039,29,Male,CR00004,Programming,Free,2025-10-30,0.0
TT06428,U02055,33,Female,CR00040,Project Management,Paid,2025-08-04,327.99
TT06429,U02058,16,Male,CR00054,Web Development,Free,2025-08-06,0.0
TT06430,U02064,35,Male,CR00010,Design,Free,2025-03-13,0.0
TT06431,U02071,24,Male,CR00026,Machine Learning,Free,2025-04-10,0.0
TT06432,U02074,27,Female,CR00025,Data Science,Paid,2025-04-07,299.57
TT06433,U02077,24,Male,CR00013,Business,Free,2025-07-11,0.0
TT06434,U02094,24,Female,CR00036,Project Management,Free,2025-05-11,0.0
TT06435,U02096,31,Male,CR00017,Marketing,Free,2025-08-13,0.0
TT06436,U02098,25,Male,CR00015,Business,Paid,2025-03-12,285.05
TT06437,U02144,15,Male,CR00034,Cybersecurity,Paid,2025-05-19,394.26
TT06438,U02147,33,Male,CR00055,Web Development,Paid,2025-12-03,57.32
TT06439,U02149,21,Female,CR00023,Data Science,Free,2025-04-27,0.0
TT06440,U02151,18,Female,CR00049,Artificial Intelligence,Paid,2025-10-13,415.51
TT06441,U02152,35,Female,CR00034,Cybersecurity,Paid,2025-11-14,394.26
TT06442,U02153,18,Female,CR00004,Programming,Free,2025-11-14,0.0
TT06443,U02155,16,Female,CR00014,Business,Free,2025-09-25,0.0
TT06444,U02161,23,Female,CR00022,Data Science,Free,2025-03-11,0.0
TT06445,U02174,17,Female,CR00005,Programming,Free,2025-08-20,0.0
TT06446,U02199,27,Male,CR00045,Finance,Free,2025-11-27,0.0
TT06447,U02212,33,Male,CR00015,Business,Paid,2025-03-09,285.05
TT06448,U02215,32,Male,CR00042,Finance,Free,2025-11-13,0.0
TT06449,U02217,21,Male,CR00004,Programming,Free,2025-06-12,0.0
TT06450,U02224,18,Female,CR00059,Digital Marketing,Free,2025-03-11,0.0
TT06451,U02231,20,Male,CR00036,Project Management,Free,2025-09-13,0.0
TT06452,U02248,29,Male,CR00016,Marketing,Free,2025-11-10,0.0
TT06453,U02250,19,Female,CR00047,Artificial Intelligence,Paid,2025-11-02,89.59
TT06454,U02254,17,Female,CR00011,Business,Paid,2025-09-26,326.02
TT06455,U02258,21,Male,CR00011,Business,Paid,2025-06-29,326.02
TT06456,U02284,28,Male,CR00005,Programming,Free,2025-09-18,0.0
TT06457,U02288,32,Female,CR00022,Data Science,Free,2025-06-11,0.0
TT06458,U02290,25,Male,CR00013,Business,Free,2025-01-15,0.0
TT06459,U02300,35,Male,CR00032,Cybersecurity,Free,2025-09-01,0.0
TT06460,U02301,18,Female,CR00021,Data Science,Free,2025-04-15,0.0
TT06461,U02306,18,Female,CR00029,Machine Learning,Free,2025-12-08,0.0
TT06462,U02315,34,Male,CR00018,Marketing,Free,2025-11-06,0.0
TT06463,U02336,17,Female,CR00005,Programming,Free,2025-02-22,0.0
TT06464,U02337,18,Female,CR00014,Business,Free,2025-11-10,0.0
TT06465,U02344,26,Male,CR00056,Digital Marketing,Paid,2025-11-14,212.39
TT06466,U02345,31,Male,CR00056,Digital Marketing,Paid,2025-10-16,212.39
TT06467,U02349,27,Male,CR00040,Project Management,Paid,2025-01-18,327.99
TT06468,U02370,24,Male,CR00007,Design,Free,2025-12-30,0.0
TT06469,U02410,18,Male,CR00012,Business,Paid,2025-02-05,487.92
TT06470,U02415,33,Male,CR00005,Programming,Free,2025-05-21,0.0
TT06471,U02427,31,Female,CR00056,Digital Marketing,Paid,2025-07-12,212.39
TT06472,U02445,26,Female,CR00029,Machine Learning,Free,2025-02-19,0.0
TT06473,U02459,33,Male,CR00004,Programming,Free,2025-12-20,0.0
TT06474,U02470,34,Male,CR00054,Web Development,Free,2025-07-04,0.0
TT06475,U02485,22,Male,CR00045,Finance,Free,2025-07-04,0.0
TT06476,U02490,24,Female,CR00022,Data Science,Free,2025-12-27,0.0
TT06477,U02512,15,Female,CR00023,Data Science,Free,2025-07-18,0.0
TT06478,U02537,31,Female,CR00032,Cybersecurity,Free,2025-04-15,0.0
TT06479,U02540,33,Female,CR00040,Project Management,Paid,2025-07-15,327.99
TT06480,U02541,18,Female,CR00016,Marketing,Free,2025-01-30,0.0
TT06481,U02542,35,Female,CR00055,Web Development,Paid,2025-06-09,57.32
TT06482,U02564,19,Female,CR00056,Digital Marketing,Paid,2025-04-30,212.39
TT06483,U02566,30,Female,CR00021,Data Science,Free,2025-01-08,0.0
TT06484,U02582,23,Male,CR00030,Machine Learning,Free,2025-10-13,0.0
TT06485,U02583,33,Male,CR00007,Design,Free,2025-10-29,0.0
TT06486,U02602,33,Male,CR00050,Artificial Intelligence,Paid,2025-08-18,490.9
TT06487,U02605,22,Male,CR00017,Marketing,Free,2025-11-20,0.0
TT06488,U02612,22,Male,CR00051,Web Development,Paid,2025-06-25,37.89
TT06489,U02614,30,Female,CR00015,Business,Paid,2025-05-28,285.05
TT06490,U02616,19,Female,CR00012,Business,Paid,2025-12-05,487.92
TT06491,U02623,32,Female,CR00042,Finance,Free,2025-06-01,0.0
TT06492,U02630,20,Male,CR00004,Programming,Free,2025-09-23,0.0
TT06493,U02633,19,Female,CR00013,Business,Free,2025-11-08,0.0
TT06494,U02643,17,Female,CR00018,Marketing,Free,2025-05-20,0.0
TT06495,U02651,16,Female,CR00041,Finance,Paid,2025-01-20,53.86
TT06496,U02663,27,Female,CR00035,Cybersecurity,Free,2025-11-02,0.0
TT06497,U02672,32,Male,CR00033,Cybersecurity,Free,2025-12-12,0.0
TT06498,U02679,18,Male,CR00026,Machine Learning,Free,2025-04-04,0.0
TT06499,U02683,28,Male,CR00023,Data Science,Free,2025-01-29,0.0
TT06500,U02684,28,Male,CR00049,Artificial Intelligence,Paid,2025-07-06,415.51
TT06501,U02698,18,Female,CR00052,Web Development,Free,2025-06-25,0.0
TT06502,U02709,19,Female,CR00035,Cybersecurity,Free,2025-01-15,0.0
TT06503,U02733,31,Male,CR00021,Data Science,Free,2025-09-13,0.0
TT06504,U02743,33,Male,CR00029,Machine Learning,Free,2025-03-11,0.0
TT06505,U02754,34,Male,CR00053,Web Development,Free,2025-08-14,0.0
TT06506,U02767,31,Male,CR00052,Web Development,Free,2025-05-30,0.0
TT06507,U02770,31,Male,CR00008,Design,Free,2025-10-04,0.0
TT06508,U02786,25,Male,CR00043,Finance,Free,2025-02-02,0.0
TT06509,U02791,27,Male,CR00026,Machine Learning,Free,2025-08-16,0.0
TT06510,U02792,27,Female,CR00050,Artificial Intelligence,Paid,2025-04-01,490.9
TT06511,U02793,22,Female,CR00022,Data Science,Free,2025-10-02,0.0
TT06512,U02821,27,Male,CR00045,Finance,Free,2025-09-28,0.0
TT06513,U02825,34,Male,CR00041,Finance,Paid,2025-12-27,53.86
TT06514,U02832,31,Male,CR00027,Machine Learning,Free,2025-07-19,0.0
TT06515,U02843,26,Male,CR00005,Programming,Free,2025-10-11,0.0
TT06516,U02850,25,Female,CR00015,Business,Paid,2025-08-18,285.05
TT06517,U02857,35,Male,CR00023,Data Science,Free,2025-08-06,0.0
TT06518,U02874,32,Male,CR00054,Web Development,Free,2025-02-24,0.0
TT06519,U02883,16,Female,CR00015,Business,Paid,2025-09-18,285.05
TT06520,U02899,28,Female,CR00010,Design,Free,2025-03-02,0.0
TT06521,U02909,19,Female,CR00035,Cybersecurity,Free,2025-09-29,0.0
TT06522,U02915,33,Female,CR00048,Artificial Intelligence,Free,2025-11-23,0.0
TT06523,U02916,20,Male,CR00037,Project Management,Free,2025-08-29,0.0
TT06524,U02927,20,Male,CR00046,Artificial Intelligence,Paid,2025-02-05,248.1
TT06525,U02931,28,Female,CR00053,Web Development,Free,2025-08-27,0.0
TT06526,U02941,22,Male,CR00041,Finance,Paid,2025-08-18,53.86
TT06527,U02945,23,Female,CR00024,Data Science,Paid,2025-05-25,117.68
TT06528,U02947,18,Female,CR00048,Artificial Intelligence,Free,2025-07-24,0.0
TT06529,U02958,33,Male,CR00027,Machine Learning,Free,2025-11-01,0.0
TT06530,U02969,18,Female,CR00039,Project Management,Paid,2025-03-19,346.71
TT06531,U02971,20,Female,CR00019,Marketing,Free,2025-10-15,0.0
TT06532,U02974,31,Female,CR00050,Artificial Intelligence,Paid,2025-07-24,490.9
TT06533,U02976,28,Female,CR00054,Web Development,Free,2025-09-23,0.0
TT06534,U02980,27,Male,CR00044,Finance,Paid,2025-02-04,119.04
TT06535,U02981,23,Male,CR00030,Machine Learning,Free,2025-09-25,0.0
TT06536,U02984,35,Female,CR00007,Design,Free,2025-11-11,0.0
TT06537,U02989,22,Male,CR00049,Artificial Intelligence,Paid,2025-04-27,415.51
TT06538,U02992,24,Female,CR00042,Finance,Free,2025-01-17,0.0
TT06539,U02994,31,Female,CR00036,Project Management,Free,2025-12-12,0.0
TT06540,U00003,33,Female,CR00042,Finance,Free,2025-08-24,0.0
TT06541,U00004,23,Female,CR00047,Artificial Intelligence,Paid,2025-01-06,89.59
TT06542,U00013,33,Female,CR00029,Machine Learning,Free,2025-06-24,0.0
TT06543,U00015,27,Female,CR00030,Machine Learning,Free,2025-02-02,0.0
TT06544,U00018,24,Female,CR00040,Project Management,Paid,2025-12-13,327.99
TT06545,U00028,30,Female,CR00003,Programming,Free,2025-10-23,0.0
TT06546,U00045,23,Female,CR00037,Project Management,Free,2025-04-13,0.0
TT06547,U00048,19,Male,CR00009,Design,Free,2025-09-17,0.0
TT06548,U00055,31,Female,CR00008,Design,Free,2025-05-20,0.0
TT06549,U00071,30,Female,CR00031,Cybersecurity,Free,2025-06-07,0.0
TT06550,U00083,16,Male,CR00024,Data Science,Paid,2025-07-28,117.68
TT06551,U00085,22,Female,CR00005,Programming,Free,2025-12-30,0.0
TT06552,U00109,15,Female,CR00007,Design,Free,2025-12-10,0.0
TT06553,U00117,19,Female,CR00043,Finance,Free,2025-12-05,0.0
TT06554,U00126,23,Female,CR00019,Marketing,Free,2025-08-06,0.0
TT06555,U00128,35,Female,CR00026,Machine Learning,Free,2025-06-20,0.0
TT06556,U00134,26,Female,CR00035,Cybersecurity,Free,2025-01-28,0.0
TT06557,U00144,24,Female,CR00044,Finance,Paid,2025-01-11,119.04
TT06558,U00147,30,Male,CR00054,Web Development,Free,2025-12-21,0.0
TT06559,U00149,17,Female,CR00050,Artificial Intelligence,Paid,2025-12-06,490.9
TT06560,U00152,19,Female,CR00044,Finance,Paid,2025-11-02,119.04
TT06561,U00161,25,Female,CR00022,Data Science,Free,2025-01-30,0.0
TT06562,U00166,33,Male,CR00022,Data Science,Free,2025-02-04,0.0
TT06563,U00169,24,Male,CR00048,Artificial Intelligence,Free,2025-02-21,0.0
TT06564,U00173,31,Male,CR00002,Programming,Free,2025-10-03,0.0
TT06565,U00177,29,Female,CR00044,Finance,Paid,2025-06-12,119.04
TT06566,U00178,20,Male,CR00020,Marketing,Free,2025-11-06,0.0
TT06567,U00191,34,Male,CR00017,Marketing,Free,2025-06-05,0.0
TT06568,U00192,17,Male,CR00036,Project Management,Free,2025-01-15,0.0
TT06569,U00198,30,Female,CR00045,Finance,Free,2025-09-13,0.0
TT06570,U00208,18,Female,CR00035,Cybersecurity,Free,2025-11-29,0.0
TT06571,U00216,23,Male,CR00003,Programming,Free,2025-06-24,0.0
TT06572,U00220,20,Male,CR00035,Cybersecurity,Free,2025-08-28,0.0
TT06573,U00238,24,Female,CR00022,Data Science,Free,2025-01-12,0.0
TT06574,U00251,28,Female,CR00009,Design,Free,2025-12-08,0.0
TT06575,U00260,35,Male,CR00033,Cybersecurity,Free,2025-08-10,0.0
TT06576,U00272,25,Male,CR00050,Artificial Intelligence,Paid,2025-10-25,490.9
TT06577,U00282,19,Male,CR00013,Business,Free,2025-08-14,0.0
TT06578,U00292,33,Male,CR00030,Machine Learning,Free,2025-02-12,0.0
TT06579,U00293,25,Female,CR00039,Project Management,Paid,2025-09-30,346.71
TT06580,U00298,32,Male,CR00044,Finance,Paid,2025-03-01,119.04
TT06581,U00301,26,Male,CR00043,Finance,Free,2025-08-25,0.0
TT06582,U00303,35,Male,CR00028,Machine Learning,Paid,2025-08-05,0.78
TT06583,U00310,26,Female,CR00002,Programming,Free,2025-10-23,0.0
TT06584,U00315,31,Female,CR00055,Web Development,Paid,2025-07-07,57.32
TT06585,U00321,28,Male,CR00007,Design,Free,2025-03-07,0.0
TT06586,U00322,23,Male,CR00020,Marketing,Free,2025-01-26,0.0
TT06587,U00323,21,Female,CR00038,Project Management,Paid,2025-05-25,342.61
TT06588,U00328,29,Female,CR00056,Digital Marketing,Paid,2025-03-23,212.39
TT06589,U00330,15,Female,CR00019,Marketing,Free,2025-07-17,0.0
TT06590,U00334,24,Female,CR00014,Business,Free,2025-02-22,0.0
TT06591,U00338,23,Female,CR00058,Digital Marketing,Free,2025-07-10,0.0
TT06592,U00339,29,Male,CR00055,Web Development,Paid,2025-07-10,57.32
TT06593,U00340,30,Male,CR00054,Web Development,Free,2025-02-17,0.0
TT06594,U00345,16,Male,CR00055,Web Development,Paid,2025-03-21,57.32
TT06595,U00352,28,Male,CR00020,Marketing,Free,2025-06-27,0.0
TT06596,U00353,34,Female,CR00013,Business,Free,2025-07-10,0.0
TT06597,U00356,21,Female,CR00050,Artificial Intelligence,Paid,2025-04-11,490.9
TT06598,U00357,15,Female,CR00012,Business,Paid,2025-09-12,487.92
TT06599,U00365,30,Female,CR00060,Digital Marketing,Free,2025-12-30,0.0
TT06600,U00379,20,Male,CR00016,Marketing,Free,2025-10-23,0.0
TT06601,U00383,29,Female,CR00003,Programming,Free,2025-06-08,0.0
TT06602,U00399,31,Female,CR00039,Project Management,Paid,2025-11-24,346.71
TT06603,U00404,21,Female,CR00010,Design,Free,2025-12-29,0.0
TT06604,U00406,33,Male,CR00013,Business,Free,2025-01-10,0.0
TT06605,U00407,23,Male,CR00028,Machine Learning,Paid,2025-02-21,0.78
TT06606,U00411,17,Female,CR00032,Cybersecurity,Free,2025-02-13,0.0
TT06607,U00415,31,Female,CR00051,Web Development,Paid,2025-03-03,37.89
TT06608,U00423,27,Female,CR00038,Project Management,Paid,2025-02-22,342.61
TT06609,U00424,35,Male,CR00017,Marketing,Free,2025-08-04,0.0
TT06610,U00427,29,Female,CR00002,Programming,Free,2025-04-12,0.0
TT06611,U00438,21,Male,CR00016,Marketing,Free,2025-02-21,0.0
TT06612,U00444,15,Female,CR00019,Marketing,Free,2025-06-22,0.0
TT06613,U00449,33,Female,CR00030,Machine Learning,Free,2025-11-28,0.0
TT06614,U00450,20,Male,CR00013,Business,Free,2025-10-27,0.0
TT06615,U00494,26,Male,CR00031,Cybersecurity,Free,2025-06-11,0.0
TT06616,U00543,18,Female,CR00029,Machine Learning,Free,2025-04-07,0.0
TT06617,U00548,32,Female,CR00023,Data Science,Free,2025-08-11,0.0
TT06618,U00556,25,Female,CR00053,Web Development,Free,2025-01-01,0.0
TT06619,U00559,20,Male,CR00025,Data Science,Paid,2025-07-24,299.57
TT06620,U00562,23,Female,CR00042,Finance,Free,2025-06-21,0.0
TT06621,U00569,15,Female,CR00036,Project Management,Free,2025-07-24,0.0
TT06622,U00570,27,Male,CR00050,Artificial Intelligence,Paid,2025-05-23,490.9
TT06623,U00572,32,Male,CR00005,Programming,Free,2025-09-15,0.0
TT06624,U00573,30,Male,CR00023,Data Science,Free,2025-05-12,0.0
TT06625,U00574,33,Female,CR00002,Programming,Free,2025-03-09,0.0
TT06626,U00576,16,Male,CR00013,Business,Free,2025-02-10,0.0
TT06627,U00584,31,Female,CR00030,Machine Learning,Free,2025-12-26,0.0
TT06628,U00592,18,Female,CR00019,Marketing,Free,2025-04-12,0.0
TT06629,U00595,29,Male,CR00024,Data Science,Paid,2025-07-15,117.68
TT06630,U00604,30,Female,CR00027,Machine Learning,Free,2025-11-25,0.0
TT06631,U00619,32,Female,CR00024,Data Science,Paid,2025-01-07,117.68
TT06632,U00633,35,Female,CR00030,Machine Learning,Free,2025-05-28,0.0
TT06633,U00636,21,Female,CR00036,Project Management,Free,2025-06-28,0.0
TT06634,U00639,33,Female,CR00043,Finance,Free,2025-09-30,0.0
TT06635,U00666,30,Female,CR00024,Data Science,Paid,2025-10-29,117.68
TT06636,U00687,29,Female,CR00046,Artificial Intelligence,Paid,2025-03-30,248.1
TT06637,U00701,32,Male,CR00038,Project Management,Paid,2025-12-21,342.61
TT06638,U00704,30,Male,CR00006,Design,Paid,2025-09-16,276.37
TT06639,U00709,23,Female,CR00060,Digital Marketing,Free,2025-12-30,0.0
TT06640,U00724,16,Female,CR00001,Programming,Paid,2025-04-26,472.28
TT06641,U00752,30,Male,CR00018,Marketing,Free,2025-05-17,0.0
TT06642,U00760,21,Female,CR00001,Programming,Paid,2025-08-09,472.28
TT06643,U00765,31,Female,CR00026,Machine Learning,Free,2025-05-23,0.0
TT06644,U00767,16,Female,CR00039,Project Management,Paid,2025-04-27,346.71
TT06645,U00772,24,Female,CR00020,Marketing,Free,2025-02-19,0.0
TT06646,U00775,29,Female,CR00046,Artificial Intelligence,Paid,2025-10-05,248.1
TT06647,U00786,32,Female,CR00044,Finance,Paid,2025-07-21,119.04
TT06648,U00787,29,Female,CR00005,Programming,Free,2025-04-07,0.0
TT06649,U00819,28,Female,CR00032,Cybersecurity,Free,2025-08-07,0.0
TT06650,U00821,23,Male,CR00051,Web Development,Paid,2025-07-08,37.89
TT06651,U00829,22,Male,CR00052,Web Development,Free,2025-10-07,0.0
TT06652,U00836,29,Female,CR00025,Data Science,Paid,2025-11-18,299.57
TT06653,U00838,25,Female,CR00048,Artificial Intelligence,Free,2025-03-07,0.0
TT06654,U00850,26,Male,CR00018,Marketing,Free,2025-07-08,0.0
TT06655,U00852,23,Male,CR00011,Business,Paid,2025-04-12,326.02
TT06656,U00858,20,Male,CR00041,Finance,Paid,2025-01-17,53.86
TT06657,U00870,22,Male,CR00028,Machine Learning,Paid,2025-01-09,0.78
TT06658,U00874,25,Male,CR00018,Marketing,Free,2025-07-21,0.0
TT06659,U00876,27,Male,CR00011,Business,Paid,2025-07-30,326.02
TT06660,U00881,34,Female,CR00050,Artificial Intelligence,Paid,2025-10-01,490.9
TT06661,U00893,15,Male,CR00014,Business,Free,2025-02-06,0.0
TT06662,U00898,24,Female,CR00037,Project Management,Free,2025-04-25,0.0
TT06663,U00903,29,Female,CR00044,Finance,Paid,2025-07-03,119.04
TT06664,U00907,23,Female,CR00029,Machine Learning,Free,2025-03-23,0.0
TT06665,U00911,15,Female,CR00010,Design,Free,2025-03-09,0.0
TT06666,U00915,24,Female,CR00041,Finance,Paid,2025-01-24,53.86
TT06667,U00917,28,Female,CR00037,Project Management,Free,2025-06-21,0.0
TT06668,U00919,28,Male,CR00013,Business,Free,2025-12-07,0.0
TT06669,U00928,33,Female,CR00011,Business,Paid,2025-05-21,326.02
TT06670,U00959,22,Male,CR00058,Digital Marketing,Free,2025-12-01,0.0
TT06671,U00961,31,Male,CR00015,Business,Paid,2025-12-05,285.05
TT06672,U00967,15,Male,CR00006,Design,Paid,2025-08-21,276.37
TT06673,U00989,26,Male,CR00031,Cybersecurity,Free,2025-11-11,0.0
TT06674,U00997,34,Female,CR00046,Artificial Intelligence,Paid,2025-04-25,248.1
TT06675,U01000,16,Female,CR00024,Data Science,Paid,2025-02-07,117.68
TT06676,U01015,29,Male,CR00053,Web Development,Free,2025-09-24,0.0
TT06677,U01020,28,Male,CR00002,Programming,Free,2025-07-27,0.0
TT06678,U01022,17,Male,CR00055,Web Development,Paid,2025-12-20,57.32
TT06679,U01031,15,Male,CR00020,Marketing,Free,2025-01-06,0.0
TT06680,U01032,16,Male,CR00003,Programming,Free,2025-07-27,0.0
TT06681,U01033,30,Male,CR00015,Business,Paid,2025-11-17,285.05
TT06682,U01034,18,Female,CR00041,Finance,Paid,2025-05-05,53.86
TT06683,U01079,21,Male,CR00026,Machine Learning,Free,2025-09-28,0.0
TT06684,U01092,34,Female,CR00016,Marketing,Free,2025-01-16,0.0
TT06685,U01096,18,Male,CR00027,Machine Learning,Free,2025-06-08,0.0
TT06686,U01123,29,Female,CR00057,Digital Marketing,Paid,2025-12-21,177.34
TT06687,U01143,31,Male,CR00019,Marketing,Free,2025-03-12,0.0
TT06688,U01146,15,Male,CR00008,Design,Free,2025-08-20,0.0
TT06689,U01151,28,Female,CR00058,Digital Marketing,Free,2025-03-02,0.0
TT06690,U01163,24,Male,CR00037,Project Management,Free,2025-08-29,0.0
TT06691,U01167,16,Female,CR00030,Machine Learning,Free,2025-10-20,0.0
TT06692,U01170,27,Female,CR00028,Machine Learning,Paid,2025-07-14,0.78
TT06693,U01177,16,Male,CR00043,Finance,Free,2025-11-15,0.0
TT06694,U01180,18,Male,CR00006,Design,Paid,2025-05-16,276.37
TT06695,U01197,28,Male,CR00026,Machine Learning,Free,2025-09-03,0.0
TT06696,U01203,15,Male,CR00039,Project Management,Paid,2025-12-21,346.71
TT06697,U01221,32,Male,CR00009,Design,Free,2025-08-17,0.0
TT06698,U01224,23,Female,CR00039,Project Management,Paid,2025-02-17,346.71
TT06699,U01231,21,Female,CR00025,Data Science,Paid,2025-05-02,299.57
TT06700,U01233,28,Male,CR00040,Project Management,Paid,2025-02-06,327.99
TT06701,U01235,27,Female,CR00026,Machine Learning,Free,2025-02-26,0.0
TT06702,U01237,24,Male,CR00021,Data Science,Free,2025-07-13,0.0
TT06703,U01239,20,Male,CR00019,Marketing,Free,2025-07-26,0.0
TT06704,U01244,30,Female,CR00016,Marketing,Free,2025-02-28,0.0
TT06705,U01249,25,Male,CR00025,Data Science,Paid,2025-05-15,299.57
TT06706,U01250,27,Female,CR00037,Project Management,Free,2025-04-29,0.0
TT06707,U01261,25,Male,CR00028,Machine Learning,Paid,2025-01-03,0.78
TT06708,U01266,18,Female,CR00012,Business,Paid,2025-03-20,487.92
TT06709,U01267,30,Female,CR00058,Digital Marketing,Free,2025-02-03,0.0
TT06710,U01268,33,Male,CR00030,Machine Learning,Free,2025-09-22,0.0
TT06711,U01277,26,Female,CR00021,Data Science,Free,2025-03-20,0.0
TT06712,U01280,26,Female,CR00046,Artificial Intelligence,Paid,2025-08-10,248.1
TT06713,U01281,23,Female,CR00058,Digital Marketing,Free,2025-03-12,0.0
TT06714,U01284,34,Female,CR00050,Artificial Intelligence,Paid,2025-11-29,490.9
TT06715,U01286,27,Male,CR00006,Design,Paid,2025-06-27,276.37
TT06716,U01287,33,Female,CR00008,Design,Free,2025-10-02,0.0
TT06717,U01315,33,Male,CR00054,Web Development,Free,2025-11-19,0.0
TT06718,U01318,18,Female,CR00021,Data Science,Free,2025-12-22,0.0
TT06719,U01321,35,Male,CR00013,Business,Free,2025-01-11,0.0
TT06720,U01331,16,Male,CR00012,Business,Paid,2025-02-05,487.92
TT06721,U01332,20,Male,CR00044,Finance,Paid,2025-12-28,119.04
TT06722,U01336,33,Male,CR00026,Machine Learning,Free,2025-05-01,0.0
TT06723,U01337,32,Female,CR00001,Programming,Paid,2025-09-12,472.28
TT06724,U01343,32,Male,CR00033,Cybersecurity,Free,2025-08-08,0.0
TT06725,U01344,25,Female,CR00047,Artificial Intelligence,Paid,2025-03-03,89.59
TT06726,U01346,16,Male,CR00007,Design,Free,2025-12-15,0.0
TT06727,U01347,20,Male,CR00018,Marketing,Free,2025-03-16,0.0
TT06728,U01350,16,Female,CR00045,Finance,Free,2025-04-02,0.0
TT06729,U01352,25,Male,CR00018,Marketing,Free,2025-04-23,0.0
TT06730,U01355,28,Female,CR00001,Programming,Paid,2025-04-19,472.28
TT06731,U01364,16,Female,CR00006,Design,Paid,2025-10-22,276.37
TT06732,U01375,22,Male,CR00019,Marketing,Free,2025-09-09,0.0
TT06733,U01394,26,Female,CR00051,Web Development,Paid,2025-12-06,37.89
TT06734,U01395,31,Male,CR00027,Machine Learning,Free,2025-10-12,0.0
TT06735,U01399,20,Male,CR00050,Artificial Intelligence,Paid,2025-01-09,490.9
TT06736,U01405,35,Male,CR00051,Web Development,Paid,2025-04-30,37.89
TT06737,U01411,21,Male,CR00029,Machine Learning,Free,2025-12-15,0.0
TT06738,U01414,35,Female,CR00047,Artificial Intelligence,Paid,2025-01-15,89.59
TT06739,U01429,31,Female,CR00018,Marketing,Free,2025-11-04,0.0
TT06740,U01430,19,Female,CR00032,Cybersecurity,Free,2025-04-07,0.0
TT06741,U01432,17,Female,CR00025,Data Science,Paid,2025-02-27,299.57
TT06742,U01435,16,Male,CR00051,Web Development,Paid,2025-01-04,37.89
TT06743,U01445,29,Male,CR00057,Digital Marketing,Paid,2025-06-19,177.34
TT06744,U01450,16,Female,CR00010,Design,Free,2025-09-15,0.0
TT06745,U01451,17,Male,CR00049,Artificial Intelligence,Paid,2025-12-07,415.51
TT06746,U01455,22,Female,CR00052,Web Development,Free,2025-03-20,0.0
TT06747,U01460,32,Female,CR00045,Finance,Free,2025-03-11,0.0
TT06748,U01463,30,Female,CR00060,Digital Marketing,Free,2025-02-06,0.0
TT06749,U01472,27,Female,CR00034,Cybersecurity,Paid,2025-11-05,394.26
TT06750,U01475,20,Male,CR00060,Digital Marketing,Free,2025-07-01,0.0
TT06751,U01488,27,Male,CR00047,Artificial Intelligence,Paid,2025-01-13,89.59
TT06752,U01497,35,Female,CR00002,Programming,Free,2025-11-07,0.0
TT06753,U01500,15,Male,CR00008,Design,Free,2025-06-06,0.0
TT06754,U01506,34,Male,CR00020,Marketing,Free,2025-04-23,0.0
TT06755,U01511,15,Male,CR00015,Business,Paid,2025-11-22,285.05
TT06756,U01512,19,Male,CR00027,Machine Learning,Free,2025-09-20,0.0
TT06757,U01522,31,Female,CR00056,Digital Marketing,Paid,2025-05-28,212.39
TT06758,U01526,20,Male,CR00043,Finance,Free,2025-10-17,0.0
TT06759,U01528,16,Male,CR00054,Web Development,Free,2025-09-15,0.0
TT06760,U01530,16,Male,CR00051,Web Development,Paid,2025-02-12,37.89
TT06761,U01531,30,Female,CR00039,Project Management,Paid,2025-03-03,346.71
TT06762,U01536,33,Female,CR00037,Project Management,Free,2025-06-23,0.0
TT06763,U01543,25,Female,CR00021,Data Science,Free,2025-05-03,0.0
TT06764,U01553,27,Male,CR00023,Data Science,Free,2025-06-09,0.0
TT06765,U01575,15,Female,CR00032,Cybersecurity,Free,2025-05-09,0.0
TT06766,U01578,26,Male,CR00037,Project Management,Free,2025-02-25,0.0
TT06767,U01586,27,Male,CR00001,Programming,Paid,2025-01-24,472.28
TT06768,U01602,31,Female,CR00050,Artificial Intelligence,Paid,2025-03-02,490.9
TT06769,U01618,15,Female,CR00016,Marketing,Free,2025-08-22,0.0
TT06770,U01627,23,Female,CR00040,Project Management,Paid,2025-10-17,327.99
TT06771,U01628,26,Male,CR00046,Artificial Intelligence,Paid,2025-03-08,248.1
TT06772,U01635,18,Female,CR00023,Data Science,Free,2025-12-25,0.0
TT06773,U01637,30,Male,CR00060,Digital Marketing,Free,2025-09-24,0.0
TT06774,U01649,35,Male,CR00007,Design,Free,2025-12-09,0.0
TT06775,U01654,22,Female,CR00022,Data Science,Free,2025-01-14,0.0
TT06776,U01656,27,Male,CR00032,Cybersecurity,Free,2025-07-06,0.0
TT06777,U01662,28,Male,CR00001,Programming,Paid,2025-02-12,472.28
TT06778,U01666,28,Female,CR00051,Web Development,Paid,2025-07-09,37.89
TT06779,U01671,25,Male,CR00042,Finance,Free,2025-02-07,0.0
TT06780,U01674,27,Female,CR00030,Machine Learning,Free,2025-04-01,0.0
TT06781,U01692,26,Male,CR00037,Project Management,Free,2025-11-15,0.0
TT06782,U01695,32,Male,CR00015,Business,Paid,2025-07-13,285.05
TT06783,U01702,21,Female,CR00025,Data Science,Paid,2025-03-22,299.57
TT06784,U01708,22,Male,CR00022,Data Science,Free,2025-11-14,0.0
TT06785,U01720,21,Female,CR00009,Design,Free,2025-12-10,0.0
TT06786,U01721,15,Female,CR00025,Data Science,Paid,2025-05-17,299.57
TT06787,U01724,17,Male,CR00043,Finance,Free,2025-11-24,0.0
TT06788,U01726,32,Female,CR00019,Marketing,Free,2025-10-13,0.0
TT06789,U01729,29,Female,CR00025,Data Science,Paid,2025-05-27,299.57
TT06790,U01745,21,Female,CR00021,Data Science,Free,2025-10-12,0.0
TT06791,U01746,24,Male,CR00058,Digital Marketing,Free,2025-10-27,0.0
TT06792,U01762,33,Male,CR00035,Cybersecurity,Free,2025-04-20,0.0
TT06793,U01773,17,Male,CR00050,Artificial Intelligence,Paid,2025-11-19,490.9
TT06794,U01786,25,Female,CR00055,Web Development,Paid,2025-03-19,57.32
TT06795,U01789,33,Female,CR00056,Digital Marketing,Paid,2025-08-08,212.39
TT06796,U01795,15,Female,CR00002,Programming,Free,2025-04-15,0.0
TT06797,U01805,21,Male,CR00035,Cybersecurity,Free,2025-07-10,0.0
TT06798,U01810,15,Female,CR00049,Artificial Intelligence,Paid,2025-11-04,415.51
TT06799,U01812,17,Male,CR00053,Web Development,Free,2025-09-16,0.0
TT06800,U01820,24,Male,CR00023,Data Science,Free,2025-06-28,0.0
TT06801,U01822,22,Male,CR00042,Finance,Free,2025-10-15,0.0
TT06802,U01825,25,Male,CR00033,Cybersecurity,Free,2025-05-07,0.0
TT06803,U01840,35,Female,CR00035,Cybersecurity,Free,2025-10-29,0.0
TT06804,U01842,33,Female,CR00034,Cybersecurity,Paid,2025-08-06,394.26
TT06805,U01854,16,Male,CR00041,Finance,Paid,2025-06-28,53.86
TT06806,U01867,24,Female,CR00052,Web Development,Free,2025-04-13,0.0
TT06807,U01871,21,Male,CR00022,Data Science,Free,2025-10-16,0.0
TT06808,U01872,28,Female,CR00011,Business,Paid,2025-01-10,326.02
TT06809,U01876,17,Male,CR00005,Programming,Free,2025-09-10,0.0
TT06810,U01877,19,Male,CR00018,Marketing,Free,2025-01-06,0.0
TT06811,U01879,32,Female,CR00052,Web Development,Free,2025-11-10,0.0
TT06812,U01893,23,Female,CR00019,Marketing,Free,2025-06-07,0.0
TT06813,U01896,32,Female,CR00025,Data Science,Paid,2025-02-09,299.57
TT06814,U01900,19,Male,CR00055,Web Development,Paid,2025-04-13,57.32
TT06815,U01903,17,Female,CR00019,Marketing,Free,2025-10-09,0.0
TT06816,U01906,19,Male,CR00040,Project Management,Paid,2025-01-26,327.99
TT06817,U01908,19,Male,CR00011,Business,Paid,2025-03-05,326.02
TT06818,U01917,18,Female,CR00047,Artificial Intelligence,Paid,2025-07-11,89.59
TT06819,U01918,23,Male,CR00018,Marketing,Free,2025-03-14,0.0
TT06820,U01920,33,Male,CR00022,Data Science,Free,2025-07-10,0.0
TT06821,U01926,26,Female,CR00060,Digital Marketing,Free,2025-10-25,0.0
TT06822,U01929,19,Male,CR00002,Programming,Free,2025-04-27,0.0
TT06823,U01934,22,Male,CR00019,Marketing,Free,2025-12-29,0.0
TT06824,U01943,17,Male,CR00036,Project Management,Free,2025-12-22,0.0
TT06825,U01953,19,Male,CR00026,Machine Learning,Free,2025-03-18,0.0
TT06826,U01958,16,Male,CR00044,Finance,Paid,2025-06-13,119.04
TT06827,U01959,26,Female,CR00039,Project Management,Paid,2025-04-09,346.71
TT06828,U01961,30,Male,CR00036,Project Management,Free,2025-09-20,0.0
TT06829,U01962,19,Male,CR00023,Data Science,Free,2025-07-21,0.0
TT06830,U01979,25,Female,CR00007,Design,Free,2025-10-20,0.0
TT06831,U01987,15,Male,CR00022,Data Science,Free,2025-08-10,0.0
TT06832,U01989,26,Female,CR00042,Finance,Free,2025-05-21,0.0
TT06833,U01993,23,Female,CR00031,Cybersecurity,Free,2025-06-30,0.0
TT06834,U01998,23,Male,CR00013,Business,Free,2025-07-18,0.0
TT06835,U02010,31,Male,CR00046,Artificial Intelligence,Paid,2025-02-08,248.1
TT06836,U02015,30,Male,CR00048,Artificial Intelligence,Free,2025-02-13,0.0
TT06837,U02022,27,Female,CR00005,Programming,Free,2025-04-05,0.0
TT06838,U02035,32,Male,CR00004,Programming,Free,2025-09-09,0.0
TT06839,U02038,32,Female,CR00035,Cybersecurity,Free,2025-06-08,0.0
TT06840,U02039,29,Male,CR00015,Business,Paid,2025-12-10,285.05
TT06841,U02055,33,Female,CR00001,Programming,Paid,2025-10-09,472.28
TT06842,U02058,16,Male,CR00001,Programming,Paid,2025-12-19,472.28
TT06843,U02064,35,Male,CR00027,Machine Learning,Free,2025-09-23,0.0
TT06844,U02068,15,Male,CR00058,Digital Marketing,Free,2025-11-25,0.0
TT06845,U02071,24,Male,CR00023,Data Science,Free,2025-09-24,0.0
TT06846,U02074,27,Female,CR00022,Data Science,Free,2025-06-22,0.0
TT06847,U02077,24,Male,CR00032,Cybersecurity,Free,2025-01-29,0.0
TT06848,U02094,24,Female,CR00014,Business,Free,2025-03-01,0.0
TT06849,U02096,31,Male,CR00026,Machine Learning,Free,2025-09-04,0.0
TT06850,U02098,25,Male,CR00051,Web Development,Paid,2025-12-04,37.89
TT06851,U02125,31,Female,CR00046,Artificial Intelligence,Paid,2025-02-21,248.1
TT06852,U02144,15,Male,CR00018,Marketing,Free,2025-06-05,0.0
TT06853,U02147,33,Male,CR00038,Project Management,Paid,2025-06-19,342.61
TT06854,U02149,21,Female,CR00041,Finance,Paid,2025-11-10,53.86
TT06855,U02151,18,Female,CR00039,Project Management,Paid,2025-12-11,346.71
TT06856,U02152,35,Female,CR00037,Project Management,Free,2025-05-07,0.0
TT06857,U02153,18,Female,CR00036,Project Management,Free,2025-10-03,0.0
TT06858,U02155,16,Female,CR00029,Machine Learning,Free,2025-10-24,0.0
TT06859,U02161,23,Female,CR00037,Project Management,Free,2025-10-10,0.0
TT06860,U02174,17,Female,CR00004,Programming,Free,2025-04-25,0.0
TT06861,U02199,27,Male,CR00016,Marketing,Free,2025-11-17,0.0
TT06862,U02212,33,Male,CR00035,Cybersecurity,Free,2025-05-29,0.0
TT06863,U02215,32,Male,CR00021,Data Science,Free,2025-12-26,0.0
TT06864,U02217,21,Male,CR00038,Project Management,Paid,2025-09-22,342.61
TT06865,U02224,18,Female,CR00031,Cybersecurity,Free,2025-02-06,0.0
TT06866,U02231,20,Male,CR00022,Data Science,Free,2025-08-01,0.0
TT06867,U02248,29,Male,CR00020,Marketing,Free,2025-05-24,0.0
TT06868,U02250,19,Female,CR00012,Business,Paid,2025-10-03,487.92
TT06869,U02254,17,Female,CR00054,Web Development,Free,2025-12-21,0.0
TT06870,U02258,21,Male,CR00020,Marketing,Free,2025-11-08,0.0
TT06871,U02284,28,Male,CR00055,Web Development,Paid,2025-10-05,57.32
TT06872,U02288,32,Female,CR00039,Project Management,Paid,2025-12-25,346.71
TT06873,U02300,35,Male,CR00006,Design,Paid,2025-01-07,276.37
TT06874,U02306,18,Female,CR00058,Digital Marketing,Free,2025-08-20,0.0
TT06875,U02315,34,Male,CR00048,Artificial Intelligence,Free,2025-01-07,0.0
TT06876,U02337,18,Female,CR00018,Marketing,Free,2025-05-19,0.0
TT06877,U02341,17,Male,CR00017,Marketing,Free,2025-07-03,0.0
TT06878,U02344,26,Male,CR00059,Digital Marketing,Free,2025-08-16,0.0
TT06879,U02345,31,Male,CR00035,Cybersecurity,Free,2025-07-15,0.0
TT06880,U02349,27,Male,CR00032,Cybersecurity,Free,2025-05-02,0.0
TT06881,U02370,24,Male,CR00028,Machine Learning,Paid,2025-01-14,0.78
TT06882,U02371,34,Female,CR00003,Programming,Free,2025-11-03,0.0
TT06883,U02410,18,Male,CR00017,Marketing,Free,2025-06-27,0.0
TT06884,U02415,33,Male,CR00041,Finance,Paid,2025-01-16,53.86
TT06885,U02427,31,Female,CR00059,Digital Marketing,Free,2025-05-16,0.0
TT06886,U02432,30,Female,CR00055,Web Development,Paid,2025-01-11,57.32
TT06887,U02445,26,Female,CR00051,Web Development,Paid,2025-12-06,37.89
TT06888,U02485,22,Male,CR00020,Marketing,Free,2025-10-03,0.0
TT06889,U02490,24,Female,CR00054,Web Development,Free,2025-01-06,0.0
TT06890,U02512,15,Female,CR00021,Data Science,Free,2025-08-19,0.0
TT06891,U02515,15,Male,CR00041,Finance,Paid,2025-06-16,53.86
TT06892,U02537,31,Female,CR00017,Marketing,Free,2025-02-08,0.0
TT06893,U02540,33,Female,CR00035,Cybersecurity,Free,2025-10-05,0.0
TT06894,U02541,18,Female,CR00058,Digital Marketing,Free,2025-07-18,0.0
TT06895,U02542,35,Female,CR00005,Programming,Free,2025-05-06,0.0
TT06896,U02564,19,Female,CR00015,Business,Paid,2025-03-21,285.05
TT06897,U02566,30,Female,CR00050,Artificial Intelligence,Paid,2025-04-07,490.9
TT06898,U02582,23,Male,CR00058,Digital Marketing,Free,2025-05-20,0.0
TT06899,U02583,33,Male,CR00019,Marketing,Free,2025-04-02,0.0
TT06900,U02593,16,Male,CR00054,Web Development,Free,2025-10-04,0.0
TT06901,U02602,33,Male,CR00016,Marketing,Free,2025-09-23,0.0
TT06902,U02605,22,Male,CR00052,Web Development,Free,2025-05-01,0.0
TT06903,U02612,22,Male,CR00010,Design,Free,2025-08-24,0.0
TT06904,U02614,30,Female,CR00021,Data Science,Free,2025-07-21,0.0
TT06905,U02616,19,Female,CR00052,Web Development,Free,2025-11-18,0.0
TT06906,U02623,32,Female,CR00054,Web Development,Free,2025-01-20,0.0
TT06907,U02630,20,Male,CR00017,Marketing,Free,2025-06-24,0.0
TT06908,U02633,19,Female,CR00038,Project Management,Paid,2025-09-10,342.61
TT06909,U02643,17,Female,CR00011,Business,Paid,2025-10-24,326.02
TT06910,U02645,26,Female,CR00008,Design,Free,2025-08-25,0.0
TT06911,U02651,16,Female,CR00055,Web Development,Paid,2025-12-05,57.32
TT06912,U02663,27,Female,CR00036,Project Management,Free,2025-01-24,0.0
TT06913,U02672,32,Male,CR00035,Cybersecurity,Free,2025-08-09,0.0
TT06914,U02679,18,Male,CR00010,Design,Free,2025-06-28,0.0
TT06915,U02683,28,Male,CR00001,Programming,Paid,2025-06-25,472.28
TT06916,U02684,28,Male,CR00001,Programming,Paid,2025-05-06,472.28
TT06917,U02698,18,Female,CR00048,Artificial Intelligence,Free,2025-11-15,0.0
TT06918,U02709,19,Female,CR00008,Design,Free,2025-12-25,0.0
TT06919,U02733,31,Male,CR00043,Finance,Free,2025-04-02,0.0
TT06920,U02754,34,Male,CR00007,Design,Free,2025-08-13,0.0
TT06921,U02767,31,Male,CR00057,Digital Marketing,Paid,2025-05-26,177.34
TT06922,U02770,31,Male,CR00022,Data Science,Free,2025-08-04,0.0
TT06923,U02775,24,Female,CR00020,Marketing,Free,2025-06-04,0.0
TT06924,U02786,25,Male,CR00048,Artificial Intelligence,Free,2025-01-29,0.0
TT06925,U02791,27,Male,CR00007,Design,Free,2025-07-14,0.0
TT06926,U02792,27,Female,CR00022,Data Science,Free,2025-09-05,0.0
TT06927,U02793,22,Female,CR00036,Project Management,Free,2025-02-05,0.0
TT06928,U02821,27,Male,CR00030,Machine Learning,Free,2025-11-11,0.0
TT06929,U02825,34,Male,CR00057,Digital Marketing,Paid,2025-06-27,177.34
TT06930,U02832,31,Male,CR00021,Data Science,Free,2025-02-05,0.0
TT06931,U02843,26,Male,CR00044,Finance,Paid,2025-05-26,119.04
TT06932,U02844,21,Female,CR00032,Cybersecurity,Free,2025-11-14,0.0
TT06933,U02850,25,Female,CR00037,Project Management,Free,2025-10-25,0.0
TT06934,U02874,32,Male,CR00028,Machine Learning,Paid,2025-09-07,0.78
TT06935,U02883,16,Female,CR00022,Data Science,Free,2025-03-04,0.0
TT06936,U02899,28,Female,CR00004,Programming,Free,2025-02-20,0.0
TT06937,U02909,19,Female,CR00026,Machine Learning,Free,2025-11-07,0.0
TT06938,U02915,33,Female,CR00031,Cybersecurity,Free,2025-08-15,0.0
TT06939,U02916,20,Male,CR00060,Digital Marketing,Free,2025-02-06,0.0
TT06940,U02927,20,Male,CR00027,Machine Learning,Free,2025-06-08,0.0
TT06941,U02931,28,Female,CR00060,Digital Marketing,Free,2025-12-02,0.0
TT06942,U02937,23,Male,CR00055,Web Development,Paid,2025-10-13,57.32
TT06943,U02941,22,Male,CR00005,Programming,Free,2025-05-30,0.0
TT06944,U02945,23,Female,CR00051,Web Development,Paid,2025-03-02,37.89
TT06945,U02947,18,Female,CR00042,Finance,Free,2025-04-02,0.0
TT06946,U02958,33,Male,CR00031,Cybersecurity,Free,2025-02-20,0.0
TT06947,U02969,18,Female,CR00012,Business,Paid,2025-08-05,487.92
TT06948,U02971,20,Female,CR00017,Marketing,Free,2025-06-06,0.0
TT06949,U02974,31,Female,CR00009,Design,Free,2025-03-03,0.0
TT06950,U02976,28,Female,CR00003,Programming,Free,2025-03-12,0.0
TT06951,U02980,27,Male,CR00009,Design,Free,2025-05-24,0.0
TT06952,U02981,23,Male,CR00039,Project Management,Paid,2025-03-20,346.71
TT06953,U02984,35,Female,CR00038,Project Management,Paid,2025-03-29,342.61
TT06954,U02992,24,Female,CR00031,Cybersecurity,Free,2025-03-10,0.0
TT06955,U02994,31,Female,CR00054,Web Development,Free,2025-06-25,0.0
TT06956,U00003,33,Female,CR00018,Marketing,Free,2025-11-16,0.0
TT06957,U00013,33,Female,CR00054,Web Development,Free,2025-06-03,0.0
TT06958,U00015,27,Female,CR00050,Artificial Intelligence,Paid,2025-12-02,490.9
TT06959,U00018,24,Female,CR00048,Artificial Intelligence,Free,2025-06-27,0.0
TT06960,U00028,30,Female,CR00018,Marketing,Free,2025-05-09,0.0
TT06961,U00045,23,Female,CR00028,Machine Learning,Paid,2025-09-27,0.78
TT06962,U00048,19,Male,CR00029,Machine Learning,Free,2025-06-27,0.0
TT06963,U00055,31,Female,CR00018,Marketing,Free,2025-07-03,0.0
TT06964,U00071,30,Female,CR00003,Programming,Free,2025-01-19,0.0
TT06965,U00083,16,Male,CR00017,Marketing,Free,2025-08-26,0.0
TT06966,U00085,22,Female,CR00032,Cybersecurity,Free,2025-01-01,0.0
TT06967,U00109,15,Female,CR00035,Cybersecurity,Free,2025-03-18,0.0
TT06968,U00112,34,Female,CR00041,Finance,Paid,2025-07-02,53.86
TT06969,U00117,19,Female,CR00034,Cybersecurity,Paid,2025-04-23,394.26
TT06970,U00126,23,Female,CR00026,Machine Learning,Free,2025-05-05,0.0
TT06971,U00128,35,Female,CR00047,Artificial Intelligence,Paid,2025-11-30,89.59
TT06972,U00133,21,Male,CR00020,Marketing,Free,2025-04-05,0.0
TT06973,U00134,26,Female,CR00042,Finance,Free,2025-12-08,0.0
TT06974,U00144,24,Female,CR00036,Project Management,Free,2025-03-10,0.0
TT06975,U00147,30,Male,CR00023,Data Science,Free,2025-02-06,0.0
TT06976,U00149,17,Female,CR00005,Programming,Free,2025-05-12,0.0
TT06977,U00166,33,Male,CR00014,Business,Free,2025-10-21,0.0
TT06978,U00169,24,Male,CR00016,Marketing,Free,2025-06-25,0.0
TT06979,U00173,31,Male,CR00032,Cybersecurity,Free,2025-04-08,0.0
TT06980,U00177,29,Female,CR00001,Programming,Paid,2025-08-04,472.28
TT06981,U00178,20,Male,CR00036,Project Management,Free,2025-04-12,0.0
TT06982,U00192,17,Male,CR00038,Project Management,Paid,2025-06-14,342.61
TT06983,U00198,30,Female,CR00049,Artificial Intelligence,Paid,2025-09-04,415.51
TT06984,U00208,18,Female,CR00023,Data Science,Free,2025-05-26,0.0
TT06985,U00216,23,Male,CR00058,Digital Marketing,Free,2025-10-29,0.0
TT06986,U00220,20,Male,CR00060,Digital Marketing,Free,2025-12-27,0.0
TT06987,U00238,24,Female,CR00024,Data Science,Paid,2025-02-21,117.68
TT06988,U00251,28,Female,CR00055,Web Development,Paid,2025-12-21,57.32
TT06989,U00260,35,Male,CR00012,Business,Paid,2025-04-24,487.92
TT06990,U00265,15,Male,CR00034,Cybersecurity,Paid,2025-05-08,394.26
TT06991,U00272,25,Male,CR00060,Digital Marketing,Free,2025-03-05,0.0
TT06992,U00282,19,Male,CR00027,Machine Learning,Free,2025-09-20,0.0
TT06993,U00292,33,Male,CR00024,Data Science,Paid,2025-01-23,117.68
TT06994,U00293,25,Female,CR00036,Project Management,Free,2025-11-21,0.0
TT06995,U00298,32,Male,CR00057,Digital Marketing,Paid,2025-04-06,177.34
TT06996,U00301,26,Male,CR00002,Programming,Free,2025-05-10,0.0
TT06997,U00303,35,Male,CR00002,Programming,Free,2025-06-17,0.0
TT06998,U00315,31,Female,CR00042,Finance,Free,2025-09-08,0.0
TT06999,U00321,28,Male,CR00028,Machine Learning,Paid,2025-05-09,0.78
TT07000,U00322,23,Male,CR00009,Design,Free,2025-08-30,0.0
TT07001,U00323,21,Female,CR00022,Data Science,Free,2025-06-14,0.0
TT07002,U00328,29,Female,CR00011,Business,Paid,2025-07-12,326.02
TT07003,U00330,15,Female,CR00018,Marketing,Free,2025-08-17,0.0
TT07004,U00334,24,Female,CR00034,Cybersecurity,Paid,2025-12-20,394.26
TT07005,U00338,23,Female,CR00060,Digital Marketing,Free,2025-04-10,0.0
TT07006,U00339,29,Male,CR00012,Business,Paid,2025-03-08,487.92
TT07007,U00340,30,Male,CR00012,Business,Paid,2025-10-15,487.92
TT07008,U00345,16,Male,CR00035,Cybersecurity,Free,2025-09-14,0.0
TT07009,U00351,18,Female,CR00059,Digital Marketing,Free,2025-04-30,0.0
TT07010,U00352,28,Male,CR00052,Web Development,Free,2025-02-25,0.0
TT07011,U00353,34,Female,CR00026,Machine Learning,Free,2025-11-08,0.0
TT07012,U00356,21,Female,CR00008,Design,Free,2025-01-24,0.0
TT07013,U00362,16,Male,CR00005,Programming,Free,2025-10-22,0.0
TT07014,U00379,20,Male,CR00020,Marketing,Free,2025-07-04,0.0
TT07015,U00383,29,Female,CR00057,Digital Marketing,Paid,2025-10-21,177.34
TT07016,U00399,31,Female,CR00023,Data Science,Free,2025-05-17,0.0
TT07017,U00404,21,Female,CR00051,Web Development,Paid,2025-11-10,37.89
TT07018,U00406,33,Male,CR00029,Machine Learning,Free,2025-10-16,0.0
TT07019,U00407,23,Male,CR00017,Marketing,Free,2025-10-29,0.0
TT07020,U00411,17,Female,CR00058,Digital Marketing,Free,2025-11-22,0.0
TT07021,U00415,31,Female,CR00001,Programming,Paid,2025-05-09,472.28
TT07022,U00423,27,Female,CR00050,Artificial Intelligence,Paid,2025-02-28,490.9
TT07023,U00427,29,Female,CR00040,Project Management,Paid,2025-06-25,327.99
TT07024,U00438,21,Male,CR00059,Digital Marketing,Free,2025-06-11,0.0
TT07025,U00444,15,Female,CR00010,Design,Free,2025-07-29,0.0
TT07026,U00449,33,Female,CR00025,Data Science,Paid,2025-02-27,299.57
TT07027,U00450,20,Male,CR00007,Design,Free,2025-04-01,0.0
TT07028,U00464,25,Male,CR00009,Design,Free,2025-05-24,0.0
TT07029,U00494,26,Male,CR00017,Marketing,Free,2025-09-04,0.0
TT07030,U00543,18,Female,CR00041,Finance,Paid,2025-11-08,53.86
TT07031,U00548,32,Female,CR00043,Finance,Free,2025-11-19,0.0
TT07032,U00556,25,Female,CR00019,Marketing,Free,2025-04-15,0.0
TT07033,U00559,20,Male,CR00030,Machine Learning,Free,2025-03-28,0.0
TT07034,U00562,23,Female,CR00045,Finance,Free,2025-07-11,0.0
TT07035,U00569,15,Female,CR00044,Finance,Paid,2025-02-13,119.04
TT07036,U00570,27,Male,CR00051,Web Development,Paid,2025-02-28,37.89
TT07037,U00573,30,Male,CR00032,Cybersecurity,Free,2025-10-14,0.0
TT07038,U00574,33,Female,CR00031,Cybersecurity,Free,2025-07-26,0.0
TT07039,U00576,16,Male,CR00035,Cybersecurity,Free,2025-11-26,0.0
TT07040,U00584,31,Female,CR00046,Artificial Intelligence,Paid,2025-03-20,248.1
TT07041,U00592,18,Female,CR00008,Design,Free,2025-11-07,0.0
TT07042,U00595,29,Male,CR00027,Machine Learning,Free,2025-02-11,0.0
TT07043,U00604,30,Female,CR00053,Web Development,Free,2025-03-25,0.0
TT07044,U00619,32,Female,CR00003,Programming,Free,2025-11-17,0.0
TT07045,U00622,28,Female,CR00023,Data Science,Free,2025-12-06,0.0
TT07046,U00633,35,Female,CR00041,Finance,Paid,2025-05-19,53.86
TT07047,U00636,21,Female,CR00009,Design,Free,2025-03-28,0.0
TT07048,U00639,33,Female,CR00023,Data Science,Free,2025-01-05,0.0
TT07049,U00687,29,Female,CR00020,Marketing,Free,2025-04-23,0.0
TT07050,U00701,32,Male,CR00006,Design,Paid,2025-06-05,276.37
TT07051,U00704,30,Male,CR00004,Programming,Free,2025-07-13,0.0
TT07052,U00709,23,Female,CR00018,Marketing,Free,2025-06-20,0.0
TT07053,U00723,35,Male,CR00015,Business,Paid,2025-07-08,285.05
TT07054,U00724,16,Female,CR00009,Design,Free,2025-02-07,0.0
TT07055,U00760,21,Female,CR00036,Project Management,Free,2025-02-07,0.0
TT07056,U00765,31,Female,CR00023,Data Science,Free,2025-07-12,0.0
TT07057,U00767,16,Female,CR00013,Business,Free,2025-11-15,0.0
TT07058,U00772,24,Female,CR00019,Marketing,Free,2025-11-20,0.0
TT07059,U00775,29,Female,CR00001,Programming,Paid,2025-03-03,472.28
TT07060,U00786,32,Female,CR00006,Design,Paid,2025-06-08,276.37
TT07061,U00787,29,Female,CR00036,Project Management,Free,2025-11-01,0.0
TT07062,U00819,28,Female,CR00008,Design,Free,2025-11-29,0.0
TT07063,U00821,23,Male,CR00035,Cybersecurity,Free,2025-09-15,0.0
TT07064,U00829,22,Male,CR00010,Design,Free,2025-07-29,0.0
TT07065,U00836,29,Female,CR00040,Project Management,Paid,2025-08-10,327.99
TT07066,U00838,25,Female,CR00052,Web Development,Free,2025-12-24,0.0
TT07067,U00850,26,Male,CR00039,Project Management,Paid,2025-08-24,346.71
TT07068,U00852,23,Male,CR00049,Artificial Intelligence,Paid,2025-06-18,415.51
TT07069,U00858,20,Male,CR00036,Project Management,Free,2025-05-11,0.0
TT07070,U00870,22,Male,CR00049,Artificial Intelligence,Paid,2025-06-03,415.51
TT07071,U00874,25,Male,CR00012,Business,Paid,2025-01-05,487.92
TT07072,U00876,27,Male,CR00001,Programming,Paid,2025-12-23,472.28
TT07073,U00881,34,Female,CR00049,Artificial Intelligence,Paid,2025-10-08,415.51
TT07074,U00893,15,Male,CR00055,Web Development,Paid,2025-04-19,57.32
TT07075,U00903,29,Female,CR00002,Programming,Free,2025-01-15,0.0
TT07076,U00915,24,Female,CR00005,Programming,Free,2025-09-09,0.0
TT07077,U00917,28,Female,CR00003,Programming,Free,2025-12-30,0.0
TT07078,U00919,28,Male,CR00005,Programming,Free,2025-06-15,0.0
TT07079,U00928,33,Female,CR00059,Digital Marketing,Free,2025-02-23,0.0
TT07080,U00959,22,Male,CR00002,Programming,Free,2025-11-24,0.0
TT07081,U00961,31,Male,CR00044,Finance,Paid,2025-06-24,119.04
TT07082,U00967,15,Male,CR00052,Web Development,Free,2025-12-04,0.0
TT07083,U00976,30,Male,CR00011,Business,Paid,2025-07-25,326.02
TT07084,U00981,34,Male,CR00014,Business,Free,2025-12-26,0.0
TT07085,U00989,26,Male,CR00027,Machine Learning,Free,2025-08-04,0.0
TT07086,U00997,34,Female,CR00026,Machine Learning,Free,2025-08-01,0.0
TT07087,U01015,29,Male,CR00024,Data Science,Paid,2025-07-11,117.68
TT07088,U01022,17,Male,CR00020,Marketing,Free,2025-01-11,0.0
TT07089,U01031,15,Male,CR00038,Project Management,Paid,2025-02-02,342.61
TT07090,U01032,16,Male,CR00060,Digital Marketing,Free,2025-08-14,0.0
TT07091,U01033,30,Male,CR00002,Programming,Free,2025-12-17,0.0
TT07092,U01034,18,Female,CR00051,Web Development,Paid,2025-02-18,37.89
TT07093,U01066,19,Female,CR00021,Data Science,Free,2025-11-12,0.0
TT07094,U01079,21,Male,CR00003,Programming,Free,2025-01-29,0.0
TT07095,U01083,29,Male,CR00033,Cybersecurity,Free,2025-12-21,0.0
TT07096,U01084,24,Male,CR00044,Finance,Paid,2025-10-09,119.04
TT07097,U01092,34,Female,CR00049,Artificial Intelligence,Paid,2025-06-11,415.51
TT07098,U01096,18,Male,CR00008,Design,Free,2025-08-06,0.0
TT07099,U01123,29,Female,CR00025,Data Science,Paid,2025-02-16,299.57
TT07100,U01143,31,Male,CR00044,Finance,Paid,2025-08-08,119.04
TT07101,U01146,15,Male,CR00059,Digital Marketing,Free,2025-04-21,0.0
TT07102,U01151,28,Female,CR00051,Web Development,Paid,2025-07-20,37.89
TT07103,U01158,35,Male,CR00043,Finance,Free,2025-07-08,0.0
TT07104,U01163,24,Male,CR00040,Project Management,Paid,2025-04-02,327.99
TT07105,U01167,16,Female,CR00033,Cybersecurity,Free,2025-04-14,0.0
TT07106,U01170,27,Female,CR00017,Marketing,Free,2025-09-09,0.0
TT07107,U01177,16,Male,CR00009,Design,Free,2025-10-11,0.0
TT07108,U01180,18,Male,CR00039,Project Management,Paid,2025-12-16,346.71
TT07109,U01197,28,Male,CR00032,Cybersecurity,Free,2025-06-24,0.0
TT07110,U01203,15,Male,CR00018,Marketing,Free,2025-10-21,0.0
TT07111,U01221,32,Male,CR00015,Business,Paid,2025-08-26,285.05
TT07112,U01224,23,Female,CR00010,Design,Free,2025-06-10,0.0
TT07113,U01231,21,Female,CR00055,Web Development,Paid,2025-12-29,57.32
TT07114,U01233,28,Male,CR00020,Marketing,Free,2025-11-20,0.0
TT07115,U01235,27,Female,CR00037,Project Management,Free,2025-04-25,0.0
TT07116,U01237,24,Male,CR00022,Data Science,Free,2025-10-01,0.0
TT07117,U01239,20,Male,CR00021,Data Science,Free,2025-12-12,0.0
TT07118,U01244,30,Female,CR00010,Design,Free,2025-05-02,0.0
TT07119,U01250,27,Female,CR00054,Web Development,Free,2025-12-05,0.0
TT07120,U01261,25,Male,CR00038,Project Management,Paid,2025-04-27,342.61
TT07121,U01266,18,Female,CR00023,Data Science,Free,2025-03-22,0.0
TT07122,U01267,30,Female,CR00011,Business,Paid,2025-02-28,326.02
TT07123,U01268,33,Male,CR00035,Cybersecurity,Free,2025-05-28,0.0
TT07124,U01277,26,Female,CR00054,Web Development,Free,2025-05-17,0.0
TT07125,U01280,26,Female,CR00048,Artificial Intelligence,Free,2025-08-02,0.0
TT07126,U01281,23,Female,CR00018,Marketing,Free,2025-06-26,0.0
TT07127,U01284,34,Female,CR00025,Data Science,Paid,2025-02-14,299.57
TT07128,U01286,27,Male,CR00001,Programming,Paid,2025-12-25,472.28
TT07129,U01290,16,Male,CR00047,Artificial Intelligence,Paid,2025-08-15,89.59
TT07130,U01315,33,Male,CR00046,Artificial Intelligence,Paid,2025-10-04,248.1
TT07131,U01318,18,Female,CR00031,Cybersecurity,Free,2025-09-20,0.0
TT07132,U01321,35,Male,CR00010,Design,Free,2025-06-21,0.0
TT07133,U01322,26,Female,CR00053,Web Development,Free,2025-02-15,0.0
TT07134,U01331,16,Male,CR00051,Web Development,Paid,2025-10-01,37.89
TT07135,U01332,20,Male,CR00049,Artificial Intelligence,Paid,2025-08-26,415.51
TT07136,U01334,35,Female,CR00033,Cybersecurity,Free,2025-07-28,0.0
TT07137,U01336,33,Male,CR00017,Marketing,Free,2025-07-15,0.0
TT07138,U01337,32,Female,CR00026,Machine Learning,Free,2025-01-18,0.0
TT07139,U01343,32,Male,CR00039,Project Management,Paid,2025-10-28,346.71
TT07140,U01344,25,Female,CR00060,Digital Marketing,Free,2025-02-22,0.0
TT07141,U01346,16,Male,CR00035,Cybersecurity,Free,2025-09-02,0.0
TT07142,U01347,20,Male,CR00015,Business,Paid,2025-05-10,285.05
TT07143,U01350,16,Female,CR00033,Cybersecurity,Free,2025-11-23,0.0
TT07144,U01352,25,Male,CR00043,Finance,Free,2025-04-30,0.0
TT07145,U01355,28,Female,CR00014,Business,Free,2025-01-13,0.0
TT07146,U01365,25,Male,CR00002,Programming,Free,2025-05-30,0.0
TT07147,U01375,22,Male,CR00040,Project Management,Paid,2025-07-30,327.99
TT07148,U01394,26,Female,CR00048,Artificial Intelligence,Free,2025-04-06,0.0
TT07149,U01395,31,Male,CR00007,Design,Free,2025-04-26,0.0
TT07150,U01397,28,Male,CR00002,Programming,Free,2025-02-02,0.0
TT07151,U01399,20,Male,CR00046,Artificial Intelligence,Paid,2025-06-19,248.1
TT07152,U01405,35,Male,CR00029,Machine Learning,Free,2025-09-12,0.0
TT07153,U01411,21,Male,CR00023,Data Science,Free,2025-01-18,0.0
TT07154,U01414,35,Female,CR00024,Data Science,Paid,2025-07-16,117.68
TT07155,U01430,19,Female,CR00057,Digital Marketing,Paid,2025-06-16,177.34
TT07156,U01432,17,Female,CR00006,Design,Paid,2025-04-08,276.37
TT07157,U01435,16,Male,CR00010,Design,Free,2025-09-01,0.0
TT07158,U01450,16,Female,CR00034,Cybersecurity,Paid,2025-09-07,394.26
TT07159,U01451,17,Male,CR00050,Artificial Intelligence,Paid,2025-04-10,490.9
TT07160,U01455,22,Female,CR00060,Digital Marketing,Free,2025-07-26,0.0
TT07161,U01460,32,Female,CR00053,Web Development,Free,2025-08-05,0.0
TT07162,U01463,30,Female,CR00049,Artificial Intelligence,Paid,2025-05-13,415.51
TT07163,U01472,27,Female,CR00048,Artificial Intelligence,Free,2025-10-14,0.0
TT07164,U01473,17,Female,CR00041,Finance,Paid,2025-08-13,53.86
TT07165,U01475,20,Male,CR00047,Artificial Intelligence,Paid,2025-01-12,89.59
TT07166,U01488,27,Male,CR00030,Machine Learning,Free,2025-05-24,0.0
TT07167,U01496,22,Female,CR00026,Machine Learning,Free,2025-08-09,0.0
TT07168,U01497,35,Female,CR00004,Programming,Free,2025-11-25,0.0
TT07169,U01500,15,Male,CR00048,Artificial Intelligence,Free,2025-03-15,0.0
TT07170,U01506,34,Male,CR00008,Design,Free,2025-09-27,0.0
TT07171,U01511,15,Male,CR00003,Programming,Free,2025-09-05,0.0
TT07172,U01512,19,Male,CR00060,Digital Marketing,Free,2025-12-03,0.0
TT07173,U01517,26,Male,CR00035,Cybersecurity,Free,2025-12-21,0.0
TT07174,U01522,31,Female,CR00003,Programming,Free,2025-07-03,0.0
TT07175,U01526,20,Male,CR00012,Business,Paid,2025-03-03,487.92
TT07176,U01528,16,Male,CR00001,Programming,Paid,2025-07-30,472.28
TT07177,U01530,16,Male,CR00045,Finance,Free,2025-03-01,0.0
TT07178,U01531,30,Female,CR00037,Project Management,Free,2025-01-10,0.0
TT07179,U01536,33,Female,CR00003,Programming,Free,2025-08-03,0.0
TT07180,U01543,25,Female,CR00037,Project Management,Free,2025-07-10,0.0
TT07181,U01553,27,Male,CR00019,Marketing,Free,2025-06-23,0.0
TT07182,U01578,26,Male,CR00046,Artificial Intelligence,Paid,2025-11-27,248.1
TT07183,U01586,27,Male,CR00017,Marketing,Free,2025-07-16,0.0
TT07184,U01628,26,Male,CR00017,Marketing,Free,2025-03-25,0.0
TT07185,U01635,18,Female,CR00057,Digital Marketing,Paid,2025-08-05,177.34
TT07186,U01647,17,Female,CR00049,Artificial Intelligence,Paid,2025-09-06,415.51
TT07187,U01649,35,Male,CR00053,Web Development,Free,2025-09-20,0.0
TT07188,U01654,22,Female,CR00004,Programming,Free,2025-09-05,0.0
TT07189,U01662,28,Male,CR00020,Marketing,Free,2025-05-16,0.0
TT07190,U01666,28,Female,CR00018,Marketing,Free,2025-05-19,0.0
TT07191,U01671,25,Male,CR00024,Data Science,Paid,2025-09-05,117.68
TT07192,U01674,27,Female,CR00045,Finance,Free,2025-09-27,0.0
TT07193,U01692,26,Male,CR00025,Data Science,Paid,2025-11-13,299.57
TT07194,U01695,32,Male,CR00006,Design,Paid,2025-08-23,276.37
TT07195,U01702,21,Female,CR00056,Digital Marketing,Paid,2025-04-18,212.39
TT07196,U01708,22,Male,CR00043,Finance,Free,2025-04-07,0.0
TT07197,U01720,21,Female,CR00040,Project Management,Paid,2025-07-28,327.99
TT07198,U01721,15,Female,CR00048,Artificial Intelligence,Free,2025-04-05,0.0
TT07199,U01724,17,Male,CR00014,Business,Free,2025-01-01,0.0
TT07200,U01726,32,Female,CR00054,Web Development,Free,2025-07-25,0.0
TT07201,U01729,29,Female,CR00013,Business,Free,2025-05-11,0.0
TT07202,U01745,21,Female,CR00038,Project Management,Paid,2025-04-17,342.61
TT07203,U01746,24,Male,CR00037,Project Management,Free,2025-06-14,0.0
TT07204,U01762,33,Male,CR00055,Web Development,Paid,2025-07-26,57.32
TT07205,U01773,17,Male,CR00017,Marketing,Free,2025-09-23,0.0
TT07206,U01789,33,Female,CR00021,Data Science,Free,2025-11-05,0.0
TT07207,U01795,15,Female,CR00003,Programming,Free,2025-08-21,0.0
TT07208,U01805,21,Male,CR00047,Artificial Intelligence,Paid,2025-06-08,89.59
TT07209,U01809,24,Female,CR00035,Cybersecurity,Free,2025-09-03,0.0
TT07210,U01810,15,Female,CR00029,Machine Learning,Free,2025-09-02,0.0
TT07211,U01812,17,Male,CR00035,Cybersecurity,Free,2025-06-05,0.0
TT07212,U01820,24,Male,CR00042,Finance,Free,2025-07-30,0.0
TT07213,U01822,22,Male,CR00030,Machine Learning,Free,2025-09-14,0.0
TT07214,U01825,25,Male,CR00020,Marketing,Free,2025-11-04,0.0
TT07215,U01840,35,Female,CR00036,Project Management,Free,2025-01-28,0.0
TT07216,U01854,16,Male,CR00011,Business,Paid,2025-09-20,326.02
TT07217,U01867,24,Female,CR00041,Finance,Paid,2025-06-06,53.86
TT07218,U01871,21,Male,CR00033,Cybersecurity,Free,2025-05-30,0.0
TT07219,U01872,28,Female,CR00008,Design,Free,2025-07-17,0.0
TT07220,U01877,19,Male,CR00050,Artificial Intelligence,Paid,2025-03-17,490.9
TT07221,U01879,32,Female,CR00049,Artificial Intelligence,Paid,2025-10-01,415.51
TT07222,U01900,19,Male,CR00053,Web Development,Free,2025-09-17,0.0
TT07223,U01903,17,Female,CR00047,Artificial Intelligence,Paid,2025-09-09,89.59
TT07224,U01906,19,Male,CR00008,Design,Free,2025-06-11,0.0
TT07225,U01917,18,Female,CR00031,Cybersecurity,Free,2025-06-27,0.0
TT07226,U01918,23,Male,CR00008,Design,Free,2025-02-08,0.0
TT07227,U01920,33,Male,CR00012,Business,Paid,2025-02-10,487.92
TT07228,U01926,26,Female,CR00030,Machine Learning,Free,2025-05-02,0.0
TT07229,U01929,19,Male,CR00040,Project Management,Paid,2025-06-09,327.99
TT07230,U01943,17,Male,CR00033,Cybersecurity,Free,2025-01-25,0.0
TT07231,U01953,19,Male,CR00021,Data Science,Free,2025-09-21,0.0
TT07232,U01958,16,Male,CR00055,Web Development,Paid,2025-10-23,57.32
TT07233,U01959,26,Female,CR00034,Cybersecurity,Paid,2025-11-19,394.26
TT07234,U01961,30,Male,CR00047,Artificial Intelligence,Paid,2025-11-16,89.59
TT07235,U01962,19,Male,CR00001,Programming,Paid,2025-06-22,472.28
TT07236,U01979,25,Female,CR00009,Design,Free,2025-07-20,0.0
TT07237,U01987,15,Male,CR00005,Programming,Free,2025-12-16,0.0
TT07238,U01989,26,Female,CR00018,Marketing,Free,2025-09-09,0.0
TT07239,U01993,23,Female,CR00001,Programming,Paid,2025-09-29,472.28
TT07240,U01994,20,Female,CR00048,Artificial Intelligence,Free,2025-07-19,0.0
TT07241,U01998,23,Male,CR00030,Machine Learning,Free,2025-06-29,0.0
TT07242,U02010,31,Male,CR00056,Digital Marketing,Paid,2025-01-14,212.39
TT07243,U02015,30,Male,CR00043,Finance,Free,2025-03-19,0.0
TT07244,U02022,27,Female,CR00041,Finance,Paid,2025-04-26,53.86
TT07245,U02035,32,Male,CR00008,Design,Free,2025-06-03,0.0
TT07246,U02039,29,Male,CR00057,Digital Marketing,Paid,2025-01-07,177.34
TT07247,U02058,16,Male,CR00026,Machine Learning,Free,2025-08-28,0.0
TT07248,U02064,35,Male,CR00024,Data Science,Paid,2025-11-06,117.68
TT07249,U02068,15,Male,CR00025,Data Science,Paid,2025-04-22,299.57
TT07250,U02071,24,Male,CR00013,Business,Free,2025-03-17,0.0
TT07251,U02077,24,Male,CR00020,Marketing,Free,2025-06-06,0.0
TT07252,U02094,24,Female,CR00058,Digital Marketing,Free,2025-01-22,0.0
TT07253,U02096,31,Male,CR00038,Project Management,Paid,2025-03-26,342.61
TT07254,U02098,25,Male,CR00014,Business,Free,2025-10-02,0.0
TT07255,U02125,31,Female,CR00025,Data Science,Paid,2025-07-12,299.57
TT07256,U02144,15,Male,CR00001,Programming,Paid,2025-08-12,472.28
TT07257,U02147,33,Male,CR00024,Data Science,Paid,2025-12-04,117.68
TT07258,U02149,21,Female,CR00017,Marketing,Free,2025-01-29,0.0
TT07259,U02151,18,Female,CR00020,Marketing,Free,2025-03-08,0.0
TT07260,U02153,18,Female,CR00051,Web Development,Paid,2025-04-06,37.89
TT07261,U02155,16,Female,CR00041,Finance,Paid,2025-07-05,53.86
TT07262,U02161,23,Female,CR00012,Business,Paid,2025-10-12,487.92
TT07263,U02174,17,Female,CR00038,Project Management,Paid,2025-12-28,342.61
TT07264,U02199,27,Male,CR00015,Business,Paid,2025-10-14,285.05
TT07265,U02212,33,Male,CR00060,Digital Marketing,Free,2025-04-03,0.0
TT07266,U02215,32,Male,CR00043,Finance,Free,2025-03-17,0.0
TT07267,U02217,21,Male,CR00013,Business,Free,2025-04-03,0.0
TT07268,U02224,18,Female,CR00002,Programming,Free,2025-12-05,0.0
TT07269,U02231,20,Male,CR00052,Web Development,Free,2025-02-13,0.0
TT07270,U02248,29,Male,CR00008,Design,Free,2025-11-03,0.0
TT07271,U02250,19,Female,CR00016,Marketing,Free,2025-07-18,0.0
TT07272,U02254,17,Female,CR00029,Machine Learning,Free,2025-05-03,0.0
TT07273,U02258,21,Male,CR00033,Cybersecurity,Free,2025-06-18,0.0
TT07274,U02284,28,Male,CR00059,Digital Marketing,Free,2025-09-13,0.0
TT07275,U02288,32,Female,CR00004,Programming,Free,2025-06-26,0.0
TT07276,U02290,25,Male,CR00035,Cybersecurity,Free,2025-07-30,0.0
TT07277,U02300,35,Male,CR00005,Programming,Free,2025-12-14,0.0
TT07278,U02301,18,Female,CR00005,Programming,Free,2025-05-18,0.0
TT07279,U02306,18,Female,CR00049,Artificial Intelligence,Paid,2025-12-23,415.51
TT07280,U02336,17,Female,CR00024,Data Science,Paid,2025-04-25,117.68
TT07281,U02337,18,Female,CR00001,Programming,Paid,2025-10-15,472.28
TT07282,U02344,26,Male,CR00003,Programming,Free,2025-08-06,0.0
TT07283,U02345,31,Male,CR00012,Business,Paid,2025-05-30,487.92
TT07284,U02349,27,Male,CR00007,Design,Free,2025-09-11,0.0
TT07285,U02370,24,Male,CR00021,Data Science,Free,2025-03-22,0.0
TT07286,U02371,34,Female,CR00035,Cybersecurity,Free,2025-03-19,0.0
TT07287,U02410,18,Male,CR00039,Project Management,Paid,2025-06-16,346.71
TT07288,U02427,31,Female,CR00051,Web Development,Paid,2025-03-08,37.89
TT07289,U02432,30,Female,CR00054,Web Development,Free,2025-08-29,0.0
TT07290,U02445,26,Female,CR00024,Data Science,Paid,2025-03-20,117.68
TT07291,U02459,33,Male,CR00029,Machine Learning,Free,2025-04-13,0.0
TT07292,U02485,22,Male,CR00026,Machine Learning,Free,2025-12-26,0.0
TT07293,U02490,24,Female,CR00028,Machine Learning,Paid,2025-08-25,0.78
TT07294,U02512,15,Female,CR00044,Finance,Paid,2025-07-16,119.04
TT07295,U02537,31,Female,CR00050,Artificial Intelligence,Paid,2025-07-05,490.9
TT07296,U02541,18,Female,CR00010,Design,Free,2025-04-29,0.0
TT07297,U02542,35,Female,CR00017,Marketing,Free,2025-05-04,0.0
TT07298,U02564,19,Female,CR00044,Finance,Paid,2025-06-03,119.04
TT07299,U02566,30,Female,CR00060,Digital Marketing,Free,2025-09-29,0.0
TT07300,U02582,23,Male,CR00022,Data Science,Free,2025-01-05,0.0
TT07301,U02583,33,Male,CR00029,Machine Learning,Free,2025-05-08,0.0
TT07302,U02593,16,Male,CR00050,Artificial Intelligence,Paid,2025-03-28,490.9
TT07303,U02602,33,Male,CR00037,Project Management,Free,2025-10-24,0.0
TT07304,U02605,22,Male,CR00035,Cybersecurity,Free,2025-12-15,0.0
TT07305,U02612,22,Male,CR00026,Machine Learning,Free,2025-11-17,0.0
TT07306,U02614,30,Female,CR00060,Digital Marketing,Free,2025-12-03,0.0
TT07307,U02616,19,Female,CR00016,Marketing,Free,2025-10-30,0.0
TT07308,U02633,19,Female,CR00043,Finance,Free,2025-07-19,0.0
TT07309,U02643,17,Female,CR00022,Data Science,Free,2025-01-29,0.0
TT07310,U02645,26,Female,CR00039,Project Management,Paid,2025-12-27,346.71
TT07311,U02651,16,Female,CR00019,Marketing,Free,2025-03-06,0.0
TT07312,U02663,27,Female,CR00027,Machine Learning,Free,2025-06-01,0.0
TT07313,U02683,28,Male,CR00006,Design,Paid,2025-04-08,276.37
TT07314,U02684,28,Male,CR00017,Marketing,Free,2025-03-13,0.0
TT07315,U02698,18,Female,CR00045,Finance,Free,2025-03-27,0.0
TT07316,U02709,19,Female,CR00046,Artificial Intelligence,Paid,2025-04-07,248.1
TT07317,U02733,31,Male,CR00049,Artificial Intelligence,Paid,2025-11-28,415.51
TT07318,U02743,33,Male,CR00025,Data Science,Paid,2025-03-01,299.57
TT07319,U02754,34,Male,CR00032,Cybersecurity,Free,2025-08-30,0.0
TT07320,U02770,31,Male,CR00025,Data Science,Paid,2025-12-30,299.57
TT07321,U02775,24,Female,CR00021,Data Science,Free,2025-03-07,0.0
TT07322,U02786,25,Male,CR00025,Data Science,Paid,2025-12-05,299.57
TT07323,U02788,20,Female,CR00044,Finance,Paid,2025-07-16,119.04
TT07324,U02791,27,Male,CR00044,Finance,Paid,2025-04-19,119.04
TT07325,U02792,27,Female,CR00051,Web Development,Paid,2025-05-27,37.89
TT07326,U02793,22,Female,CR00018,Marketing,Free,2025-08-19,0.0
TT07327,U02825,34,Male,CR00044,Finance,Paid,2025-09-04,119.04
TT07328,U02843,26,Male,CR00019,Marketing,Free,2025-12-10,0.0
TT07329,U02844,21,Female,CR00006,Design,Paid,2025-11-13,276.37
TT07330,U02850,25,Female,CR00009,Design,Free,2025-10-13,0.0
TT07331,U02857,35,Male,CR00037,Project Management,Free,2025-08-25,0.0
TT07332,U02874,32,Male,CR00055,Web Development,Paid,2025-08-15,57.32
TT07333,U02899,28,Female,CR00058,Digital Marketing,Free,2025-09-21,0.0
TT07334,U02909,19,Female,CR00049,Artificial Intelligence,Paid,2025-01-21,415.51
TT07335,U02915,33,Female,CR00004,Programming,Free,2025-07-07,0.0
TT07336,U02916,20,Male,CR00049,Artificial Intelligence,Paid,2025-10-02,415.51
TT07337,U02927,20,Male,CR00011,Business,Paid,2025-10-27,326.02
TT07338,U02931,28,Female,CR00044,Finance,Paid,2025-03-27,119.04
TT07339,U02941,22,Male,CR00060,Digital Marketing,Free,2025-10-15,0.0
TT07340,U02947,18,Female,CR00031,Cybersecurity,Free,2025-08-08,0.0
TT07341,U02958,33,Male,CR00022,Data Science,Free,2025-02-08,0.0
TT07342,U02969,18,Female,CR00003,Programming,Free,2025-10-23,0.0
TT07343,U02971,20,Female,CR00007,Design,Free,2025-04-11,0.0
TT07344,U02974,31,Female,CR00021,Data Science,Free,2025-08-15,0.0
TT07345,U02976,28,Female,CR00019,Marketing,Free,2025-01-10,0.0
TT07346,U02980,27,Male,CR00039,Project Management,Paid,2025-07-15,346.71
TT07347,U02981,23,Male,CR00042,Finance,Free,2025-02-01,0.0
TT07348,U02984,35,Female,CR00027,Machine Learning,Free,2025-11-01,0.0
TT07349,U02989,22,Male,CR00041,Finance,Paid,2025-12-30,53.86
TT07350,U02992,24,Female,CR00001,Programming,Paid,2025-10-08,472.28
TT07351,U02994,31,Female,CR00025,Data Science,Paid,2025-05-01,299.57
TT07352,U00004,23,Female,CR00038,Project Management,Paid,2025-08-21,342.61
TT07353,U00013,33,Female,CR00039,Project Management,Paid,2025-11-08,346.71
TT07354,U00018,24,Female,CR00026,Machine Learning,Free,2025-11-22,0.0
TT07355,U00045,23,Female,CR00004,Programming,Free,2025-07-20,0.0
TT07356,U00055,31,Female,CR00048,Artificial Intelligence,Free,2025-07-06,0.0
TT07357,U00071,30,Female,CR00054,Web Development,Free,2025-02-26,0.0
TT07358,U00083,16,Male,CR00047,Artificial Intelligence,Paid,2025-11-19,89.59
TT07359,U00085,22,Female,CR00043,Finance,Free,2025-01-09,0.0
TT07360,U00109,15,Female,CR00020,Marketing,Free,2025-12-06,0.0
TT07361,U00112,34,Female,CR00052,Web Development,Free,2025-12-22,0.0
TT07362,U00117,19,Female,CR00055,Web Development,Paid,2025-09-01,57.32
TT07363,U00126,23,Female,CR00058,Digital Marketing,Free,2025-12-03,0.0
TT07364,U00128,35,Female,CR00060,Digital Marketing,Free,2025-05-08,0.0
TT07365,U00133,21,Male,CR00025,Data Science,Paid,2025-12-30,299.57
TT07366,U00134,26,Female,CR00022,Data Science,Free,2025-10-14,0.0
TT07367,U00144,24,Female,CR00018,Marketing,Free,2025-04-15,0.0
TT07368,U00147,30,Male,CR00058,Digital Marketing,Free,2025-05-21,0.0
TT07369,U00152,19,Female,CR00052,Web Development,Free,2025-01-19,0.0
TT07370,U00166,33,Male,CR00053,Web Development,Free,2025-12-06,0.0
TT07371,U00173,31,Male,CR00043,Finance,Free,2025-09-16,0.0
TT07372,U00178,20,Male,CR00060,Digital Marketing,Free,2025-06-30,0.0
TT07373,U00191,34,Male,CR00001,Programming,Paid,2025-01-16,472.28
TT07374,U00192,17,Male,CR00051,Web Development,Paid,2025-11-07,37.89
TT07375,U00208,18,Female,CR00024,Data Science,Paid,2025-02-24,117.68
TT07376,U00216,23,Male,CR00002,Programming,Free,2025-01-16,0.0
TT07377,U00220,20,Male,CR00022,Data Science,Free,2025-07-15,0.0
TT07378,U00238,24,Female,CR00050,Artificial Intelligence,Paid,2025-10-24,490.9
TT07379,U00251,28,Female,CR00038,Project Management,Paid,2025-12-26,342.61
TT07380,U00260,35,Male,CR00010,Design,Free,2025-05-03,0.0
TT07381,U00265,15,Male,CR00056,Digital Marketing,Paid,2025-04-30,212.39
TT07382,U00272,25,Male,CR00055,Web Development,Paid,2025-08-25,57.32
TT07383,U00282,19,Male,CR00045,Finance,Free,2025-04-17,0.0
TT07384,U00292,33,Male,CR00002,Programming,Free,2025-08-15,0.0
TT07385,U00293,25,Female,CR00045,Finance,Free,2025-03-04,0.0
TT07386,U00301,26,Male,CR00057,Digital Marketing,Paid,2025-09-03,177.34
TT07387,U00303,35,Male,CR00027,Machine Learning,Free,2025-04-20,0.0
TT07388,U00310,26,Female,CR00024,Data Science,Paid,2025-04-06,117.68
TT07389,U00315,31,Female,CR00012,Business,Paid,2025-09-12,487.92
TT07390,U00321,28,Male,CR00046,Artificial Intelligence,Paid,2025-02-27,248.1
TT07391,U00322,23,Male,CR00021,Data Science,Free,2025-09-14,0.0
TT07392,U00323,21,Female,CR00010,Design,Free,2025-09-17,0.0
TT07393,U00329,20,Female,CR00029,Machine Learning,Free,2025-07-02,0.0
TT07394,U00330,15,Female,CR00033,Cybersecurity,Free,2025-03-23,0.0
TT07395,U00334,24,Female,CR00022,Data Science,Free,2025-09-12,0.0
TT07396,U00338,23,Female,CR00003,Programming,Free,2025-07-16,0.0
TT07397,U00339,29,Male,CR00023,Data Science,Free,2025-05-25,0.0
TT07398,U00340,30,Male,CR00002,Programming,Free,2025-03-14,0.0
TT07399,U00345,16,Male,CR00050,Artificial Intelligence,Paid,2025-06-23,490.9
TT07400,U00351,18,Female,CR00018,Marketing,Free,2025-06-24,0.0
TT07401,U00352,28,Male,CR00016,Marketing,Free,2025-01-21,0.0
TT07402,U00353,34,Female,CR00057,Digital Marketing,Paid,2025-11-13,177.34
TT07403,U00356,21,Female,CR00030,Machine Learning,Free,2025-07-13,0.0
TT07404,U00357,15,Female,CR00003,Programming,Free,2025-05-28,0.0
TT07405,U00365,30,Female,CR00057,Digital Marketing,Paid,2025-12-26,177.34
TT07406,U00379,20,Male,CR00005,Programming,Free,2025-07-24,0.0
TT07407,U00383,29,Female,CR00012,Business,Paid,2025-03-03,487.92
TT07408,U00394,30,Female,CR00009,Design,Free,2025-02-23,0.0
TT07409,U00404,21,Female,CR00044,Finance,Paid,2025-02-03,119.04
TT07410,U00406,33,Male,CR00040,Project Management,Paid,2025-05-06,327.99
TT07411,U00407,23,Male,CR00003,Programming,Free,2025-02-17,0.0
TT07412,U00411,17,Female,CR00054,Web Development,Free,2025-05-26,0.0
TT07413,U00415,31,Female,CR00044,Finance,Paid,2025-06-29,119.04
TT07414,U00423,27,Female,CR00003,Programming,Free,2025-11-27,0.0
TT07415,U00424,35,Male,CR00028,Machine Learning,Paid,2025-04-30,0.78
TT07416,U00427,29,Female,CR00008,Design,Free,2025-11-09,0.0
TT07417,U00438,21,Male,CR00025,Data Science,Paid,2025-06-25,299.57
TT07418,U00444,15,Female,CR00047,Artificial Intelligence,Paid,2025-12-29,89.59
TT07419,U00449,33,Female,CR00019,Marketing,Free,2025-12-19,0.0
TT07420,U00450,20,Male,CR00020,Marketing,Free,2025-09-14,0.0
TT07421,U00464,25,Male,CR00007,Design,Free,2025-09-16,0.0
TT07422,U00494,26,Male,CR00004,Programming,Free,2025-10-30,0.0
TT07423,U00543,18,Female,CR00019,Marketing,Free,2025-02-12,0.0
TT07424,U00556,25,Female,CR00027,Machine Learning,Free,2025-02-01,0.0
TT07425,U00559,20,Male,CR00046,Artificial Intelligence,Paid,2025-05-25,248.1
TT07426,U00562,23,Female,CR00005,Programming,Free,2025-06-13,0.0
TT07427,U00569,15,Female,CR00054,Web Development,Free,2025-10-13,0.0
TT07428,U00570,27,Male,CR00059,Digital Marketing,Free,2025-12-27,0.0
TT07429,U00572,32,Male,CR00057,Digital Marketing,Paid,2025-01-17,177.34
TT07430,U00573,30,Male,CR00025,Data Science,Paid,2025-10-04,299.57
TT07431,U00574,33,Female,CR00051,Web Development,Paid,2025-01-10,37.89
TT07432,U00576,16,Male,CR00043,Finance,Free,2025-12-18,0.0
TT07433,U00584,31,Female,CR00044,Finance,Paid,2025-04-24,119.04
TT07434,U00592,18,Female,CR00020,Marketing,Free,2025-08-07,0.0
TT07435,U00595,29,Male,CR00060,Digital Marketing,Free,2025-08-02,0.0
TT07436,U00604,30,Female,CR00042,Finance,Free,2025-07-07,0.0
TT07437,U00619,32,Female,CR00038,Project Management,Paid,2025-04-21,342.61
TT07438,U00622,28,Female,CR00007,Design,Free,2025-05-22,0.0
TT07439,U00633,35,Female,CR00012,Business,Paid,2025-04-14,487.92
TT07440,U00636,21,Female,CR00019,Marketing,Free,2025-09-14,0.0
TT07441,U00639,33,Female,CR00044,Finance,Paid,2025-07-09,119.04
TT07442,U00666,30,Female,CR00057,Digital Marketing,Paid,2025-03-30,177.34
TT07443,U00687,29,Female,CR00006,Design,Paid,2025-11-21,276.37
TT07444,U00701,32,Male,CR00031,Cybersecurity,Free,2025-06-21,0.0
TT07445,U00704,30,Male,CR00047,Artificial Intelligence,Paid,2025-11-09,89.59
TT07446,U00723,35,Male,CR00004,Programming,Free,2025-01-27,0.0
TT07447,U00724,16,Female,CR00008,Design,Free,2025-10-29,0.0
TT07448,U00752,30,Male,CR00009,Design,Free,2025-09-14,0.0
TT07449,U00765,31,Female,CR00034,Cybersecurity,Paid,2025-03-19,394.26
TT07450,U00767,16,Female,CR00002,Programming,Free,2025-04-29,0.0
TT07451,U00772,24,Female,CR00032,Cybersecurity,Free,2025-06-18,0.0
TT07452,U00775,29,Female,CR00057,Digital Marketing,Paid,2025-09-03,177.34
TT07453,U00819,28,Female,CR00036,Project Management,Free,2025-09-09,0.0
TT07454,U00821,23,Male,CR00060,Digital Marketing,Free,2025-12-08,0.0
TT07455,U00829,22,Male,CR00032,Cybersecurity,Free,2025-08-09,0.0
TT07456,U00836,29,Female,CR00020,Marketing,Free,2025-10-19,0.0
TT07457,U00838,25,Female,CR00050,Artificial Intelligence,Paid,2025-03-13,490.9
TT07458,U00850,26,Male,CR00038,Project Management,Paid,2025-06-02,342.61
TT07459,U00852,23,Male,CR00037,Project Management,Free,2025-08-16,0.0
TT07460,U00858,20,Male,CR00053,Web Development,Free,2025-09-07,0.0
TT07461,U00870,22,Male,CR00021,Data Science,Free,2025-11-07,0.0
TT07462,U00874,25,Male,CR00055,Web Development,Paid,2025-05-01,57.32
TT07463,U00876,27,Male,CR00017,Marketing,Free,2025-02-26,0.0
TT07464,U00881,34,Female,CR00011,Business,Paid,2025-01-27,326.02
TT07465,U00893,15,Male,CR00034,Cybersecurity,Paid,2025-08-27,394.26
TT07466,U00898,24,Female,CR00024,Data Science,Paid,2025-11-25,117.68
TT07467,U00907,23,Female,CR00015,Business,Paid,2025-05-26,285.05
TT07468,U00915,24,Female,CR00004,Programming,Free,2025-09-05,0.0
TT07469,U00917,28,Female,CR00018,Marketing,Free,2025-04-23,0.0
TT07470,U00928,33,Female,CR00022,Data Science,Free,2025-11-19,0.0
TT07471,U00959,22,Male,CR00034,Cybersecurity,Paid,2025-02-16,394.26
TT07472,U00967,15,Male,CR00007,Design,Free,2025-01-20,0.0
TT07473,U00976,30,Male,CR00039,Project Management,Paid,2025-07-27,346.71
TT07474,U00981,34,Male,CR00008,Design,Free,2025-03-09,0.0
TT07475,U00989,26,Male,CR00015,Business,Paid,2025-06-11,285.05
TT07476,U00997,34,Female,CR00019,Marketing,Free,2025-04-17,0.0
TT07477,U01000,16,Female,CR00003,Programming,Free,2025-01-13,0.0
TT07478,U01015,29,Male,CR00023,Data Science,Free,2025-08-05,0.0
TT07479,U01020,28,Male,CR00011,Business,Paid,2025-03-19,326.02
TT07480,U01022,17,Male,CR00053,Web Development,Free,2025-04-23,0.0
TT07481,U01032,16,Male,CR00012,Business,Paid,2025-06-09,487.92
TT07482,U01033,30,Male,CR00025,Data Science,Paid,2025-09-12,299.57
TT07483,U01034,18,Female,CR00045,Finance,Free,2025-05-05,0.0
TT07484,U01066,19,Female,CR00027,Machine Learning,Free,2025-07-24,0.0
TT07485,U01079,21,Male,CR00030,Machine Learning,Free,2025-04-11,0.0
TT07486,U01083,29,Male,CR00001,Programming,Paid,2025-03-11,472.28
TT07487,U01084,24,Male,CR00045,Finance,Free,2025-08-03,0.0
TT07488,U01092,34,Female,CR00039,Project Management,Paid,2025-05-27,346.71
TT07489,U01096,18,Male,CR00023,Data Science,Free,2025-01-23,0.0
TT07490,U01123,29,Female,CR00052,Web Development,Free,2025-11-13,0.0
TT07491,U01143,31,Male,CR00047,Artificial Intelligence,Paid,2025-03-19,89.59
TT07492,U01146,15,Male,CR00043,Finance,Free,2025-01-07,0.0
TT07493,U01151,28,Female,CR00018,Marketing,Free,2025-02-26,0.0
TT07494,U01158,35,Male,CR00036,Project Management,Free,2025-08-02,0.0
TT07495,U01163,24,Male,CR00010,Design,Free,2025-12-02,0.0
TT07496,U01167,16,Female,CR00053,Web Development,Free,2025-05-09,0.0
TT07497,U01170,27,Female,CR00039,Project Management,Paid,2025-08-07,346.71
TT07498,U01177,16,Male,CR00041,Finance,Paid,2025-12-16,53.86
TT07499,U01180,18,Male,CR00027,Machine Learning,Free,2025-11-04,0.0
TT07500,U01197,28,Male,CR00031,Cybersecurity,Free,2025-07-05,0.0
TT07501,U01203,15,Male,CR00056,Digital Marketing,Paid,2025-03-15,212.39
TT07502,U01224,23,Female,CR00032,Cybersecurity,Free,2025-06-29,0.0
TT07503,U01231,21,Female,CR00036,Project Management,Free,2025-12-30,0.0
TT07504,U01233,28,Male,CR00026,Machine Learning,Free,2025-01-09,0.0
TT07505,U01235,27,Female,CR00045,Finance,Free,2025-11-17,0.0
TT07506,U01239,20,Male,CR00018,Marketing,Free,2025-01-04,0.0
TT07507,U01244,30,Female,CR00045,Finance,Free,2025-09-23,0.0
TT07508,U01249,25,Male,CR00054,Web Development,Free,2025-08-03,0.0
TT07509,U01261,25,Male,CR00039,Project Management,Paid,2025-05-26,346.71
TT07510,U01266,18,Female,CR00013,Business,Free,2025-02-11,0.0
TT07511,U01268,33,Male,CR00023,Data Science,Free,2025-07-13,0.0
TT07512,U01277,26,Female,CR00020,Marketing,Free,2025-08-07,0.0
TT07513,U01280,26,Female,CR00051,Web Development,Paid,2025-03-01,37.89
TT07514,U01284,34,Female,CR00005,Programming,Free,2025-01-07,0.0
TT07515,U01286,27,Male,CR00025,Data Science,Paid,2025-12-09,299.57
TT07516,U01287,33,Female,CR00002,Programming,Free,2025-03-24,0.0
TT07517,U01290,16,Male,CR00054,Web Development,Free,2025-11-25,0.0
TT07518,U01315,33,Male,CR00010,Design,Free,2025-07-06,0.0
TT07519,U01318,18,Female,CR00027,Machine Learning,Free,2025-05-27,0.0
TT07520,U01321,35,Male,CR00041,Finance,Paid,2025-07-26,53.86
TT07521,U01322,26,Female,CR00059,Digital Marketing,Free,2025-05-22,0.0
TT07522,U01331,16,Male,CR00019,Marketing,Free,2025-06-11,0.0
TT07523,U01332,20,Male,CR00040,Project Management,Paid,2025-09-05,327.99
TT07524,U01334,35,Female,CR00052,Web Development,Free,2025-10-05,0.0
TT07525,U01336,33,Male,CR00060,Digital Marketing,Free,2025-12-12,0.0
TT07526,U01337,32,Female,CR00058,Digital Marketing,Free,2025-04-20,0.0
TT07527,U01343,32,Male,CR00041,Finance,Paid,2025-02-04,53.86
TT07528,U01344,25,Female,CR00018,Marketing,Free,2025-08-26,0.0
TT07529,U01346,16,Male,CR00048,Artificial Intelligence,Free,2025-08-29,0.0
TT07530,U01347,20,Male,CR00049,Artificial Intelligence,Paid,2025-02-15,415.51
TT07531,U01355,28,Female,CR00028,Machine Learning,Paid,2025-05-22,0.78
TT07532,U01365,25,Male,CR00046,Artificial Intelligence,Paid,2025-02-20,248.1
TT07533,U01375,22,Male,CR00059,Digital Marketing,Free,2025-02-25,0.0
TT07534,U01394,26,Female,CR00025,Data Science,Paid,2025-10-16,299.57
TT07535,U01395,31,Male,CR00021,Data Science,Free,2025-11-06,0.0
TT07536,U01399,20,Male,CR00048,Artificial Intelligence,Free,2025-01-07,0.0
TT07537,U01405,35,Male,CR00044,Finance,Paid,2025-06-17,119.04
TT07538,U01414,35,Female,CR00057,Digital Marketing,Paid,2025-01-28,177.34
TT07539,U01429,31,Female,CR00009,Design,Free,2025-10-07,0.0
TT07540,U01430,19,Female,CR00028,Machine Learning,Paid,2025-08-26,0.78
TT07541,U01432,17,Female,CR00057,Digital Marketing,Paid,2025-09-21,177.34
TT07542,U01435,16,Male,CR00056,Digital Marketing,Paid,2025-01-21,212.39
TT07543,U01445,29,Male,CR00051,Web Development,Paid,2025-02-09,37.89
TT07544,U01450,16,Female,CR00047,Artificial Intelligence,Paid,2025-06-16,89.59
TT07545,U01451,17,Male,CR00016,Marketing,Free,2025-01-01,0.0
TT07546,U01455,22,Female,CR00026,Machine Learning,Free,2025-02-28,0.0
TT07547,U01460,32,Female,CR00030,Machine Learning,Free,2025-05-17,0.0
TT07548,U01463,30,Female,CR00044,Finance,Paid,2025-02-13,119.04
TT07549,U01472,27,Female,CR00011,Business,Paid,2025-04-24,326.02
TT07550,U01473,17,Female,CR00001,Programming,Paid,2025-11-14,472.28
TT07551,U01475,20,Male,CR00015,Business,Paid,2025-10-11,285.05
TT07552,U01488,27,Male,CR00026,Machine Learning,Free,2025-12-20,0.0
TT07553,U01496,22,Female,CR00017,Marketing,Free,2025-07-29,0.0
TT07554,U01497,35,Female,CR00010,Design,Free,2025-10-10,0.0
TT07555,U01506,34,Male,CR00021,Data Science,Free,2025-08-17,0.0
TT07556,U01511,15,Male,CR00006,Design,Paid,2025-05-05,276.37
TT07557,U01517,26,Male,CR00010,Design,Free,2025-04-01,0.0
TT07558,U01522,31,Female,CR00021,Data Science,Free,2025-10-19,0.0
TT07559,U01526,20,Male,CR00048,Artificial Intelligence,Free,2025-02-03,0.0
TT07560,U01528,16,Male,CR00018,Marketing,Free,2025-01-23,0.0
TT07561,U01530,16,Male,CR00023,Data Science,Free,2025-07-29,0.0
TT07562,U01531,30,Female,CR00021,Data Science,Free,2025-10-19,0.0
TT07563,U01536,33,Female,CR00034,Cybersecurity,Paid,2025-09-06,394.26
TT07564,U01543,25,Female,CR00048,Artificial Intelligence,Free,2025-02-24,0.0
TT07565,U01553,27,Male,CR00005,Programming,Free,2025-07-04,0.0
TT07566,U01575,15,Female,CR00015,Business,Paid,2025-03-19,285.05
TT07567,U01578,26,Male,CR00011,Business,Paid,2025-07-28,326.02
TT07568,U01585,27,Male,CR00035,Cybersecurity,Free,2025-09-28,0.0
TT07569,U01586,27,Male,CR00029,Machine Learning,Free,2025-08-12,0.0
TT07570,U01602,31,Female,CR00042,Finance,Free,2025-09-13,0.0
TT07571,U01627,23,Female,CR00044,Finance,Paid,2025-12-12,119.04
TT07572,U01628,26,Male,CR00018,Marketing,Free,2025-09-01,0.0
TT07573,U01635,18,Female,CR00019,Marketing,Free,2025-08-08,0.0
TT07574,U01637,30,Male,CR00043,Finance,Free,2025-05-30,0.0
TT07575,U01647,17,Female,CR00043,Finance,Free,2025-01-25,0.0
TT07576,U01649,35,Male,CR00019,Marketing,Free,2025-01-01,0.0
TT07577,U01654,22,Female,CR00028,Machine Learning,Paid,2025-08-21,0.78
TT07578,U01656,27,Male,CR00018,Marketing,Free,2025-02-08,0.0
TT07579,U01662,28,Male,CR00006,Design,Paid,2025-03-13,276.37
TT07580,U01666,28,Female,CR00041,Finance,Paid,2025-08-15,53.86
TT07581,U01671,25,Male,CR00033,Cybersecurity,Free,2025-02-02,0.0
TT07582,U01674,27,Female,CR00029,Machine Learning,Free,2025-05-14,0.0
TT07583,U01692,26,Male,CR00058,Digital Marketing,Free,2025-10-23,0.0
TT07584,U01695,32,Male,CR00044,Finance,Paid,2025-09-04,119.04
TT07585,U01702,21,Female,CR00009,Design,Free,2025-05-11,0.0
TT07586,U01708,22,Male,CR00024,Data Science,Paid,2025-10-15,117.68
TT07587,U01720,21,Female,CR00010,Design,Free,2025-01-28,0.0
TT07588,U01721,15,Female,CR00049,Artificial Intelligence,Paid,2025-09-05,415.51
TT07589,U01724,17,Male,CR00002,Programming,Free,2025-06-14,0.0
TT07590,U01726,32,Female,CR00014,Business,Free,2025-11-21,0.0
TT07591,U01729,29,Female,CR00027,Machine Learning,Free,2025-08-30,0.0
TT07592,U01746,24,Male,CR00048,Artificial Intelligence,Free,2025-12-06,0.0
TT07593,U01762,33,Male,CR00020,Marketing,Free,2025-08-03,0.0
TT07594,U01773,17,Male,CR00036,Project Management,Free,2025-12-03,0.0
TT07595,U01786,25,Female,CR00044,Finance,Paid,2025-12-24,119.04
TT07596,U01789,33,Female,CR00025,Data Science,Paid,2025-09-15,299.57
TT07597,U01795,15,Female,CR00029,Machine Learning,Free,2025-09-24,0.0
TT07598,U01805,21,Male,CR00052,Web Development,Free,2025-01-15,0.0
TT07599,U01809,24,Female,CR00054,Web Development,Free,2025-11-23,0.0
TT07600,U01810,15,Female,CR00031,Cybersecurity,Free,2025-07-20,0.0
TT07601,U01812,17,Male,CR00037,Project Management,Free,2025-01-29,0.0
TT07602,U01820,24,Male,CR00034,Cybersecurity,Paid,2025-06-27,394.26
TT07603,U01825,25,Male,CR00026,Machine Learning,Free,2025-05-04,0.0
TT07604,U01840,35,Female,CR00029,Machine Learning,Free,2025-09-06,0.0
TT07605,U01842,33,Female,CR00037,Project Management,Free,2025-06-18,0.0
TT07606,U01854,16,Male,CR00004,Programming,Free,2025-11-08,0.0
TT07607,U01867,24,Female,CR00037,Project Management,Free,2025-04-24,0.0
TT07608,U01871,21,Male,CR00052,Web Development,Free,2025-11-25,0.0
TT07609,U01872,28,Female,CR00003,Programming,Free,2025-11-04,0.0
TT07610,U01876,17,Male,CR00009,Design,Free,2025-08-02,0.0
TT07611,U01877,19,Male,CR00054,Web Development,Free,2025-12-12,0.0
TT07612,U01879,32,Female,CR00034,Cybersecurity,Paid,2025-08-08,394.26
TT07613,U01893,23,Female,CR00039,Project Management,Paid,2025-10-16,346.71
TT07614,U01900,19,Male,CR00019,Marketing,Free,2025-10-10,0.0
TT07615,U01903,17,Female,CR00028,Machine Learning,Paid,2025-11-24,0.78
TT07616,U01906,19,Male,CR00049,Artificial Intelligence,Paid,2025-01-16,415.51
TT07617,U01908,19,Male,CR00055,Web Development,Paid,2025-06-10,57.32
TT07618,U01918,23,Male,CR00029,Machine Learning,Free,2025-09-01,0.0
TT07619,U01920,33,Male,CR00047,Artificial Intelligence,Paid,2025-02-23,89.59
TT07620,U01926,26,Female,CR00007,Design,Free,2025-07-12,0.0
TT07621,U01931,23,Female,CR00048,Artificial Intelligence,Free,2025-11-28,0.0
TT07622,U01934,22,Male,CR00028,Machine Learning,Paid,2025-07-25,0.78
TT07623,U01943,17,Male,CR00026,Machine Learning,Free,2025-12-10,0.0
TT07624,U01953,19,Male,CR00048,Artificial Intelligence,Free,2025-11-23,0.0
TT07625,U01958,16,Male,CR00025,Data Science,Paid,2025-09-23,299.57
TT07626,U01959,26,Female,CR00008,Design,Free,2025-06-15,0.0
TT07627,U01961,30,Male,CR00022,Data Science,Free,2025-09-25,0.0
TT07628,U01987,15,Male,CR00043,Finance,Free,2025-12-20,0.0
TT07629,U01989,26,Female,CR00014,Business,Free,2025-01-26,0.0
TT07630,U01993,23,Female,CR00042,Finance,Free,2025-08-24,0.0
TT07631,U01994,20,Female,CR00025,Data Science,Paid,2025-02-27,299.57
TT07632,U01998,23,Male,CR00033,Cybersecurity,Free,2025-04-04,0.0
TT07633,U02010,31,Male,CR00040,Project Management,Paid,2025-03-23,327.99
TT07634,U02015,30,Male,CR00018,Marketing,Free,2025-03-02,0.0
TT07635,U02035,32,Male,CR00015,Business,Paid,2025-04-17,285.05
TT07636,U02038,32,Female,CR00053,Web Development,Free,2025-03-17,0.0
TT07637,U02055,33,Female,CR00006,Design,Paid,2025-02-05,276.37
TT07638,U02058,16,Male,CR00060,Digital Marketing,Free,2025-09-14,0.0
TT07639,U02064,35,Male,CR00037,Project Management,Free,2025-11-06,0.0
TT07640,U02068,15,Male,CR00003,Programming,Free,2025-08-08,0.0
TT07641,U02071,24,Male,CR00045,Finance,Free,2025-12-06,0.0
TT07642,U02074,27,Female,CR00012,Business,Paid,2025-10-25,487.92
TT07643,U02077,24,Male,CR00008,Design,Free,2025-11-13,0.0
TT07644,U02098,25,Male,CR00054,Web Development,Free,2025-10-04,0.0
TT07645,U02144,15,Male,CR00016,Marketing,Free,2025-04-15,0.0
TT07646,U02147,33,Male,CR00047,Artificial Intelligence,Paid,2025-11-13,89.59
TT07647,U02149,21,Female,CR00009,Design,Free,2025-02-13,0.0
TT07648,U02151,18,Female,CR00004,Programming,Free,2025-11-09,0.0
TT07649,U02152,35,Female,CR00022,Data Science,Free,2025-03-07,0.0
TT07650,U02153,18,Female,CR00031,Cybersecurity,Free,2025-08-06,0.0
TT07651,U02155,16,Female,CR00022,Data Science,Free,2025-05-05,0.0
TT07652,U02161,23,Female,CR00018,Marketing,Free,2025-04-01,0.0
TT07653,U02174,17,Female,CR00053,Web Development,Free,2025-11-29,0.0
TT07654,U02199,27,Male,CR00055,Web Development,Paid,2025-09-26,57.32
TT07655,U02212,33,Male,CR00008,Design,Free,2025-09-14,0.0
TT07656,U02215,32,Male,CR00031,Cybersecurity,Free,2025-10-12,0.0
TT07657,U02224,18,Female,CR00010,Design,Free,2025-12-27,0.0
TT07658,U02231,20,Male,CR00007,Design,Free,2025-05-14,0.0
TT07659,U02248,29,Male,CR00005,Programming,Free,2025-05-25,0.0
TT07660,U02250,19,Female,CR00043,Finance,Free,2025-07-30,0.0
TT07661,U02254,17,Female,CR00013,Business,Free,2025-08-15,0.0
TT07662,U02258,21,Male,CR00032,Cybersecurity,Free,2025-01-26,0.0
TT07663,U02284,28,Male,CR00012,Business,Paid,2025-03-18,487.92
TT07664,U02288,32,Female,CR00020,Marketing,Free,2025-12-15,0.0
TT07665,U02290,25,Male,CR00015,Business,Paid,2025-02-27,285.05
TT07666,U02300,35,Male,CR00040,Project Management,Paid,2025-05-18,327.99
TT07667,U02301,18,Female,CR00046,Artificial Intelligence,Paid,2025-08-14,248.1
TT07668,U02315,34,Male,CR00014,Business,Free,2025-05-02,0.0
TT07669,U02336,17,Female,CR00038,Project Management,Paid,2025-08-14,342.61
TT07670,U02337,18,Female,CR00040,Project Management,Paid,2025-11-28,327.99
TT07671,U02341,17,Male,CR00038,Project Management,Paid,2025-01-30,342.61
TT07672,U02344,26,Male,CR00021,Data Science,Free,2025-07-16,0.0
TT07673,U02345,31,Male,CR00004,Programming,Free,2025-07-22,0.0
TT07674,U02349,27,Male,CR00043,Finance,Free,2025-02-07,0.0
TT07675,U02370,24,Male,CR00059,Digital Marketing,Free,2025-01-12,0.0
TT07676,U02371,34,Female,CR00007,Design,Free,2025-02-23,0.0
TT07677,U02410,18,Male,CR00059,Digital Marketing,Free,2025-05-25,0.0
TT07678,U02415,33,Male,CR00011,Business,Paid,2025-06-03,326.02
TT07679,U02427,31,Female,CR00037,Project Management,Free,2025-08-09,0.0
TT07680,U02432,30,Female,CR00013,Business,Free,2025-11-10,0.0
TT07681,U02445,26,Female,CR00037,Project Management,Free,2025-08-16,0.0
TT07682,U02459,33,Male,CR00014,Business,Free,2025-12-24,0.0
TT07683,U02470,34,Male,CR00029,Machine Learning,Free,2025-11-25,0.0
TT07684,U02485,22,Male,CR00051,Web Development,Paid,2025-03-20,37.89
TT07685,U02490,24,Female,CR00017,Marketing,Free,2025-09-15,0.0
TT07686,U02512,15,Female,CR00030,Machine Learning,Free,2025-04-01,0.0
TT07687,U02515,15,Male,CR00029,Machine Learning,Free,2025-02-18,0.0
TT07688,U02537,31,Female,CR00056,Digital Marketing,Paid,2025-09-25,212.39
TT07689,U02540,33,Female,CR00045,Finance,Free,2025-12-16,0.0
TT07690,U02541,18,Female,CR00050,Artificial Intelligence,Paid,2025-10-30,490.9
TT07691,U02542,35,Female,CR00047,Artificial Intelligence,Paid,2025-01-16,89.59
TT07692,U02564,19,Female,CR00050,Artificial Intelligence,Paid,2025-02-25,490.9
TT07693,U02566,30,Female,CR00004,Programming,Free,2025-09-29,0.0
TT07694,U02582,23,Male,CR00036,Project Management,Free,2025-10-28,0.0
TT07695,U02583,33,Male,CR00043,Finance,Free,2025-09-22,0.0
TT07696,U02593,16,Male,CR00036,Project Management,Free,2025-05-07,0.0
TT07697,U02602,33,Male,CR00035,Cybersecurity,Free,2025-01-14,0.0
TT07698,U02605,22,Male,CR00040,Project Management,Paid,2025-01-19,327.99
TT07699,U02612,22,Male,CR00049,Artificial Intelligence,Paid,2025-11-12,415.51
TT07700,U02614,30,Female,CR00054,Web Development,Free,2025-01-13,0.0
TT07701,U02616,19,Female,CR00040,Project Management,Paid,2025-10-17,327.99
TT07702,U02623,32,Female,CR00029,Machine Learning,Free,2025-08-23,0.0
TT07703,U02630,20,Male,CR00020,Marketing,Free,2025-08-21,0.0
TT07704,U02633,19,Female,CR00006,Design,Paid,2025-04-24,276.37
TT07705,U02643,17,Female,CR00031,Cybersecurity,Free,2025-01-09,0.0
TT07706,U02651,16,Female,CR00021,Data Science,Free,2025-03-27,0.0
TT07707,U02672,32,Male,CR00058,Digital Marketing,Free,2025-02-03,0.0
TT07708,U02679,18,Male,CR00051,Web Development,Paid,2025-05-20,37.89
TT07709,U02683,28,Male,CR00017,Marketing,Free,2025-04-09,0.0
TT07710,U02698,18,Female,CR00037,Project Management,Free,2025-10-28,0.0
TT07711,U02709,19,Female,CR00040,Project Management,Paid,2025-02-02,327.99
TT07712,U02733,31,Male,CR00016,Marketing,Free,2025-12-17,0.0
TT07713,U02743,33,Male,CR00022,Data Science,Free,2025-04-06,0.0
TT07714,U02754,34,Male,CR00025,Data Science,Paid,2025-09-29,299.57
TT07715,U02767,31,Male,CR00036,Project Management,Free,2025-11-04,0.0
TT07716,U02770,31,Male,CR00019,Marketing,Free,2025-04-09,0.0
TT07717,U02786,25,Male,CR00001,Programming,Paid,2025-06-07,472.28
TT07718,U02788,20,Female,CR00012,Business,Paid,2025-03-23,487.92
TT07719,U02791,27,Male,CR00030,Machine Learning,Free,2025-09-12,0.0
TT07720,U02792,27,Female,CR00042,Finance,Free,2025-08-02,0.0
TT07721,U02793,22,Female,CR00012,Business,Paid,2025-05-29,487.92
TT07722,U02821,27,Male,CR00036,Project Management,Free,2025-11-02,0.0
TT07723,U02825,34,Male,CR00039,Project Management,Paid,2025-12-19,346.71
TT07724,U02843,26,Male,CR00023,Data Science,Free,2025-05-10,0.0
TT07725,U02844,21,Female,CR00023,Data Science,Free,2025-10-21,0.0
TT07726,U02850,25,Female,CR00055,Web Development,Paid,2025-01-15,57.32
TT07727,U02857,35,Male,CR00040,Project Management,Paid,2025-09-13,327.99
TT07728,U02874,32,Male,CR00006,Design,Paid,2025-10-06,276.37
TT07729,U02883,16,Female,CR00041,Finance,Paid,2025-07-13,53.86
TT07730,U02899,28,Female,CR00005,Programming,Free,2025-05-26,0.0
TT07731,U02909,19,Female,CR00041,Finance,Paid,2025-03-23,53.86
TT07732,U02915,33,Female,CR00021,Data Science,Free,2025-01-14,0.0
TT07733,U02916,20,Male,CR00050,Artificial Intelligence,Paid,2025-03-15,490.9
TT07734,U02927,20,Male,CR00052,Web Development,Free,2025-09-26,0.0
TT07735,U02937,23,Male,CR00018,Marketing,Free,2025-09-07,0.0
TT07736,U02941,22,Male,CR00013,Business,Free,2025-04-03,0.0
TT07737,U02945,23,Female,CR00039,Project Management,Paid,2025-06-02,346.71
TT07738,U02958,33,Male,CR00043,Finance,Free,2025-05-17,0.0
TT07739,U02969,18,Female,CR00055,Web Development,Paid,2025-02-26,57.32
TT07740,U02974,31,Female,CR00007,Design,Free,2025-10-30,0.0
TT07741,U02976,28,Female,CR00010,Design,Free,2025-12-23,0.0
TT07742,U02981,23,Male,CR00005,Programming,Free,2025-06-30,0.0
TT07743,U02984,35,Female,CR00010,Design,Free,2025-01-28,0.0
TT07744,U02989,22,Male,CR00017,Marketing,Free,2025-08-28,0.0
TT07745,U02992,24,Female,CR00030,Machine Learning,Free,2025-02-06,0.0
TT07746,U02994,31,Female,CR00044,Finance,Paid,2025-06-26,119.04
TT07747,U00003,33,Female,CR00005,Programming,Free,2025-04-14,0.0
TT07748,U00004,23,Female,CR00021,Data Science,Free,2025-08-06,0.0
TT07749,U00013,33,Female,CR00021,Data Science,Free,2025-12-22,0.0
TT07750,U00015,27,Female,CR00038,Project Management,Paid,2025-11-22,342.61
TT07751,U00018,24,Female,CR00021,Data Science,Free,2025-12-10,0.0
TT07752,U00028,30,Female,CR00042,Finance,Free,2025-06-30,0.0
TT07753,U00055,31,Female,CR00007,Design,Free,2025-04-11,0.0
TT07754,U00071,30,Female,CR00027,Machine Learning,Free,2025-11-16,0.0
TT07755,U00083,16,Male,CR00038,Project Management,Paid,2025-01-06,342.61
TT07756,U00085,22,Female,CR00050,Artificial Intelligence,Paid,2025-04-17,490.9
TT07757,U00109,15,Female,CR00040,Project Management,Paid,2025-08-08,327.99
TT07758,U00112,34,Female,CR00048,Artificial Intelligence,Free,2025-11-06,0.0
TT07759,U00117,19,Female,CR00033,Cybersecurity,Free,2025-05-14,0.0
TT07760,U00126,23,Female,CR00021,Data Science,Free,2025-03-22,0.0
TT07761,U00128,35,Female,CR00045,Finance,Free,2025-06-02,0.0
TT07762,U00133,21,Male,CR00019,Marketing,Free,2025-05-28,0.0
TT07763,U00134,26,Female,CR00044,Finance,Paid,2025-08-10,119.04
TT07764,U00152,19,Female,CR00048,Artificial Intelligence,Free,2025-04-22,0.0
TT07765,U00161,25,Female,CR00045,Finance,Free,2025-12-28,0.0
TT07766,U00166,33,Male,CR00030,Machine Learning,Free,2025-12-02,0.0
TT07767,U00169,24,Male,CR00041,Finance,Paid,2025-12-16,53.86
TT07768,U00173,31,Male,CR00015,Business,Paid,2025-09-01,285.05
TT07769,U00177,29,Female,CR00029,Machine Learning,Free,2025-06-30,0.0
TT07770,U00178,20,Male,CR00033,Cybersecurity,Free,2025-07-21,0.0
TT07771,U00191,34,Male,CR00038,Project Management,Paid,2025-03-18,342.61
TT07772,U00192,17,Male,CR00053,Web Development,Free,2025-04-05,0.0
TT07773,U00198,30,Female,CR00058,Digital Marketing,Free,2025-12-05,0.0
TT07774,U00208,18,Female,CR00060,Digital Marketing,Free,2025-09-27,0.0
TT07775,U00216,23,Male,CR00001,Programming,Paid,2025-11-01,472.28
TT07776,U00220,20,Male,CR00004,Programming,Free,2025-04-23,0.0
TT07777,U00238,24,Female,CR00056,Digital Marketing,Paid,2025-06-13,212.39
TT07778,U00251,28,Female,CR00041,Finance,Paid,2025-10-21,53.86
TT07779,U00260,35,Male,CR00040,Project Management,Paid,2025-07-09,327.99
TT07780,U00265,15,Male,CR00050,Artificial Intelligence,Paid,2025-03-21,490.9
TT07781,U00272,25,Male,CR00059,Digital Marketing,Free,2025-03-26,0.0
TT07782,U00282,19,Male,CR00055,Web Development,Paid,2025-03-02,57.32
TT07783,U00292,33,Male,CR00010,Design,Free,2025-04-14,0.0
TT07784,U00293,25,Female,CR00030,Machine Learning,Free,2025-12-10,0.0
TT07785,U00298,32,Male,CR00012,Business,Paid,2025-01-07,487.92
TT07786,U00301,26,Male,CR00018,Marketing,Free,2025-04-22,0.0
TT07787,U00303,35,Male,CR00048,Artificial Intelligence,Free,2025-10-27,0.0
TT07788,U00310,26,Female,CR00003,Programming,Free,2025-09-06,0.0
TT07789,U00315,31,Female,CR00036,Project Management,Free,2025-02-11,0.0
TT07790,U00321,28,Male,CR00021,Data Science,Free,2025-04-08,0.0
TT07791,U00322,23,Male,CR00002,Programming,Free,2025-04-27,0.0
TT07792,U00323,21,Female,CR00028,Machine Learning,Paid,2025-10-09,0.78
TT07793,U00328,29,Female,CR00021,Data Science,Free,2025-07-22,0.0
TT07794,U00329,20,Female,CR00025,Data Science,Paid,2025-03-08,299.57
TT07795,U00330,15,Female,CR00028,Machine Learning,Paid,2025-01-21,0.78
TT07796,U00334,24,Female,CR00004,Programming,Free,2025-07-06,0.0
TT07797,U00339,29,Male,CR00027,Machine Learning,Free,2025-12-04,0.0
TT07798,U00345,16,Male,CR00039,Project Management,Paid,2025-02-08,346.71
TT07799,U00351,18,Female,CR00056,Digital Marketing,Paid,2025-02-07,212.39
TT07800,U00352,28,Male,CR00012,Business,Paid,2025-07-01,487.92
TT07801,U00353,34,Female,CR00043,Finance,Free,2025-07-05,0.0
TT07802,U00356,21,Female,CR00022,Data Science,Free,2025-02-04,0.0
TT07803,U00357,15,Female,CR00047,Artificial Intelligence,Paid,2025-06-15,89.59
TT07804,U00362,16,Male,CR00021,Data Science,Free,2025-08-21,0.0
TT07805,U00365,30,Female,CR00005,Programming,Free,2025-03-13,0.0
TT07806,U00379,20,Male,CR00043,Finance,Free,2025-05-05,0.0
TT07807,U00383,29,Female,CR00031,Cybersecurity,Free,2025-08-26,0.0
TT07808,U00394,30,Female,CR00002,Programming,Free,2025-06-23,0.0
TT07809,U00404,21,Female,CR00021,Data Science,Free,2025-10-13,0.0
TT07810,U00407,23,Male,CR00042,Finance,Free,2025-08-06,0.0
TT07811,U00411,17,Female,CR00014,Business,Free,2025-10-17,0.0
TT07812,U00415,31,Female,CR00029,Machine Learning,Free,2025-11-09,0.0
TT07813,U00423,27,Female,CR00044,Finance,Paid,2025-10-26,119.04
TT07814,U00424,35,Male,CR00007,Design,Free,2025-07-26,0.0
TT07815,U00427,29,Female,CR00047,Artificial Intelligence,Paid,2025-07-02,89.59
TT07816,U00444,15,Female,CR00014,Business,Free,2025-10-20,0.0
TT07817,U00449,33,Female,CR00056,Digital Marketing,Paid,2025-05-03,212.39
TT07818,U00450,20,Male,CR00058,Digital Marketing,Free,2025-04-13,0.0
TT07819,U00464,25,Male,CR00025,Data Science,Paid,2025-08-15,299.57
TT07820,U00494,26,Male,CR00046,Artificial Intelligence,Paid,2025-09-01,248.1
TT07821,U00543,18,Female,CR00059,Digital Marketing,Free,2025-08-15,0.0
TT07822,U00548,32,Female,CR00039,Project Management,Paid,2025-08-17,346.71
TT07823,U00556,25,Female,CR00006,Design,Paid,2025-11-15,276.37
TT07824,U00559,20,Male,CR00032,Cybersecurity,Free,2025-04-09,0.0
TT07825,U00562,23,Female,CR00013,Business,Free,2025-12-29,0.0
TT07826,U00569,15,Female,CR00040,Project Management,Paid,2025-12-19,327.99
TT07827,U00570,27,Male,CR00022,Data Science,Free,2025-11-11,0.0
TT07828,U00572,32,Male,CR00028,Machine Learning,Paid,2025-05-09,0.78
TT07829,U00574,33,Female,CR00032,Cybersecurity,Free,2025-06-03,0.0
TT07830,U00576,16,Male,CR00011,Business,Paid,2025-11-22,326.02
TT07831,U00604,30,Female,CR00032,Cybersecurity,Free,2025-10-02,0.0
TT07832,U00622,28,Female,CR00037,Project Management,Free,2025-01-01,0.0
TT07833,U00633,35,Female,CR00055,Web Development,Paid,2025-12-11,57.32
TT07834,U00636,21,Female,CR00023,Data Science,Free,2025-04-21,0.0
TT07835,U00639,33,Female,CR00011,Business,Paid,2025-02-20,326.02
TT07836,U00666,30,Female,CR00040,Project Management,Paid,2025-07-10,327.99
TT07837,U00687,29,Female,CR00014,Business,Free,2025-10-15,0.0
TT07838,U00704,30,Male,CR00010,Design,Free,2025-11-04,0.0
TT07839,U00709,23,Female,CR00035,Cybersecurity,Free,2025-09-13,0.0
TT07840,U00723,35,Male,CR00013,Business,Free,2025-10-11,0.0
TT07841,U00724,16,Female,CR00031,Cybersecurity,Free,2025-08-10,0.0
TT07842,U00752,30,Male,CR00019,Marketing,Free,2025-01-27,0.0
TT07843,U00760,21,Female,CR00047,Artificial Intelligence,Paid,2025-09-02,89.59
TT07844,U00767,16,Female,CR00004,Programming,Free,2025-01-26,0.0
TT07845,U00786,32,Female,CR00003,Programming,Free,2025-03-10,0.0
TT07846,U00819,28,Female,CR00044,Finance,Paid,2025-09-06,119.04
TT07847,U00829,22,Male,CR00035,Cybersecurity,Free,2025-06-03,0.0
TT07848,U00836,29,Female,CR00060,Digital Marketing,Free,2025-08-10,0.0
TT07849,U00838,25,Female,CR00022,Data Science,Free,2025-12-13,0.0
TT07850,U00850,26,Male,CR00021,Data Science,Free,2025-12-03,0.0
TT07851,U00852,23,Male,CR00014,Business,Free,2025-03-15,0.0
TT07852,U00858,20,Male,CR00058,Digital Marketing,Free,2025-01-09,0.0
TT07853,U00870,22,Male,CR00042,Finance,Free,2025-01-10,0.0
TT07854,U00874,25,Male,CR00015,Business,Paid,2025-04-29,285.05
TT07855,U00876,27,Male,CR00006,Design,Paid,2025-01-02,276.37
TT07856,U00881,34,Female,CR00024,Data Science,Paid,2025-06-12,117.68
TT07857,U00893,15,Male,CR00013,Business,Free,2025-07-22,0.0
TT07858,U00898,24,Female,CR00029,Machine Learning,Free,2025-10-23,0.0
TT07859,U00903,29,Female,CR00054,Web Development,Free,2025-06-19,0.0
TT07860,U00907,23,Female,CR00025,Data Science,Paid,2025-07-21,299.57
TT07861,U00915,24,Female,CR00055,Web Development,Paid,2025-05-10,57.32
TT07862,U00917,28,Female,CR00011,Business,Paid,2025-11-14,326.02
TT07863,U00919,28,Male,CR00016,Marketing,Free,2025-01-21,0.0
TT07864,U00928,33,Female,CR00021,Data Science,Free,2025-06-17,0.0
TT07865,U00959,22,Male,CR00025,Data Science,Paid,2025-04-15,299.57
TT07866,U00961,31,Male,CR00026,Machine Learning,Free,2025-08-24,0.0
TT07867,U00967,15,Male,CR00005,Programming,Free,2025-09-25,0.0
TT07868,U00976,30,Male,CR00012,Business,Paid,2025-07-05,487.92
TT07869,U00981,34,Male,CR00039,Project Management,Paid,2025-09-19,346.71
TT07870,U00997,34,Female,CR00027,Machine Learning,Free,2025-06-18,0.0
TT07871,U01000,16,Female,CR00026,Machine Learning,Free,2025-02-25,0.0
TT07872,U01015,29,Male,CR00028,Machine Learning,Paid,2025-10-08,0.78
TT07873,U01020,28,Male,CR00021,Data Science,Free,2025-11-30,0.0
TT07874,U01022,17,Male,CR00031,Cybersecurity,Free,2025-04-26,0.0
TT07875,U01031,15,Male,CR00027,Machine Learning,Free,2025-01-19,0.0
TT07876,U01032,16,Male,CR00016,Marketing,Free,2025-09-16,0.0
TT07877,U01033,30,Male,CR00006,Design,Paid,2025-05-26,276.37
TT07878,U01083,29,Male,CR00023,Data Science,Free,2025-04-04,0.0
TT07879,U01084,24,Male,CR00022,Data Science,Free,2025-03-12,0.0
TT07880,U01092,34,Female,CR00050,Artificial Intelligence,Paid,2025-03-26,490.9
TT07881,U01096,18,Male,CR00053,Web Development,Free,2025-12-13,0.0
TT07882,U01123,29,Female,CR00040,Project Management,Paid,2025-02-05,327.99
TT07883,U01143,31,Male,CR00059,Digital Marketing,Free,2025-03-17,0.0
TT07884,U01146,15,Male,CR00037,Project Management,Free,2025-07-13,0.0
TT07885,U01158,35,Male,CR00028,Machine Learning,Paid,2025-09-28,0.78
TT07886,U01163,24,Male,CR00009,Design,Free,2025-07-09,0.0
TT07887,U01167,16,Female,CR00021,Data Science,Free,2025-06-24,0.0
TT07888,U01170,27,Female,CR00056,Digital Marketing,Paid,2025-06-02,212.39
TT07889,U01177,16,Male,CR00044,Finance,Paid,2025-01-02,119.04
TT07890,U01180,18,Male,CR00050,Artificial Intelligence,Paid,2025-10-28,490.9
TT07891,U01197,28,Male,CR00041,Finance,Paid,2025-10-09,53.86
TT07892,U01203,15,Male,CR00008,Design,Free,2025-10-20,0.0
TT07893,U01221,32,Male,CR00014,Business,Free,2025-01-20,0.0
TT07894,U01224,23,Female,CR00012,Business,Paid,2025-07-12,487.92
TT07895,U01231,21,Female,CR00028,Machine Learning,Paid,2025-07-01,0.78
TT07896,U01233,28,Male,CR00021,Data Science,Free,2025-06-22,0.0
TT07897,U01235,27,Female,CR00030,Machine Learning,Free,2025-12-01,0.0
TT07898,U01237,24,Male,CR00023,Data Science,Free,2025-11-16,0.0
TT07899,U01239,20,Male,CR00001,Programming,Paid,2025-12-09,472.28
TT07900,U01244,30,Female,CR00057,Digital Marketing,Paid,2025-05-02,177.34
TT07901,U01249,25,Male,CR00005,Programming,Free,2025-10-06,0.0
TT07902,U01250,27,Female,CR00004,Programming,Free,2025-12-06,0.0
TT07903,U01266,18,Female,CR00056,Digital Marketing,Paid,2025-04-12,212.39
TT07904,U01267,30,Female,CR00009,Design,Free,2025-07-22,0.0
TT07905,U01268,33,Male,CR00003,Programming,Free,2025-08-08,0.0
TT07906,U01280,26,Female,CR00015,Business,Paid,2025-03-16,285.05
TT07907,U01281,23,Female,CR00019,Marketing,Free,2025-06-07,0.0
TT07908,U01284,34,Female,CR00027,Machine Learning,Free,2025-05-29,0.0
TT07909,U01286,27,Male,CR00012,Business,Paid,2025-02-07,487.92
TT07910,U01290,16,Male,CR00010,Design,Free,2025-03-12,0.0
TT07911,U01315,33,Male,CR00001,Programming,Paid,2025-02-01,472.28
TT07912,U01318,18,Female,CR00042,Finance,Free,2025-04-21,0.0
TT07913,U01321,35,Male,CR00029,Machine Learning,Free,2025-10-23,0.0
TT07914,U01331,16,Male,CR00018,Marketing,Free,2025-02-23,0.0
TT07915,U01332,20,Male,CR00021,Data Science,Free,2025-05-10,0.0
TT07916,U01334,35,Female,CR00035,Cybersecurity,Free,2025-08-08,0.0
TT07917,U01336,33,Male,CR00024,Data Science,Paid,2025-12-24,117.68
TT07918,U01337,32,Female,CR00002,Programming,Free,2025-07-21,0.0
TT07919,U01343,32,Male,CR00030,Machine Learning,Free,2025-12-26,0.0
TT07920,U01344,25,Female,CR00046,Artificial Intelligence,Paid,2025-07-25,248.1
TT07921,U01346,16,Male,CR00019,Marketing,Free,2025-03-19,0.0
TT07922,U01347,20,Male,CR00053,Web Development,Free,2025-09-26,0.0
TT07923,U01350,16,Female,CR00042,Finance,Free,2025-04-17,0.0
TT07924,U01352,25,Male,CR00038,Project Management,Paid,2025-05-01,342.61
TT07925,U01355,28,Female,CR00006,Design,Paid,2025-02-20,276.37
TT07926,U01364,16,Female,CR00038,Project Management,Paid,2025-11-21,342.61
TT07927,U01365,25,Male,CR00041,Finance,Paid,2025-08-23,53.86
TT07928,U01375,22,Male,CR00017,Marketing,Free,2025-01-15,0.0
TT07929,U01394,26,Female,CR00035,Cybersecurity,Free,2025-10-24,0.0
TT07930,U01395,31,Male,CR00038,Project Management,Paid,2025-09-17,342.61
TT07931,U01397,28,Male,CR00037,Project Management,Free,2025-06-06,0.0
TT07932,U01399,20,Male,CR00030,Machine Learning,Free,2025-10-26,0.0
TT07933,U01405,35,Male,CR00041,Finance,Paid,2025-06-28,53.86
TT07934,U01411,21,Male,CR00025,Data Science,Paid,2025-03-25,299.57
TT07935,U01414,35,Female,CR00003,Programming,Free,2025-02-22,0.0
TT07936,U01429,31,Female,CR00025,Data Science,Paid,2025-08-24,299.57
TT07937,U01432,17,Female,CR00056,Digital Marketing,Paid,2025-03-24,212.39
TT07938,U01445,29,Male,CR00033,Cybersecurity,Free,2025-09-29,0.0
TT07939,U01451,17,Male,CR00029,Machine Learning,Free,2025-04-19,0.0
TT07940,U01455,22,Female,CR00019,Marketing,Free,2025-04-24,0.0
TT07941,U01460,32,Female,CR00056,Digital Marketing,Paid,2025-06-17,212.39
TT07942,U01463,30,Female,CR00056,Digital Marketing,Paid,2025-09-14,212.39
TT07943,U01472,27,Female,CR00014,Business,Free,2025-09-23,0.0
TT07944,U01473,17,Female,CR00004,Programming,Free,2025-01-05,0.0
TT07945,U01475,20,Male,CR00024,Data Science,Paid,2025-12-22,117.68
TT07946,U01488,27,Male,CR00022,Data Science,Free,2025-06-21,0.0
TT07947,U01497,35,Female,CR00039,Project Management,Paid,2025-08-11,346.71
TT07948,U01500,15,Male,CR00058,Digital Marketing,Free,2025-07-20,0.0
TT07949,U01506,34,Male,CR00047,Artificial Intelligence,Paid,2025-06-25,89.59
TT07950,U01511,15,Male,CR00036,Project Management,Free,2025-04-12,0.0
TT07951,U01517,26,Male,CR00045,Finance,Free,2025-09-03,0.0
TT07952,U01522,31,Female,CR00031,Cybersecurity,Free,2025-06-01,0.0
TT07953,U01528,16,Male,CR00049,Artificial Intelligence,Paid,2025-05-20,415.51
TT07954,U01530,16,Male,CR00035,Cybersecurity,Free,2025-10-03,0.0
TT07955,U01531,30,Female,CR00006,Design,Paid,2025-02-22,276.37
TT07956,U01543,25,Female,CR00011,Business,Paid,2025-07-19,326.02
TT07957,U01553,27,Male,CR00021,Data Science,Free,2025-07-29,0.0
TT07958,U01575,15,Female,CR00025,Data Science,Paid,2025-06-28,299.57
TT07959,U01578,26,Male,CR00024,Data Science,Paid,2025-06-15,117.68
TT07960,U01585,27,Male,CR00044,Finance,Paid,2025-02-17,119.04
TT07961,U01586,27,Male,CR00047,Artificial Intelligence,Paid,2025-04-15,89.59
TT07962,U01602,31,Female,CR00007,Design,Free,2025-04-28,0.0
TT07963,U01618,15,Female,CR00036,Project Management,Free,2025-02-13,0.0
TT07964,U01627,23,Female,CR00042,Finance,Free,2025-11-20,0.0
TT07965,U01628,26,Male,CR00044,Finance,Paid,2025-08-25,119.04
TT07966,U01635,18,Female,CR00013,Business,Free,2025-03-19,0.0
TT07967,U01649,35,Male,CR00049,Artificial Intelligence,Paid,2025-05-26,415.51
TT07968,U01654,22,Female,CR00032,Cybersecurity,Free,2025-07-17,0.0
TT07969,U01656,27,Male,CR00014,Business,Free,2025-05-25,0.0
TT07970,U01662,28,Male,CR00044,Finance,Paid,2025-06-07,119.04
TT07971,U01666,28,Female,CR00007,Design,Free,2025-12-13,0.0
TT07972,U01674,27,Female,CR00015,Business,Paid,2025-09-21,285.05
TT07973,U01692,26,Male,CR00050,Artificial Intelligence,Paid,2025-07-05,490.9
TT07974,U01695,32,Male,CR00031,Cybersecurity,Free,2025-03-15,0.0
TT07975,U01702,21,Female,CR00017,Marketing,Free,2025-03-21,0.0
TT07976,U01708,22,Male,CR00016,Marketing,Free,2025-06-22,0.0
TT07977,U01720,21,Female,CR00023,Data Science,Free,2025-05-03,0.0
TT07978,U01721,15,Female,CR00002,Programming,Free,2025-02-25,0.0
TT07979,U01724,17,Male,CR00034,Cybersecurity,Paid,2025-08-21,394.26
TT07980,U01726,32,Female,CR00037,Project Management,Free,2025-08-27,0.0
TT07981,U01729,29,Female,CR00040,Project Management,Paid,2025-06-21,327.99
TT07982,U01746,24,Male,CR00025,Data Science,Paid,2025-08-09,299.57
TT07983,U01762,33,Male,CR00021,Data Science,Free,2025-09-09,0.0
TT07984,U01773,17,Male,CR00057,Digital Marketing,Paid,2025-02-22,177.34
TT07985,U01789,33,Female,CR00008,Design,Free,2025-07-14,0.0
TT07986,U01805,21,Male,CR00030,Machine Learning,Free,2025-08-02,0.0
TT07987,U01809,24,Female,CR00036,Project Management,Free,2025-08-22,0.0
TT07988,U01810,15,Female,CR00013,Business,Free,2025-03-25,0.0
TT07989,U01812,17,Male,CR00008,Design,Free,2025-04-15,0.0
TT07990,U01820,24,Male,CR00057,Digital Marketing,Paid,2025-10-22,177.34
TT07991,U01822,22,Male,CR00010,Design,Free,2025-06-09,0.0
TT07992,U01825,25,Male,CR00049,Artificial Intelligence,Paid,2025-08-29,415.51
TT07993,U01840,35,Female,CR00027,Machine Learning,Free,2025-09-05,0.0
TT07994,U01842,33,Female,CR00045,Finance,Free,2025-06-06,0.0
TT07995,U01854,16,Male,CR00028,Machine Learning,Paid,2025-11-24,0.78
TT07996,U01867,24,Female,CR00032,Cybersecurity,Free,2025-07-09,0.0
TT07997,U01871,21,Male,CR00026,Machine Learning,Free,2025-11-03,0.0
TT07998,U01872,28,Female,CR00009,Design,Free,2025-03-02,0.0
TT07999,U01876,17,Male,CR00002,Programming,Free,2025-12-23,0.0
TT08000,U01877,19,Male,CR00040,Project Management,Paid,2025-08-23,327.99
TT08001,U01879,32,Female,CR00030,Machine Learning,Free,2025-06-03,0.0
TT08002,U01893,23,Female,CR00041,Finance,Paid,2025-02-25,53.86
TT08003,U01896,32,Female,CR00005,Programming,Free,2025-02-28,0.0
TT08004,U01900,19,Male,CR00012,Business,Paid,2025-01-13,487.92
TT08005,U01906,19,Male,CR00052,Web Development,Free,2025-04-27,0.0
TT08006,U01908,19,Male,CR00053,Web Development,Free,2025-10-19,0.0
TT08007,U01917,18,Female,CR00021,Data Science,Free,2025-05-11,0.0
TT08008,U01918,23,Male,CR00030,Machine Learning,Free,2025-06-28,0.0
TT08009,U01926,26,Female,CR00043,Finance,Free,2025-07-25,0.0
TT08010,U01929,19,Male,CR00003,Programming,Free,2025-08-16,0.0
TT08011,U01931,23,Female,CR00019,Marketing,Free,2025-10-11,0.0
TT08012,U01934,22,Male,CR00024,Data Science,Paid,2025-05-02,117.68
TT08013,U01953,19,Male,CR00006,Design,Paid,2025-08-08,276.37
TT08014,U01958,16,Male,CR00038,Project Management,Paid,2025-05-17,342.61
TT08015,U01959,26,Female,CR00058,Digital Marketing,Free,2025-08-12,0.0
TT08016,U01961,30,Male,CR00028,Machine Learning,Paid,2025-11-18,0.78
TT08017,U01962,19,Male,CR00049,Artificial Intelligence,Paid,2025-09-01,415.51
TT08018,U01987,15,Male,CR00016,Marketing,Free,2025-09-11,0.0
TT08019,U01993,23,Female,CR00034,Cybersecurity,Paid,2025-09-17,394.26
TT08020,U01994,20,Female,CR00052,Web Development,Free,2025-07-25,0.0
TT08021,U01998,23,Male,CR00004,Programming,Free,2025-01-14,0.0
TT08022,U02015,30,Male,CR00002,Programming,Free,2025-03-05,0.0
TT08023,U02022,27,Female,CR00051,Web Development,Paid,2025-07-01,37.89
TT08024,U02035,32,Male,CR00005,Programming,Free,2025-08-24,0.0
TT08025,U02039,29,Male,CR00046,Artificial Intelligence,Paid,2025-03-29,248.1
TT08026,U02058,16,Male,CR00045,Finance,Free,2025-09-05,0.0
TT08027,U02064,35,Male,CR00046,Artificial Intelligence,Paid,2025-01-22,248.1
TT08028,U02068,15,Male,CR00015,Business,Paid,2025-06-28,285.05
TT08029,U02071,24,Male,CR00059,Digital Marketing,Free,2025-06-21,0.0
TT08030,U02074,27,Female,CR00020,Marketing,Free,2025-02-03,0.0
TT08031,U02077,24,Male,CR00050,Artificial Intelligence,Paid,2025-07-30,490.9
TT08032,U02096,31,Male,CR00020,Marketing,Free,2025-07-10,0.0
TT08033,U02098,25,Male,CR00036,Project Management,Free,2025-02-23,0.0
TT08034,U02125,31,Female,CR00042,Finance,Free,2025-12-26,0.0
TT08035,U02144,15,Male,CR00038,Project Management,Paid,2025-10-21,342.61
TT08036,U02147,33,Male,CR00006,Design,Paid,2025-02-22,276.37
TT08037,U02149,21,Female,CR00056,Digital Marketing,Paid,2025-09-25,212.39
TT08038,U02151,18,Female,CR00041,Finance,Paid,2025-01-25,53.86
TT08039,U02152,35,Female,CR00052,Web Development,Free,2025-01-24,0.0
TT08040,U02153,18,Female,CR00043,Finance,Free,2025-07-10,0.0
TT08041,U02155,16,Female,CR00004,Programming,Free,2025-02-03,0.0
TT08042,U02174,17,Female,CR00059,Digital Marketing,Free,2025-09-14,0.0
TT08043,U02212,33,Male,CR00054,Web Development,Free,2025-10-26,0.0
TT08044,U02215,32,Male,CR00017,Marketing,Free,2025-03-19,0.0
TT08045,U02217,21,Male,CR00055,Web Development,Paid,2025-07-15,57.32
TT08046,U02224,18,Female,CR00013,Business,Free,2025-12-29,0.0
TT08047,U02248,29,Male,CR00034,Cybersecurity,Paid,2025-08-17,394.26
TT08048,U02250,19,Female,CR00051,Web Development,Paid,2025-10-02,37.89
TT08049,U02254,17,Female,CR00052,Web Development,Free,2025-05-02,0.0
TT08050,U02258,21,Male,CR00009,Design,Free,2025-09-01,0.0
TT08051,U02284,28,Male,CR00014,Business,Free,2025-08-06,0.0
TT08052,U02288,32,Female,CR00001,Programming,Paid,2025-12-02,472.28
TT08053,U02290,25,Male,CR00008,Design,Free,2025-08-27,0.0
TT08054,U02300,35,Male,CR00001,Programming,Paid,2025-04-13,472.28
TT08055,U02301,18,Female,CR00009,Design,Free,2025-06-20,0.0
TT08056,U02306,18,Female,CR00056,Digital Marketing,Paid,2025-05-18,212.39
TT08057,U02315,34,Male,CR00047,Artificial Intelligence,Paid,2025-01-28,89.59
TT08058,U02336,17,Female,CR00040,Project Management,Paid,2025-12-08,327.99
TT08059,U02337,18,Female,CR00053,Web Development,Free,2025-03-16,0.0
TT08060,U02341,17,Male,CR00052,Web Development,Free,2025-02-15,0.0
TT08061,U02344,26,Male,CR00043,Finance,Free,2025-09-20,0.0
TT08062,U02349,27,Male,CR00056,Digital Marketing,Paid,2025-06-29,212.39
TT08063,U02370,24,Male,CR00047,Artificial Intelligence,Paid,2025-07-15,89.59
TT08064,U02371,34,Female,CR00011,Business,Paid,2025-10-14,326.02
TT08065,U02427,31,Female,CR00030,Machine Learning,Free,2025-03-17,0.0
TT08066,U02432,30,Female,CR00025,Data Science,Paid,2025-04-02,299.57
TT08067,U02445,26,Female,CR00058,Digital Marketing,Free,2025-12-04,0.0
TT08068,U02459,33,Male,CR00034,Cybersecurity,Paid,2025-12-04,394.26
TT08069,U02470,34,Male,CR00007,Design,Free,2025-06-13,0.0
TT08070,U02485,22,Male,CR00019,Marketing,Free,2025-09-09,0.0
TT08071,U02490,24,Female,CR00009,Design,Free,2025-02-14,0.0
TT08072,U02512,15,Female,CR00042,Finance,Free,2025-08-29,0.0
TT08073,U02515,15,Male,CR00028,Machine Learning,Paid,2025-10-17,0.78
TT08074,U02540,33,Female,CR00013,Business,Free,2025-03-18,0.0
TT08075,U02541,18,Female,CR00025,Data Science,Paid,2025-07-26,299.57
TT08076,U02542,35,Female,CR00030,Machine Learning,Free,2025-08-04,0.0
TT08077,U02566,30,Female,CR00041,Finance,Paid,2025-09-24,53.86
TT08078,U02583,33,Male,CR00021,Data Science,Free,2025-11-22,0.0
TT08079,U02593,16,Male,CR00032,Cybersecurity,Free,2025-08-29,0.0
TT08080,U02605,22,Male,CR00006,Design,Paid,2025-02-02,276.37
TT08081,U02612,22,Male,CR00036,Project Management,Free,2025-04-28,0.0
TT08082,U02614,30,Female,CR00012,Business,Paid,2025-08-30,487.92
TT08083,U02630,20,Male,CR00018,Marketing,Free,2025-11-30,0.0
TT08084,U02643,17,Female,CR00058,Digital Marketing,Free,2025-09-04,0.0
TT08085,U02651,16,Female,CR00059,Digital Marketing,Free,2025-08-03,0.0
TT08086,U02663,27,Female,CR00041,Finance,Paid,2025-12-23,53.86
TT08087,U02672,32,Male,CR00038,Project Management,Paid,2025-03-02,342.61
TT08088,U02683,28,Male,CR00030,Machine Learning,Free,2025-12-30,0.0
TT08089,U02684,28,Male,CR00030,Machine Learning,Free,2025-01-08,0.0
TT08090,U02698,18,Female,CR00027,Machine Learning,Free,2025-05-02,0.0
TT08091,U02709,19,Female,CR00016,Marketing,Free,2025-08-30,0.0
TT08092,U02733,31,Male,CR00010,Design,Free,2025-02-10,0.0
TT08093,U02743,33,Male,CR00026,Machine Learning,Free,2025-09-24,0.0
TT08094,U02754,34,Male,CR00031,Cybersecurity,Free,2025-11-09,0.0
TT08095,U02767,31,Male,CR00031,Cybersecurity,Free,2025-04-01,0.0
TT08096,U02770,31,Male,CR00020,Marketing,Free,2025-06-12,0.0
TT08097,U02775,24,Female,CR00056,Digital Marketing,Paid,2025-03-01,212.39
TT08098,U02786,25,Male,CR00017,Marketing,Free,2025-06-13,0.0
TT08099,U02788,20,Female,CR00050,Artificial Intelligence,Paid,2025-12-12,490.9
TT08100,U02791,27,Male,CR00022,Data Science,Free,2025-07-03,0.0
TT08101,U02792,27,Female,CR00059,Digital Marketing,Free,2025-04-28,0.0
TT08102,U02793,22,Female,CR00043,Finance,Free,2025-03-08,0.0
TT08103,U02821,27,Male,CR00038,Project Management,Paid,2025-02-23,342.61
TT08104,U02825,34,Male,CR00007,Design,Free,2025-10-09,0.0
TT08105,U02832,31,Male,CR00008,Design,Free,2025-09-24,0.0
TT08106,U02843,26,Male,CR00035,Cybersecurity,Free,2025-04-25,0.0
TT08107,U02844,21,Female,CR00012,Business,Paid,2025-11-17,487.92
TT08108,U02850,25,Female,CR00023,Data Science,Free,2025-11-09,0.0
TT08109,U02874,32,Male,CR00011,Business,Paid,2025-09-25,326.02
TT08110,U02883,16,Female,CR00040,Project Management,Paid,2025-02-26,327.99
TT08111,U02909,19,Female,CR00012,Business,Paid,2025-08-26,487.92
TT08112,U02915,33,Female,CR00020,Marketing,Free,2025-01-26,0.0
TT08113,U02916,20,Male,CR00036,Project Management,Free,2025-08-09,0.0
TT08114,U02927,20,Male,CR00024,Data Science,Paid,2025-06-25,117.68
TT08115,U02931,28,Female,CR00022,Data Science,Free,2025-11-02,0.0
TT08116,U02937,23,Male,CR00059,Digital Marketing,Free,2025-05-06,0.0
TT08117,U02941,22,Male,CR00055,Web Development,Paid,2025-08-17,57.32
TT08118,U02947,18,Female,CR00055,Web Development,Paid,2025-04-24,57.32
TT08119,U02958,33,Male,CR00012,Business,Paid,2025-12-17,487.92
TT08120,U02969,18,Female,CR00015,Business,Paid,2025-01-03,285.05
TT08121,U02971,20,Female,CR00014,Business,Free,2025-01-11,0.0
TT08122,U02974,31,Female,CR00036,Project Management,Free,2025-06-06,0.0
TT08123,U02976,28,Female,CR00014,Business,Free,2025-01-06,0.0
TT08124,U02980,27,Male,CR00015,Business,Paid,2025-12-07,285.05
TT08125,U02981,23,Male,CR00004,Programming,Free,2025-05-03,0.0
TT08126,U02984,35,Female,CR00054,Web Development,Free,2025-05-22,0.0
TT08127,U02994,31,Female,CR00008,Design,Free,2025-06-16,0.0
TT08128,U00003,33,Female,CR00051,Web Development,Paid,2025-03-20,37.89
TT08129,U00004,23,Female,CR00056,Digital Marketing,Paid,2025-11-23,212.39
TT08130,U00013,33,Female,CR00026,Machine Learning,Free,2025-06-13,0.0
TT08131,U00015,27,Female,CR00034,Cybersecurity,Paid,2025-11-20,394.26
TT08132,U00018,24,Female,CR00043,Finance,Free,2025-10-29,0.0
TT08133,U00028,30,Female,CR00001,Programming,Paid,2025-06-11,472.28
TT08134,U00045,23,Female,CR00056,Digital Marketing,Paid,2025-12-06,212.39
TT08135,U00048,19,Male,CR00003,Programming,Free,2025-08-25,0.0
TT08136,U00055,31,Female,CR00037,Project Management,Free,2025-02-18,0.0
TT08137,U00071,30,Female,CR00002,Programming,Free,2025-06-09,0.0
TT08138,U00083,16,Male,CR00033,Cybersecurity,Free,2025-06-08,0.0
TT08139,U00085,22,Female,CR00041,Finance,Paid,2025-04-11,53.86
TT08140,U00109,15,Female,CR00003,Programming,Free,2025-11-19,0.0
TT08141,U00112,34,Female,CR00021,Data Science,Free,2025-07-15,0.0
TT08142,U00117,19,Female,CR00025,Data Science,Paid,2025-05-16,299.57
TT08143,U00128,35,Female,CR00012,Business,Paid,2025-06-09,487.92
TT08144,U00133,21,Male,CR00018,Marketing,Free,2025-08-20,0.0
TT08145,U00134,26,Female,CR00041,Finance,Paid,2025-06-13,53.86
TT08146,U00144,24,Female,CR00058,Digital Marketing,Free,2025-10-06,0.0
TT08147,U00147,30,Male,CR00006,Design,Paid,2025-09-14,276.37
TT08148,U00149,17,Female,CR00027,Machine Learning,Free,2025-07-27,0.0
TT08149,U00152,19,Female,CR00058,Digital Marketing,Free,2025-04-24,0.0
TT08150,U00166,33,Male,CR00042,Finance,Free,2025-11-01,0.0
TT08151,U00169,24,Male,CR00023,Data Science,Free,2025-07-20,0.0
TT08152,U00173,31,Male,CR00034,Cybersecurity,Paid,2025-07-08,394.26
TT08153,U00177,29,Female,CR00046,Artificial Intelligence,Paid,2025-11-11,248.1
TT08154,U00178,20,Male,CR00044,Finance,Paid,2025-05-01,119.04
TT08155,U00191,34,Male,CR00035,Cybersecurity,Free,2025-08-30,0.0
TT08156,U00198,30,Female,CR00004,Programming,Free,2025-03-07,0.0
TT08157,U00208,18,Female,CR00058,Digital Marketing,Free,2025-10-14,0.0
TT08158,U00216,23,Male,CR00014,Business,Free,2025-03-19,0.0
TT08159,U00220,20,Male,CR00002,Programming,Free,2025-02-02,0.0
TT08160,U00238,24,Female,CR00027,Machine Learning,Free,2025-04-26,0.0
TT08161,U00251,28,Female,CR00050,Artificial Intelligence,Paid,2025-05-15,490.9
TT08162,U00260,35,Male,CR00007,Design,Free,2025-07-04,0.0
TT08163,U00265,15,Male,CR00052,Web Development,Free,2025-06-11,0.0
TT08164,U00272,25,Male,CR00057,Digital Marketing,Paid,2025-09-28,177.34
TT08165,U00292,33,Male,CR00035,Cybersecurity,Free,2025-10-29,0.0
TT08166,U00293,25,Female,CR00051,Web Development,Paid,2025-01-23,37.89
TT08167,U00298,32,Male,CR00036,Project Management,Free,2025-09-22,0.0
TT08168,U00301,26,Male,CR00050,Artificial Intelligence,Paid,2025-12-16,490.9
TT08169,U00303,35,Male,CR00003,Programming,Free,2025-09-07,0.0
TT08170,U00315,31,Female,CR00025,Data Science,Paid,2025-10-03,299.57
TT08171,U00321,28,Male,CR00039,Project Management,Paid,2025-12-23,346.71
TT08172,U00322,23,Male,CR00049,Artificial Intelligence,Paid,2025-12-08,415.51
TT08173,U00323,21,Female,CR00032,Cybersecurity,Free,2025-04-16,0.0
TT08174,U00328,29,Female,CR00005,Programming,Free,2025-03-21,0.0
TT08175,U00329,20,Female,CR00002,Programming,Free,2025-08-02,0.0
TT08176,U00330,15,Female,CR00030,Machine Learning,Free,2025-04-21,0.0
TT08177,U00334,24,Female,CR00029,Machine Learning,Free,2025-06-18,0.0
TT08178,U00338,23,Female,CR00007,Design,Free,2025-12-22,0.0
TT08179,U00339,29,Male,CR00007,Design,Free,2025-11-14,0.0
TT08180,U00340,30,Male,CR00023,Data Science,Free,2025-04-28,0.0
TT08181,U00345,16,Male,CR00016,Marketing,Free,2025-03-21,0.0
TT08182,U00351,18,Female,CR00044,Finance,Paid,2025-07-02,119.04
TT08183,U00352,28,Male,CR00043,Finance,Free,2025-12-13,0.0
TT08184,U00353,34,Female,CR00023,Data Science,Free,2025-08-22,0.0
TT08185,U00356,21,Female,CR00010,Design,Free,2025-09-29,0.0
TT08186,U00357,15,Female,CR00025,Data Science,Paid,2025-02-10,299.57
TT08187,U00362,16,Male,CR00055,Web Development,Paid,2025-06-27,57.32
TT08188,U00365,30,Female,CR00017,Marketing,Free,2025-10-28,0.0
TT08189,U00379,20,Male,CR00060,Digital Marketing,Free,2025-02-06,0.0
TT08190,U00383,29,Female,CR00025,Data Science,Paid,2025-04-07,299.57
TT08191,U00394,30,Female,CR00022,Data Science,Free,2025-03-07,0.0
TT08192,U00406,33,Male,CR00058,Digital Marketing,Free,2025-06-26,0.0
TT08193,U00407,23,Male,CR00031,Cybersecurity,Free,2025-10-10,0.0
TT08194,U00411,17,Female,CR00020,Marketing,Free,2025-04-08,0.0
TT08195,U00415,31,Female,CR00028,Machine Learning,Paid,2025-07-10,0.78
TT08196,U00423,27,Female,CR00037,Project Management,Free,2025-09-08,0.0
TT08197,U00424,35,Male,CR00050,Artificial Intelligence,Paid,2025-09-22,490.9
TT08198,U00427,29,Female,CR00050,Artificial Intelligence,Paid,2025-11-30,490.9
TT08199,U00438,21,Male,CR00045,Finance,Free,2025-06-20,0.0
TT08200,U00444,15,Female,CR00038,Project Management,Paid,2025-10-29,342.61
TT08201,U00449,33,Female,CR00013,Business,Free,2025-09-20,0.0
TT08202,U00450,20,Male,CR00036,Project Management,Free,2025-08-15,0.0
TT08203,U00464,25,Male,CR00029,Machine Learning,Free,2025-08-03,0.0
TT08204,U00543,18,Female,CR00037,Project Management,Free,2025-09-23,0.0
TT08205,U00548,32,Female,CR00035,Cybersecurity,Free,2025-07-30,0.0
TT08206,U00569,15,Female,CR00056,Digital Marketing,Paid,2025-10-29,212.39
TT08207,U00572,32,Male,CR00054,Web Development,Free,2025-08-16,0.0
TT08208,U00574,33,Female,CR00010,Design,Free,2025-03-02,0.0
TT08209,U00576,16,Male,CR00023,Data Science,Free,2025-07-17,0.0
TT08210,U00584,31,Female,CR00049,Artificial Intelligence,Paid,2025-12-12,415.51
TT08211,U00592,18,Female,CR00005,Programming,Free,2025-08-20,0.0
TT08212,U00595,29,Male,CR00008,Design,Free,2025-09-11,0.0
TT08213,U00604,30,Female,CR00041,Finance,Paid,2025-09-19,53.86
TT08214,U00619,32,Female,CR00055,Web Development,Paid,2025-08-16,57.32
TT08215,U00622,28,Female,CR00017,Marketing,Free,2025-02-17,0.0
TT08216,U00633,35,Female,CR00007,Design,Free,2025-01-11,0.0
TT08217,U00666,30,Female,CR00030,Machine Learning,Free,2025-10-22,0.0
TT08218,U00687,29,Female,CR00058,Digital Marketing,Free,2025-12-01,0.0
TT08219,U00701,32,Male,CR00032,Cybersecurity,Free,2025-01-14,0.0
TT08220,U00704,30,Male,CR00059,Digital Marketing,Free,2025-05-09,0.0
TT08221,U00709,23,Female,CR00002,Programming,Free,2025-02-16,0.0
TT08222,U00723,35,Male,CR00003,Programming,Free,2025-05-18,0.0
TT08223,U00724,16,Female,CR00059,Digital Marketing,Free,2025-01-29,0.0
TT08224,U00760,21,Female,CR00031,Cybersecurity,Free,2025-06-11,0.0
TT08225,U00765,31,Female,CR00020,Marketing,Free,2025-02-22,0.0
TT08226,U00767,16,Female,CR00001,Programming,Paid,2025-06-14,472.28
TT08227,U00775,29,Female,CR00043,Finance,Free,2025-06-08,0.0
TT08228,U00786,32,Female,CR00017,Marketing,Free,2025-02-12,0.0
TT08229,U00787,29,Female,CR00003,Programming,Free,2025-02-20,0.0
TT08230,U00819,28,Female,CR00049,Artificial Intelligence,Paid,2025-08-30,415.51
TT08231,U00821,23,Male,CR00039,Project Management,Paid,2025-09-27,346.71
TT08232,U00829,22,Male,CR00002,Programming,Free,2025-06-24,0.0
TT08233,U00836,29,Female,CR00017,Marketing,Free,2025-11-24,0.0
TT08234,U00838,25,Female,CR00044,Finance,Paid,2025-01-20,119.04
TT08235,U00850,26,Male,CR00010,Design,Free,2025-01-04,0.0
TT08236,U00852,23,Male,CR00020,Marketing,Free,2025-10-06,0.0
TT08237,U00858,20,Male,CR00030,Machine Learning,Free,2025-09-01,0.0
TT08238,U00870,22,Male,CR00018,Marketing,Free,2025-12-06,0.0
TT08239,U00874,25,Male,CR00036,Project Management,Free,2025-04-15,0.0
TT08240,U00876,27,Male,CR00023,Data Science,Free,2025-02-04,0.0
TT08241,U00881,34,Female,CR00003,Programming,Free,2025-06-26,0.0
TT08242,U00893,15,Male,CR00040,Project Management,Paid,2025-05-22,327.99
TT08243,U00898,24,Female,CR00005,Programming,Free,2025-08-26,0.0
TT08244,U00903,29,Female,CR00032,Cybersecurity,Free,2025-03-09,0.0
TT08245,U00907,23,Female,CR00001,Programming,Paid,2025-09-02,472.28
TT08246,U00911,15,Female,CR00031,Cybersecurity,Free,2025-11-18,0.0
TT08247,U00917,28,Female,CR00013,Business,Free,2025-05-18,0.0
TT08248,U00928,33,Female,CR00008,Design,Free,2025-09-09,0.0
TT08249,U00959,22,Male,CR00039,Project Management,Paid,2025-09-29,346.71
TT08250,U00961,31,Male,CR00048,Artificial Intelligence,Free,2025-06-27,0.0
TT08251,U00967,15,Male,CR00042,Finance,Free,2025-06-03,0.0
TT08252,U00976,30,Male,CR00003,Programming,Free,2025-09-13,0.0
TT08253,U00981,34,Male,CR00020,Marketing,Free,2025-05-14,0.0
TT08254,U00997,34,Female,CR00048,Artificial Intelligence,Free,2025-04-06,0.0
TT08255,U01000,16,Female,CR00053,Web Development,Free,2025-03-13,0.0
TT08256,U01015,29,Male,CR00031,Cybersecurity,Free,2025-12-17,0.0
TT08257,U01022,17,Male,CR00026,Machine Learning,Free,2025-10-07,0.0
TT08258,U01031,15,Male,CR00017,Marketing,Free,2025-11-09,0.0
TT08259,U01032,16,Male,CR00048,Artificial Intelligence,Free,2025-08-20,0.0
TT08260,U01033,30,Male,CR00051,Web Development,Paid,2025-09-16,37.89
TT08261,U01034,18,Female,CR00043,Finance,Free,2025-08-01,0.0
TT08262,U01079,21,Male,CR00029,Machine Learning,Free,2025-09-24,0.0
TT08263,U01083,29,Male,CR00059,Digital Marketing,Free,2025-02-25,0.0
TT08264,U01084,24,Male,CR00034,Cybersecurity,Paid,2025-10-05,394.26
TT08265,U01092,34,Female,CR00004,Programming,Free,2025-12-08,0.0
TT08266,U01096,18,Male,CR00002,Programming,Free,2025-04-17,0.0
TT08267,U01123,29,Female,CR00055,Web Development,Paid,2025-06-23,57.32
TT08268,U01146,15,Male,CR00021,Data Science,Free,2025-08-16,0.0
TT08269,U01151,28,Female,CR00015,Business,Paid,2025-09-07,285.05
TT08270,U01158,35,Male,CR00021,Data Science,Free,2025-05-04,0.0
TT08271,U01163,24,Male,CR00012,Business,Paid,2025-10-15,487.92
TT08272,U01167,16,Female,CR00006,Design,Paid,2025-03-28,276.37
TT08273,U01170,27,Female,CR00001,Programming,Paid,2025-08-24,472.28
TT08274,U01177,16,Male,CR00022,Data Science,Free,2025-02-10,0.0
TT08275,U01180,18,Male,CR00058,Digital Marketing,Free,2025-07-22,0.0
TT08276,U01197,28,Male,CR00007,Design,Free,2025-09-23,0.0
TT08277,U01203,15,Male,CR00012,Business,Paid,2025-01-02,487.92
TT08278,U01221,32,Male,CR00017,Marketing,Free,2025-01-26,0.0
TT08279,U01231,21,Female,CR00052,Web Development,Free,2025-12-11,0.0
TT08280,U01235,27,Female,CR00046,Artificial Intelligence,Paid,2025-05-22,248.1
TT08281,U01237,24,Male,CR00003,Programming,Free,2025-01-23,0.0
TT08282,U01244,30,Female,CR00019,Marketing,Free,2025-12-08,0.0
TT08283,U01249,25,Male,CR00047,Artificial Intelligence,Paid,2025-06-25,89.59
TT08284,U01250,27,Female,CR00017,Marketing,Free,2025-06-03,0.0
TT08285,U01261,25,Male,CR00059,Digital Marketing,Free,2025-04-02,0.0
TT08286,U01266,18,Female,CR00045,Finance,Free,2025-04-04,0.0
TT08287,U01267,30,Female,CR00043,Finance,Free,2025-03-14,0.0
TT08288,U01268,33,Male,CR00014,Business,Free,2025-09-28,0.0
TT08289,U01284,34,Female,CR00020,Marketing,Free,2025-06-06,0.0
TT08290,U01286,27,Male,CR00019,Marketing,Free,2025-05-20,0.0
TT08291,U01287,33,Female,CR00029,Machine Learning,Free,2025-08-24,0.0
TT08292,U01290,16,Male,CR00025,Data Science,Paid,2025-08-26,299.57
TT08293,U01315,33,Male,CR00039,Project Management,Paid,2025-05-24,346.71
TT08294,U01318,18,Female,CR00014,Business,Free,2025-01-05,0.0
TT08295,U01322,26,Female,CR00028,Machine Learning,Paid,2025-02-03,0.78
TT08296,U01331,16,Male,CR00024,Data Science,Paid,2025-09-18,117.68
TT08297,U01332,20,Male,CR00051,Web Development,Paid,2025-05-29,37.89
TT08298,U01336,33,Male,CR00053,Web Development,Free,2025-10-22,0.0
TT08299,U01337,32,Female,CR00034,Cybersecurity,Paid,2025-12-16,394.26
TT08300,U01343,32,Male,CR00027,Machine Learning,Free,2025-02-13,0.0
TT08301,U01344,25,Female,CR00009,Design,Free,2025-07-21,0.0
TT08302,U01346,16,Male,CR00001,Programming,Paid,2025-02-09,472.28
TT08303,U01347,20,Male,CR00048,Artificial Intelligence,Free,2025-06-03,0.0
TT08304,U01352,25,Male,CR00011,Business,Paid,2025-06-24,326.02
TT08305,U01355,28,Female,CR00021,Data Science,Free,2025-02-06,0.0
TT08306,U01364,16,Female,CR00023,Data Science,Free,2025-06-20,0.0
TT08307,U01365,25,Male,CR00057,Digital Marketing,Paid,2025-08-21,177.34
TT08308,U01375,22,Male,CR00034,Cybersecurity,Paid,2025-03-26,394.26
TT08309,U01394,26,Female,CR00038,Project Management,Paid,2025-08-09,342.61
TT08310,U01395,31,Male,CR00042,Finance,Free,2025-08-16,0.0
TT08311,U01397,28,Male,CR00022,Data Science,Free,2025-10-01,0.0
TT08312,U01399,20,Male,CR00012,Business,Paid,2025-06-28,487.92
TT08313,U01405,35,Male,CR00057,Digital Marketing,Paid,2025-09-17,177.34
TT08314,U01411,21,Male,CR00050,Artificial Intelligence,Paid,2025-10-11,490.9
TT08315,U01414,35,Female,CR00020,Marketing,Free,2025-11-06,0.0
TT08316,U01429,31,Female,CR00021,Data Science,Free,2025-01-05,0.0
TT08317,U01430,19,Female,CR00035,Cybersecurity,Free,2025-02-14,0.0
TT08318,U01432,17,Female,CR00003,Programming,Free,2025-02-27,0.0
TT08319,U01435,16,Male,CR00002,Programming,Free,2025-01-11,0.0
TT08320,U01445,29,Male,CR00011,Business,Paid,2025-12-05,326.02
TT08321,U01455,22,Female,CR00034,Cybersecurity,Paid,2025-06-19,394.26
TT08322,U01460,32,Female,CR00032,Cybersecurity,Free,2025-02-13,0.0
TT08323,U01473,17,Female,CR00022,Data Science,Free,2025-10-10,0.0
TT08324,U01475,20,Male,CR00056,Digital Marketing,Paid,2025-05-23,212.39
TT08325,U01488,27,Male,CR00023,Data Science,Free,2025-07-29,0.0
TT08326,U01496,22,Female,CR00042,Finance,Free,2025-07-29,0.0
TT08327,U01500,15,Male,CR00019,Marketing,Free,2025-07-23,0.0
TT08328,U01506,34,Male,CR00010,Design,Free,2025-09-11,0.0
TT08329,U01511,15,Male,CR00060,Digital Marketing,Free,2025-12-03,0.0
TT08330,U01512,19,Male,CR00015,Business,Paid,2025-07-21,285.05
TT08331,U01517,26,Male,CR00007,Design,Free,2025-03-27,0.0
TT08332,U01522,31,Female,CR00013,Business,Free,2025-02-11,0.0
TT08333,U01526,20,Male,CR00036,Project Management,Free,2025-08-17,0.0
TT08334,U01528,16,Male,CR00015,Business,Paid,2025-09-15,285.05
TT08335,U01530,16,Male,CR00027,Machine Learning,Free,2025-07-02,0.0
TT08336,U01531,30,Female,CR00010,Design,Free,2025-11-17,0.0
TT08337,U01536,33,Female,CR00045,Finance,Free,2025-02-14,0.0
TT08338,U01543,25,Female,CR00032,Cybersecurity,Free,2025-07-21,0.0
TT08339,U01553,27,Male,CR00025,Data Science,Paid,2025-05-12,299.57
TT08340,U01575,15,Female,CR00031,Cybersecurity,Free,2025-08-30,0.0
TT08341,U01578,26,Male,CR00041,Finance,Paid,2025-10-28,53.86
TT08342,U01586,27,Male,CR00015,Business,Paid,2025-07-27,285.05
TT08343,U01602,31,Female,CR00027,Machine Learning,Free,2025-07-21,0.0
TT08344,U01618,15,Female,CR00045,Finance,Free,2025-09-25,0.0
TT08345,U01627,23,Female,CR00005,Programming,Free,2025-12-18,0.0
TT08346,U01628,26,Male,CR00045,Finance,Free,2025-08-19,0.0
TT08347,U01635,18,Female,CR00014,Business,Free,2025-09-08,0.0
TT08348,U01637,30,Male,CR00044,Finance,Paid,2025-10-06,119.04
TT08349,U01647,17,Female,CR00058,Digital Marketing,Free,2025-12-15,0.0
TT08350,U01649,35,Male,CR00011,Business,Paid,2025-12-15,326.02
TT08351,U01654,22,Female,CR00001,Programming,Paid,2025-09-07,472.28
TT08352,U01656,27,Male,CR00052,Web Development,Free,2025-05-23,0.0
TT08353,U01662,28,Male,CR00034,Cybersecurity,Paid,2025-06-28,394.26
TT08354,U01666,28,Female,CR00060,Digital Marketing,Free,2025-04-04,0.0
TT08355,U01671,25,Male,CR00045,Finance,Free,2025-04-06,0.0
TT08356,U01674,27,Female,CR00041,Finance,Paid,2025-03-01,53.86
TT08357,U01692,26,Male,CR00027,Machine Learning,Free,2025-10-22,0.0
TT08358,U01695,32,Male,CR00007,Design,Free,2025-07-03,0.0
TT08359,U01702,21,Female,CR00021,Data Science,Free,2025-07-05,0.0
TT08360,U01720,21,Female,CR00022,Data Science,Free,2025-11-04,0.0
TT08361,U01724,17,Male,CR00045,Finance,Free,2025-10-19,0.0
TT08362,U01726,32,Female,CR00008,Design,Free,2025-05-08,0.0
TT08363,U01729,29,Female,CR00041,Finance,Paid,2025-09-14,53.86
TT08364,U01745,21,Female,CR00056,Digital Marketing,Paid,2025-05-29,212.39
TT08365,U01746,24,Male,CR00057,Digital Marketing,Paid,2025-08-05,177.34
TT08366,U01762,33,Male,CR00017,Marketing,Free,2025-09-01,0.0
TT08367,U01773,17,Male,CR00004,Programming,Free,2025-02-09,0.0
TT08368,U01786,25,Female,CR00032,Cybersecurity,Free,2025-06-04,0.0
TT08369,U01789,33,Female,CR00023,Data Science,Free,2025-12-15,0.0
TT08370,U01795,15,Female,CR00011,Business,Paid,2025-02-07,326.02
TT08371,U01805,21,Male,CR00005,Programming,Free,2025-11-23,0.0
TT08372,U01810,15,Female,CR00030,Machine Learning,Free,2025-01-12,0.0
TT08373,U01812,17,Male,CR00004,Programming,Free,2025-10-22,0.0
TT08374,U01820,24,Male,CR00019,Marketing,Free,2025-03-21,0.0
TT08375,U01822,22,Male,CR00014,Business,Free,2025-09-19,0.0
TT08376,U01825,25,Male,CR00008,Design,Free,2025-11-07,0.0
TT08377,U01840,35,Female,CR00002,Programming,Free,2025-09-11,0.0
TT08378,U01842,33,Female,CR00046,Artificial Intelligence,Paid,2025-11-18,248.1
TT08379,U01854,16,Male,CR00036,Project Management,Free,2025-04-20,0.0
TT08380,U01867,24,Female,CR00001,Programming,Paid,2025-09-20,472.28
TT08381,U01871,21,Male,CR00011,Business,Paid,2025-11-23,326.02
TT08382,U01872,28,Female,CR00033,Cybersecurity,Free,2025-04-16,0.0
TT08383,U01876,17,Male,CR00043,Finance,Free,2025-02-26,0.0
TT08384,U01879,32,Female,CR00046,Artificial Intelligence,Paid,2025-02-12,248.1
TT08385,U01893,23,Female,CR00034,Cybersecurity,Paid,2025-06-14,394.26
TT08386,U01896,32,Female,CR00048,Artificial Intelligence,Free,2025-09-03,0.0
TT08387,U01903,17,Female,CR00005,Programming,Free,2025-12-24,0.0
TT08388,U01906,19,Male,CR00017,Marketing,Free,2025-04-11,0.0
TT08389,U01908,19,Male,CR00005,Programming,Free,2025-06-09,0.0
TT08390,U01917,18,Female,CR00056,Digital Marketing,Paid,2025-11-09,212.39
TT08391,U01918,23,Male,CR00053,Web Development,Free,2025-09-25,0.0
TT08392,U01926,26,Female,CR00015,Business,Paid,2025-06-19,285.05
TT08393,U01929,19,Male,CR00043,Finance,Free,2025-10-22,0.0
TT08394,U01931,23,Female,CR00028,Machine Learning,Paid,2025-08-29,0.78
TT08395,U01934,22,Male,CR00014,Business,Free,2025-04-18,0.0
TT08396,U01943,17,Male,CR00001,Programming,Paid,2025-09-11,472.28
TT08397,U01953,19,Male,CR00014,Business,Free,2025-06-09,0.0
TT08398,U01958,16,Male,CR00039,Project Management,Paid,2025-05-11,346.71
TT08399,U01959,26,Female,CR00017,Marketing,Free,2025-03-18,0.0
TT08400,U01962,19,Male,CR00030,Machine Learning,Free,2025-07-15,0.0
TT08401,U01979,25,Female,CR00040,Project Management,Paid,2025-06-10,327.99
TT08402,U01987,15,Male,CR00021,Data Science,Free,2025-02-13,0.0
TT08403,U01989,26,Female,CR00044,Finance,Paid,2025-06-29,119.04
TT08404,U01993,23,Female,CR00013,Business,Free,2025-07-01,0.0
TT08405,U01994,20,Female,CR00017,Marketing,Free,2025-06-16,0.0
TT08406,U01998,23,Male,CR00056,Digital Marketing,Paid,2025-03-02,212.39
TT08407,U02010,31,Male,CR00054,Web Development,Free,2025-12-17,0.0
TT08408,U02015,30,Male,CR00007,Design,Free,2025-12-05,0.0
TT08409,U02035,32,Male,CR00043,Finance,Free,2025-12-17,0.0
TT08410,U02038,32,Female,CR00010,Design,Free,2025-10-04,0.0
TT08411,U02055,33,Female,CR00036,Project Management,Free,2025-01-25,0.0
TT08412,U02058,16,Male,CR00024,Data Science,Paid,2025-06-18,117.68
TT08413,U02064,35,Male,CR00058,Digital Marketing,Free,2025-06-04,0.0
TT08414,U02068,15,Male,CR00001,Programming,Paid,2025-11-09,472.28
TT08415,U02071,24,Male,CR00050,Artificial Intelligence,Paid,2025-02-25,490.9
TT08416,U02074,27,Female,CR00041,Finance,Paid,2025-07-15,53.86
TT08417,U02077,24,Male,CR00053,Web Development,Free,2025-07-11,0.0
TT08418,U02094,24,Female,CR00042,Finance,Free,2025-06-18,0.0
TT08419,U02096,31,Male,CR00049,Artificial Intelligence,Paid,2025-08-19,415.51
TT08420,U02098,25,Male,CR00006,Design,Paid,2025-12-29,276.37
TT08421,U02125,31,Female,CR00018,Marketing,Free,2025-08-24,0.0
TT08422,U02144,15,Male,CR00041,Finance,Paid,2025-05-09,53.86
TT08423,U02147,33,Male,CR00060,Digital Marketing,Free,2025-07-29,0.0
TT08424,U02149,21,Female,CR00021,Data Science,Free,2025-07-02,0.0
TT08425,U02152,35,Female,CR00039,Project Management,Paid,2025-08-05,346.71
TT08426,U02153,18,Female,CR00025,Data Science,Paid,2025-12-01,299.57
TT08427,U02155,16,Female,CR00055,Web Development,Paid,2025-06-14,57.32
TT08428,U02161,23,Female,CR00028,Machine Learning,Paid,2025-12-03,0.78
TT08429,U02174,17,Female,CR00047,Artificial Intelligence,Paid,2025-07-26,89.59
TT08430,U02199,27,Male,CR00053,Web Development,Free,2025-11-20,0.0
TT08431,U02212,33,Male,CR00023,Data Science,Free,2025-02-09,0.0
TT08432,U02217,21,Male,CR00017,Marketing,Free,2025-03-13,0.0
TT08433,U02224,18,Female,CR00046,Artificial Intelligence,Paid,2025-10-13,248.1
TT08434,U02231,20,Male,CR00005,Programming,Free,2025-05-26,0.0
TT08435,U02248,29,Male,CR00023,Data Science,Free,2025-12-18,0.0
TT08436,U02250,19,Female,CR00039,Project Management,Paid,2025-04-19,346.71
TT08437,U02254,17,Female,CR00018,Marketing,Free,2025-09-18,0.0
TT08438,U02258,21,Male,CR00012,Business,Paid,2025-08-02,487.92
TT08439,U02284,28,Male,CR00029,Machine Learning,Free,2025-09-28,0.0
TT08440,U02288,32,Female,CR00033,Cybersecurity,Free,2025-06-10,0.0
TT08441,U02290,25,Male,CR00021,Data Science,Free,2025-03-27,0.0
TT08442,U02300,35,Male,CR00007,Design,Free,2025-01-07,0.0
TT08443,U02301,18,Female,CR00022,Data Science,Free,2025-10-23,0.0
TT08444,U02315,34,Male,CR00052,Web Development,Free,2025-07-13,0.0
TT08445,U02336,17,Female,CR00044,Finance,Paid,2025-07-22,119.04
TT08446,U02337,18,Female,CR00036,Project Management,Free,2025-08-13,0.0
TT08447,U02341,17,Male,CR00035,Cybersecurity,Free,2025-06-18,0.0
TT08448,U02345,31,Male,CR00032,Cybersecurity,Free,2025-07-29,0.0
TT08449,U02370,24,Male,CR00016,Marketing,Free,2025-04-15,0.0
TT08450,U02371,34,Female,CR00015,Business,Paid,2025-07-29,285.05
TT08451,U02410,18,Male,CR00051,Web Development,Paid,2025-05-10,37.89
TT08452,U02415,33,Male,CR00006,Design,Paid,2025-11-05,276.37
TT08453,U02427,31,Female,CR00023,Data Science,Free,2025-03-01,0.0
TT08454,U02432,30,Female,CR00060,Digital Marketing,Free,2025-05-07,0.0
TT08455,U02445,26,Female,CR00041,Finance,Paid,2025-10-26,53.86
TT08456,U02485,22,Male,CR00055,Web Development,Paid,2025-11-17,57.32
TT08457,U02512,15,Female,CR00037,Project Management,Free,2025-12-12,0.0
TT08458,U02537,31,Female,CR00058,Digital Marketing,Free,2025-05-03,0.0
TT08459,U02540,33,Female,CR00044,Finance,Paid,2025-06-30,119.04
TT08460,U02541,18,Female,CR00024,Data Science,Paid,2025-03-13,117.68
TT08461,U02542,35,Female,CR00027,Machine Learning,Free,2025-08-01,0.0
TT08462,U02564,19,Female,CR00026,Machine Learning,Free,2025-12-15,0.0
TT08463,U02566,30,Female,CR00025,Data Science,Paid,2025-05-26,299.57
TT08464,U02582,23,Male,CR00021,Data Science,Free,2025-12-17,0.0
TT08465,U02583,33,Male,CR00013,Business,Free,2025-12-23,0.0
TT08466,U02593,16,Male,CR00035,Cybersecurity,Free,2025-03-25,0.0
TT08467,U02602,33,Male,CR00002,Programming,Free,2025-03-05,0.0
TT08468,U02605,22,Male,CR00016,Marketing,Free,2025-05-26,0.0
TT08469,U02612,22,Male,CR00003,Programming,Free,2025-09-03,0.0
TT08470,U02614,30,Female,CR00026,Machine Learning,Free,2025-08-08,0.0
TT08471,U02616,19,Female,CR00002,Programming,Free,2025-06-05,0.0
TT08472,U02623,32,Female,CR00043,Finance,Free,2025-11-30,0.0
TT08473,U02630,20,Male,CR00054,Web Development,Free,2025-01-30,0.0
TT08474,U02633,19,Female,CR00002,Programming,Free,2025-08-12,0.0
TT08475,U02645,26,Female,CR00018,Marketing,Free,2025-06-18,0.0
TT08476,U02651,16,Female,CR00015,Business,Paid,2025-11-06,285.05
TT08477,U02663,27,Female,CR00005,Programming,Free,2025-07-30,0.0
TT08478,U02672,32,Male,CR00016,Marketing,Free,2025-09-25,0.0
TT08479,U02679,18,Male,CR00060,Digital Marketing,Free,2025-02-11,0.0
TT08480,U02684,28,Male,CR00050,Artificial Intelligence,Paid,2025-04-30,490.9
TT08481,U02698,18,Female,CR00055,Web Development,Paid,2025-07-25,57.32
TT08482,U02733,31,Male,CR00003,Programming,Free,2025-06-14,0.0
TT08483,U02743,33,Male,CR00041,Finance,Paid,2025-07-03,53.86
TT08484,U02754,34,Male,CR00056,Digital Marketing,Paid,2025-03-30,212.39
TT08485,U02767,31,Male,CR00005,Programming,Free,2025-01-07,0.0
TT08486,U02775,24,Female,CR00041,Finance,Paid,2025-03-07,53.86
TT08487,U02786,25,Male,CR00038,Project Management,Paid,2025-03-05,342.61
TT08488,U02788,20,Female,CR00033,Cybersecurity,Free,2025-07-20,0.0
TT08489,U02792,27,Female,CR00057,Digital Marketing,Paid,2025-09-22,177.34
TT08490,U02793,22,Female,CR00058,Digital Marketing,Free,2025-09-28,0.0
TT08491,U02825,34,Male,CR00002,Programming,Free,2025-11-22,0.0
TT08492,U02832,31,Male,CR00043,Finance,Free,2025-05-09,0.0
TT08493,U02843,26,Male,CR00058,Digital Marketing,Free,2025-01-07,0.0
TT08494,U02844,21,Female,CR00018,Marketing,Free,2025-07-01,0.0
TT08495,U02850,25,Female,CR00039,Project Management,Paid,2025-01-27,346.71
TT08496,U02857,35,Male,CR00021,Data Science,Free,2025-07-07,0.0
TT08497,U02899,28,Female,CR00052,Web Development,Free,2025-05-11,0.0
TT08498,U02909,19,Female,CR00054,Web Development,Free,2025-04-27,0.0
TT08499,U02915,33,Female,CR00058,Digital Marketing,Free,2025-11-26,0.0
TT08500,U02916,20,Male,CR00003,Programming,Free,2025-03-15,0.0
TT08501,U02927,20,Male,CR00003,Programming,Free,2025-04-06,0.0
TT08502,U02931,28,Female,CR00002,Programming,Free,2025-02-24,0.0
TT08503,U02937,23,Male,CR00047,Artificial Intelligence,Paid,2025-02-01,89.59
TT08504,U02941,22,Male,CR00057,Digital Marketing,Paid,2025-01-03,177.34
TT08505,U02945,23,Female,CR00052,Web Development,Free,2025-12-28,0.0
TT08506,U02947,18,Female,CR00011,Business,Paid,2025-05-13,326.02
TT08507,U02971,20,Female,CR00046,Artificial Intelligence,Paid,2025-04-03,248.1
TT08508,U02974,31,Female,CR00060,Digital Marketing,Free,2025-12-18,0.0
TT08509,U02976,28,Female,CR00041,Finance,Paid,2025-04-27,53.86
TT08510,U02981,23,Male,CR00002,Programming,Free,2025-04-18,0.0
TT08511,U02984,35,Female,CR00026,Machine Learning,Free,2025-06-23,0.0
TT08512,U02989,22,Male,CR00022,Data Science,Free,2025-02-08,0.0
TT08513,U02992,24,Female,CR00011,Business,Paid,2025-01-16,326.02
TT08514,U02994,31,Female,CR00048,Artificial Intelligence,Free,2025-02-26,0.0
TT08515,U00013,33,Female,CR00023,Data Science,Free,2025-06-28,0.0
TT08516,U00015,27,Female,CR00052,Web Development,Free,2025-01-30,0.0
TT08517,U00018,24,Female,CR00033,Cybersecurity,Free,2025-08-15,0.0
TT08518,U00028,30,Female,CR00045,Finance,Free,2025-06-15,0.0
TT08519,U00045,23,Female,CR00040,Project Management,Paid,2025-03-07,327.99
TT08520,U00048,19,Male,CR00010,Design,Free,2025-11-01,0.0
TT08521,U00055,31,Female,CR00019,Marketing,Free,2025-01-09,0.0
TT08522,U00071,30,Female,CR00023,Data Science,Free,2025-03-23,0.0
TT08523,U00083,16,Male,CR00029,Machine Learning,Free,2025-09-30,0.0
TT08524,U00085,22,Female,CR00040,Project Management,Paid,2025-06-17,327.99
TT08525,U00109,15,Female,CR00041,Finance,Paid,2025-04-15,53.86
TT08526,U00112,34,Female,CR00045,Finance,Free,2025-03-01,0.0
TT08527,U00117,19,Female,CR00024,Data Science,Paid,2025-04-14,117.68
TT08528,U00126,23,Female,CR00029,Machine Learning,Free,2025-06-14,0.0
TT08529,U00128,35,Female,CR00059,Digital Marketing,Free,2025-09-09,0.0
TT08530,U00133,21,Male,CR00053,Web Development,Free,2025-02-28,0.0
TT08531,U00134,26,Female,CR00010,Design,Free,2025-05-21,0.0
TT08532,U00144,24,Female,CR00033,Cybersecurity,Free,2025-05-12,0.0
TT08533,U00152,19,Female,CR00055,Web Development,Paid,2025-12-14,57.32
TT08534,U00166,33,Male,CR00054,Web Development,Free,2025-06-01,0.0
TT08535,U00169,24,Male,CR00053,Web Development,Free,2025-03-21,0.0
TT08536,U00173,31,Male,CR00036,Project Management,Free,2025-05-10,0.0
TT08537,U00177,29,Female,CR00041,Finance,Paid,2025-03-06,53.86
TT08538,U00178,20,Male,CR00024,Data Science,Paid,2025-11-14,117.68
TT08539,U00191,34,Male,CR00049,Artificial Intelligence,Paid,2025-04-06,415.51
TT08540,U00192,17,Male,CR00018,Marketing,Free,2025-07-17,0.0
TT08541,U00198,30,Female,CR00012,Business,Paid,2025-10-01,487.92
TT08542,U00216,23,Male,CR00043,Finance,Free,2025-05-06,0.0
TT08543,U00220,20,Male,CR00028,Machine Learning,Paid,2025-12-27,0.78
TT08544,U00238,24,Female,CR00051,Web Development,Paid,2025-04-04,37.89
TT08545,U00251,28,Female,CR00051,Web Development,Paid,2025-08-27,37.89
TT08546,U00265,15,Male,CR00012,Business,Paid,2025-01-08,487.92
TT08547,U00282,19,Male,CR00011,Business,Paid,2025-04-16,326.02
TT08548,U00292,33,Male,CR00040,Project Management,Paid,2025-06-30,327.99
TT08549,U00293,25,Female,CR00060,Digital Marketing,Free,2025-08-24,0.0
TT08550,U00298,32,Male,CR00006,Design,Paid,2025-11-15,276.37
TT08551,U00303,35,Male,CR00036,Project Management,Free,2025-06-28,0.0
TT08552,U00321,28,Male,CR00040,Project Management,Paid,2025-09-15,327.99
TT08553,U00322,23,Male,CR00051,Web Development,Paid,2025-10-07,37.89
TT08554,U00323,21,Female,CR00014,Business,Free,2025-12-12,0.0
TT08555,U00328,29,Female,CR00050,Artificial Intelligence,Paid,2025-06-06,490.9
TT08556,U00329,20,Female,CR00058,Digital Marketing,Free,2025-08-09,0.0
TT08557,U00330,15,Female,CR00031,Cybersecurity,Free,2025-09-06,0.0
TT08558,U00339,29,Male,CR00003,Programming,Free,2025-04-10,0.0
TT08559,U00340,30,Male,CR00014,Business,Free,2025-08-28,0.0
TT08560,U00345,16,Male,CR00005,Programming,Free,2025-10-13,0.0
TT08561,U00351,18,Female,CR00043,Finance,Free,2025-03-29,0.0
TT08562,U00352,28,Male,CR00004,Programming,Free,2025-10-30,0.0
TT08563,U00353,34,Female,CR00017,Marketing,Free,2025-11-10,0.0
TT08564,U00356,21,Female,CR00058,Digital Marketing,Free,2025-11-12,0.0
TT08565,U00357,15,Female,CR00028,Machine Learning,Paid,2025-04-01,0.78
TT08566,U00362,16,Male,CR00019,Marketing,Free,2025-04-16,0.0
TT08567,U00365,30,Female,CR00015,Business,Paid,2025-05-28,285.05
TT08568,U00379,20,Male,CR00034,Cybersecurity,Paid,2025-07-02,394.26
TT08569,U00383,29,Female,CR00016,Marketing,Free,2025-09-03,0.0
TT08570,U00394,30,Female,CR00013,Business,Free,2025-10-11,0.0
TT08571,U00399,31,Female,CR00020,Marketing,Free,2025-04-17,0.0
TT08572,U00404,21,Female,CR00028,Machine Learning,Paid,2025-03-15,0.78
TT08573,U00406,33,Male,CR00012,Business,Paid,2025-08-23,487.92
TT08574,U00407,23,Male,CR00050,Artificial Intelligence,Paid,2025-03-09,490.9
TT08575,U00411,17,Female,CR00019,Marketing,Free,2025-01-08,0.0
TT08576,U00415,31,Female,CR00055,Web Development,Paid,2025-04-12,57.32
TT08577,U00423,27,Female,CR00039,Project Management,Paid,2025-08-06,346.71
TT08578,U00424,35,Male,CR00006,Design,Paid,2025-06-19,276.37
TT08579,U00427,29,Female,CR00022,Data Science,Free,2025-05-30,0.0
TT08580,U00438,21,Male,CR00029,Machine Learning,Free,2025-11-25,0.0
TT08581,U00444,15,Female,CR00055,Web Development,Paid,2025-12-03,57.32
TT08582,U00449,33,Female,CR00027,Machine Learning,Free,2025-03-06,0.0
TT08583,U00450,20,Male,CR00012,Business,Paid,2025-01-30,487.92
TT08584,U00464,25,Male,CR00006,Design,Paid,2025-06-27,276.37
TT08585,U00494,26,Male,CR00003,Programming,Free,2025-06-22,0.0
TT08586,U00543,18,Female,CR00038,Project Management,Paid,2025-03-04,342.61
TT08587,U00548,32,Female,CR00027,Machine Learning,Free,2025-12-04,0.0
TT08588,U00556,25,Female,CR00025,Data Science,Paid,2025-01-11,299.57
TT08589,U00559,20,Male,CR00048,Artificial Intelligence,Free,2025-12-17,0.0
TT08590,U00562,23,Female,CR00046,Artificial Intelligence,Paid,2025-02-21,248.1
TT08591,U00569,15,Female,CR00027,Machine Learning,Free,2025-12-16,0.0
TT08592,U00570,27,Male,CR00048,Artificial Intelligence,Free,2025-01-11,0.0
TT08593,U00572,32,Male,CR00023,Data Science,Free,2025-12-26,0.0
TT08594,U00573,30,Male,CR00049,Artificial Intelligence,Paid,2025-01-30,415.51
TT08595,U00574,33,Female,CR00039,Project Management,Paid,2025-07-26,346.71
TT08596,U00576,16,Male,CR00010,Design,Free,2025-02-10,0.0
TT08597,U00584,31,Female,CR00032,Cybersecurity,Free,2025-03-08,0.0
TT08598,U00592,18,Female,CR00050,Artificial Intelligence,Paid,2025-04-09,490.9
TT08599,U00595,29,Male,CR00009,Design,Free,2025-12-15,0.0
TT08600,U00604,30,Female,CR00048,Artificial Intelligence,Free,2025-05-30,0.0
TT08601,U00622,28,Female,CR00053,Web Development,Free,2025-10-07,0.0
TT08602,U00633,35,Female,CR00014,Business,Free,2025-03-18,0.0
TT08603,U00636,21,Female,CR00012,Business,Paid,2025-01-13,487.92
TT08604,U00639,33,Female,CR00035,Cybersecurity,Free,2025-06-16,0.0
TT08605,U00666,30,Female,CR00039,Project Management,Paid,2025-07-17,346.71
TT08606,U00687,29,Female,CR00054,Web Development,Free,2025-11-10,0.0
TT08607,U00701,32,Male,CR00030,Machine Learning,Free,2025-12-21,0.0
TT08608,U00709,23,Female,CR00038,Project Management,Paid,2025-04-08,342.61
TT08609,U00723,35,Male,CR00018,Marketing,Free,2025-10-24,0.0
TT08610,U00724,16,Female,CR00047,Artificial Intelligence,Paid,2025-06-07,89.59
TT08611,U00760,21,Female,CR00034,Cybersecurity,Paid,2025-12-03,394.26
TT08612,U00767,16,Female,CR00026,Machine Learning,Free,2025-09-28,0.0
TT08613,U00772,24,Female,CR00059,Digital Marketing,Free,2025-07-07,0.0
TT08614,U00775,29,Female,CR00026,Machine Learning,Free,2025-04-10,0.0
TT08615,U00786,32,Female,CR00043,Finance,Free,2025-10-30,0.0
TT08616,U00787,29,Female,CR00058,Digital Marketing,Free,2025-07-13,0.0
TT08617,U00819,28,Female,CR00052,Web Development,Free,2025-06-27,0.0
TT08618,U00821,23,Male,CR00030,Machine Learning,Free,2025-12-27,0.0
TT08619,U00829,22,Male,CR00043,Finance,Free,2025-07-22,0.0
TT08620,U00836,29,Female,CR00059,Digital Marketing,Free,2025-09-28,0.0
TT08621,U00838,25,Female,CR00024,Data Science,Paid,2025-09-14,117.68
TT08622,U00850,26,Male,CR00044,Finance,Paid,2025-07-18,119.04
TT08623,U00858,20,Male,CR00026,Machine Learning,Free,2025-08-09,0.0
TT08624,U00870,22,Male,CR00056,Digital Marketing,Paid,2025-07-29,212.39
TT08625,U00874,25,Male,CR00050,Artificial Intelligence,Paid,2025-01-26,490.9
TT08626,U00876,27,Male,CR00059,Digital Marketing,Free,2025-03-27,0.0
TT08627,U00881,34,Female,CR00044,Finance,Paid,2025-06-20,119.04
TT08628,U00893,15,Male,CR00043,Finance,Free,2025-03-02,0.0
TT08629,U00898,24,Female,CR00050,Artificial Intelligence,Paid,2025-09-11,490.9
TT08630,U00903,29,Female,CR00015,Business,Paid,2025-08-29,285.05
TT08631,U00907,23,Female,CR00048,Artificial Intelligence,Free,2025-02-21,0.0
TT08632,U00911,15,Female,CR00034,Cybersecurity,Paid,2025-06-23,394.26
TT08633,U00915,24,Female,CR00043,Finance,Free,2025-04-26,0.0
TT08634,U00917,28,Female,CR00024,Data Science,Paid,2025-09-15,117.68
TT08635,U00919,28,Male,CR00034,Cybersecurity,Paid,2025-04-12,394.26
TT08636,U00928,33,Female,CR00019,Marketing,Free,2025-05-11,0.0
TT08637,U00959,22,Male,CR00024,Data Science,Paid,2025-06-25,117.68
TT08638,U00961,31,Male,CR00053,Web Development,Free,2025-08-27,0.0
TT08639,U00967,15,Male,CR00037,Project Management,Free,2025-07-12,0.0
TT08640,U00997,34,Female,CR00010,Design,Free,2025-11-10,0.0
TT08641,U01015,29,Male,CR00016,Marketing,Free,2025-02-17,0.0
TT08642,U01020,28,Male,CR00059,Digital Marketing,Free,2025-04-13,0.0
TT08643,U01031,15,Male,CR00060,Digital Marketing,Free,2025-05-03,0.0
TT08644,U01032,16,Male,CR00025,Data Science,Paid,2025-03-28,299.57
TT08645,U01033,30,Male,CR00022,Data Science,Free,2025-05-23,0.0
TT08646,U01034,18,Female,CR00002,Programming,Free,2025-06-25,0.0
TT08647,U01079,21,Male,CR00045,Finance,Free,2025-04-15,0.0
TT08648,U01083,29,Male,CR00025,Data Science,Paid,2025-12-21,299.57
TT08649,U01084,24,Male,CR00050,Artificial Intelligence,Paid,2025-02-20,490.9
TT08650,U01092,34,Female,CR00009,Design,Free,2025-06-28,0.0
TT08651,U01096,18,Male,CR00042,Finance,Free,2025-03-16,0.0
TT08652,U01123,29,Female,CR00023,Data Science,Free,2025-11-28,0.0
TT08653,U01143,31,Male,CR00049,Artificial Intelligence,Paid,2025-03-07,415.51
TT08654,U01146,15,Male,CR00005,Programming,Free,2025-11-08,0.0
TT08655,U01151,28,Female,CR00014,Business,Free,2025-02-17,0.0
TT08656,U01158,35,Male,CR00004,Programming,Free,2025-01-13,0.0
TT08657,U01163,24,Male,CR00038,Project Management,Paid,2025-12-16,342.61
TT08658,U01167,16,Female,CR00056,Digital Marketing,Paid,2025-04-07,212.39
TT08659,U01177,16,Male,CR00027,Machine Learning,Free,2025-01-10,0.0
TT08660,U01180,18,Male,CR00044,Finance,Paid,2025-04-27,119.04
TT08661,U01197,28,Male,CR00033,Cybersecurity,Free,2025-08-11,0.0
TT08662,U01203,15,Male,CR00004,Programming,Free,2025-01-06,0.0
TT08663,U01221,32,Male,CR00039,Project Management,Paid,2025-03-17,346.71
TT08664,U01224,23,Female,CR00049,Artificial Intelligence,Paid,2025-01-15,415.51
TT08665,U01231,21,Female,CR00053,Web Development,Free,2025-11-25,0.0
TT08666,U01233,28,Male,CR00005,Programming,Free,2025-01-21,0.0
TT08667,U01235,27,Female,CR00028,Machine Learning,Paid,2025-08-05,0.78
TT08668,U01239,20,Male,CR00038,Project Management,Paid,2025-03-26,342.61
TT08669,U01244,30,Female,CR00032,Cybersecurity,Free,2025-10-08,0.0
TT08670,U01249,25,Male,CR00050,Artificial Intelligence,Paid,2025-05-06,490.9
TT08671,U01250,27,Female,CR00027,Machine Learning,Free,2025-04-03,0.0
TT08672,U01261,25,Male,CR00029,Machine Learning,Free,2025-02-01,0.0
TT08673,U01266,18,Female,CR00051,Web Development,Paid,2025-01-20,37.89
TT08674,U01268,33,Male,CR00043,Finance,Free,2025-04-18,0.0
TT08675,U01277,26,Female,CR00004,Programming,Free,2025-11-23,0.0
TT08676,U01280,26,Female,CR00009,Design,Free,2025-04-14,0.0
TT08677,U01281,23,Female,CR00038,Project Management,Paid,2025-12-08,342.61
TT08678,U01286,27,Male,CR00022,Data Science,Free,2025-04-17,0.0
TT08679,U01287,33,Female,CR00050,Artificial Intelligence,Paid,2025-10-25,490.9
TT08680,U01290,16,Male,CR00033,Cybersecurity,Free,2025-01-13,0.0
TT08681,U01315,33,Male,CR00014,Business,Free,2025-02-05,0.0
TT08682,U01318,18,Female,CR00044,Finance,Paid,2025-05-16,119.04
TT08683,U01321,35,Male,CR00027,Machine Learning,Free,2025-11-13,0.0
TT08684,U01322,26,Female,CR00038,Project Management,Paid,2025-01-16,342.61
TT08685,U01332,20,Male,CR00008,Design,Free,2025-05-20,0.0
TT08686,U01334,35,Female,CR00034,Cybersecurity,Paid,2025-05-06,394.26
TT08687,U01336,33,Male,CR00025,Data Science,Paid,2025-10-29,299.57
TT08688,U01337,32,Female,CR00045,Finance,Free,2025-02-21,0.0
TT08689,U01344,25,Female,CR00004,Programming,Free,2025-02-17,0.0
TT08690,U01347,20,Male,CR00028,Machine Learning,Paid,2025-06-09,0.78
TT08691,U01350,16,Female,CR00035,Cybersecurity,Free,2025-05-23,0.0
TT08692,U01352,25,Male,CR00054,Web Development,Free,2025-10-18,0.0
TT08693,U01355,28,Female,CR00012,Business,Paid,2025-04-14,487.92
TT08694,U01365,25,Male,CR00040,Project Management,Paid,2025-08-27,327.99
TT08695,U01375,22,Male,CR00029,Machine Learning,Free,2025-12-02,0.0
TT08696,U01394,26,Female,CR00037,Project Management,Free,2025-01-11,0.0
TT08697,U01395,31,Male,CR00031,Cybersecurity,Free,2025-02-16,0.0
TT08698,U01397,28,Male,CR00015,Business,Paid,2025-05-16,285.05
TT08699,U01399,20,Male,CR00043,Finance,Free,2025-06-26,0.0
TT08700,U01411,21,Male,CR00001,Programming,Paid,2025-02-09,472.28
TT08701,U01414,35,Female,CR00051,Web Development,Paid,2025-05-22,37.89
TT08702,U01429,31,Female,CR00042,Finance,Free,2025-06-10,0.0
TT08703,U01430,19,Female,CR00033,Cybersecurity,Free,2025-05-04,0.0
TT08704,U01435,16,Male,CR00016,Marketing,Free,2025-06-22,0.0
TT08705,U01445,29,Male,CR00025,Data Science,Paid,2025-12-02,299.57
TT08706,U01450,16,Female,CR00028,Machine Learning,Paid,2025-04-16,0.78
TT08707,U01451,17,Male,CR00052,Web Development,Free,2025-04-08,0.0
TT08708,U01455,22,Female,CR00036,Project Management,Free,2025-02-12,0.0
TT08709,U01463,30,Female,CR00005,Programming,Free,2025-03-24,0.0
TT08710,U01472,27,Female,CR00017,Marketing,Free,2025-10-13,0.0
TT08711,U01473,17,Female,CR00044,Finance,Paid,2025-08-23,119.04
TT08712,U01475,20,Male,CR00052,Web Development,Free,2025-02-07,0.0
TT08713,U01496,22,Female,CR00028,Machine Learning,Paid,2025-06-23,0.78
TT08714,U01497,35,Female,CR00060,Digital Marketing,Free,2025-03-06,0.0
TT08715,U01500,15,Male,CR00046,Artificial Intelligence,Paid,2025-01-02,248.1
TT08716,U01506,34,Male,CR00043,Finance,Free,2025-10-16,0.0
TT08717,U01511,15,Male,CR00037,Project Management,Free,2025-11-20,0.0
TT08718,U01512,19,Male,CR00018,Marketing,Free,2025-01-02,0.0
TT08719,U01517,26,Male,CR00031,Cybersecurity,Free,2025-02-17,0.0
TT08720,U01522,31,Female,CR00014,Business,Free,2025-10-29,0.0
TT08721,U01530,16,Male,CR00014,Business,Free,2025-02-13,0.0
TT08722,U01543,25,Female,CR00053,Web Development,Free,2025-10-02,0.0
TT08723,U01575,15,Female,CR00050,Artificial Intelligence,Paid,2025-12-01,490.9
TT08724,U01578,26,Male,CR00006,Design,Paid,2025-03-09,276.37
TT08725,U01585,27,Male,CR00045,Finance,Free,2025-01-30,0.0
TT08726,U01586,27,Male,CR00027,Machine Learning,Free,2025-12-10,0.0
TT08727,U01602,31,Female,CR00048,Artificial Intelligence,Free,2025-03-13,0.0
TT08728,U01618,15,Female,CR00020,Marketing,Free,2025-03-29,0.0
TT08729,U01627,23,Female,CR00007,Design,Free,2025-07-20,0.0
TT08730,U01628,26,Male,CR00012,Business,Paid,2025-11-18,487.92
TT08731,U01635,18,Female,CR00053,Web Development,Free,2025-10-13,0.0
TT08732,U01637,30,Male,CR00038,Project Management,Paid,2025-02-09,342.61
TT08733,U01647,17,Female,CR00034,Cybersecurity,Paid,2025-09-30,394.26
TT08734,U01649,35,Male,CR00002,Programming,Free,2025-08-21,0.0
TT08735,U01654,22,Female,CR00015,Business,Paid,2025-01-16,285.05
TT08736,U01656,27,Male,CR00033,Cybersecurity,Free,2025-01-15,0.0
TT08737,U01662,28,Male,CR00036,Project Management,Free,2025-05-03,0.0
TT08738,U01666,28,Female,CR00058,Digital Marketing,Free,2025-06-17,0.0
TT08739,U01671,25,Male,CR00011,Business,Paid,2025-04-30,326.02
TT08740,U01674,27,Female,CR00032,Cybersecurity,Free,2025-04-24,0.0
TT08741,U01695,32,Male,CR00033,Cybersecurity,Free,2025-04-24,0.0
TT08742,U01702,21,Female,CR00044,Finance,Paid,2025-09-01,119.04
TT08743,U01720,21,Female,CR00045,Finance,Free,2025-01-14,0.0
TT08744,U01724,17,Male,CR00010,Design,Free,2025-06-28,0.0
TT08745,U01726,32,Female,CR00032,Cybersecurity,Free,2025-07-20,0.0
TT08746,U01729,29,Female,CR00056,Digital Marketing,Paid,2025-01-07,212.39
TT08747,U01745,21,Female,CR00036,Project Management,Free,2025-02-14,0.0
TT08748,U01746,24,Male,CR00036,Project Management,Free,2025-02-20,0.0
TT08749,U01762,33,Male,CR00028,Machine Learning,Paid,2025-06-08,0.78
TT08750,U01773,17,Male,CR00046,Artificial Intelligence,Paid,2025-08-03,248.1
TT08751,U01786,25,Female,CR00051,Web Development,Paid,2025-02-07,37.89
TT08752,U01789,33,Female,CR00033,Cybersecurity,Free,2025-08-20,0.0
TT08753,U01795,15,Female,CR00039,Project Management,Paid,2025-09-07,346.71
TT08754,U01805,21,Male,CR00003,Programming,Free,2025-09-06,0.0
TT08755,U01809,24,Female,CR00045,Finance,Free,2025-02-24,0.0
TT08756,U01810,15,Female,CR00055,Web Development,Paid,2025-03-14,57.32
TT08757,U01812,17,Male,CR00019,Marketing,Free,2025-05-28,0.0
TT08758,U01822,22,Male,CR00040,Project Management,Paid,2025-06-29,327.99
TT08759,U01825,25,Male,CR00032,Cybersecurity,Free,2025-03-11,0.0
TT08760,U01840,35,Female,CR00043,Finance,Free,2025-11-09,0.0
TT08761,U01842,33,Female,CR00027,Machine Learning,Free,2025-05-30,0.0
TT08762,U01867,24,Female,CR00009,Design,Free,2025-02-07,0.0
TT08763,U01871,21,Male,CR00013,Business,Free,2025-12-29,0.0
TT08764,U01872,28,Female,CR00050,Artificial Intelligence,Paid,2025-04-21,490.9
TT08765,U01876,17,Male,CR00051,Web Development,Paid,2025-07-28,37.89
TT08766,U01879,32,Female,CR00043,Finance,Free,2025-08-01,0.0
TT08767,U01893,23,Female,CR00043,Finance,Free,2025-06-20,0.0
TT08768,U01896,32,Female,CR00015,Business,Paid,2025-04-03,285.05
TT08769,U01900,19,Male,CR00048,Artificial Intelligence,Free,2025-12-18,0.0
TT08770,U01903,17,Female,CR00013,Business,Free,2025-03-20,0.0
TT08771,U01906,19,Male,CR00015,Business,Paid,2025-02-18,285.05
TT08772,U01908,19,Male,CR00054,Web Development,Free,2025-03-19,0.0
TT08773,U01917,18,Female,CR00059,Digital Marketing,Free,2025-10-24,0.0
TT08774,U01918,23,Male,CR00001,Programming,Paid,2025-08-27,472.28
TT08775,U01920,33,Male,CR00011,Business,Paid,2025-07-03,326.02
TT08776,U01926,26,Female,CR00054,Web Development,Free,2025-07-23,0.0
TT08777,U01929,19,Male,CR00031,Cybersecurity,Free,2025-06-10,0.0
TT08778,U01943,17,Male,CR00041,Finance,Paid,2025-01-03,53.86
TT08779,U01953,19,Male,CR00023,Data Science,Free,2025-10-10,0.0
TT08780,U01958,16,Male,CR00011,Business,Paid,2025-04-03,326.02
TT08781,U01979,25,Female,CR00054,Web Development,Free,2025-11-20,0.0
TT08782,U01987,15,Male,CR00057,Digital Marketing,Paid,2025-07-08,177.34
TT08783,U01989,26,Female,CR00057,Digital Marketing,Paid,2025-05-16,177.34
TT08784,U01993,23,Female,CR00030,Machine Learning,Free,2025-07-11,0.0
TT08785,U01994,20,Female,CR00028,Machine Learning,Paid,2025-03-13,0.78
TT08786,U02010,31,Male,CR00052,Web Development,Free,2025-01-16,0.0
TT08787,U02022,27,Female,CR00034,Cybersecurity,Paid,2025-09-08,394.26
TT08788,U02035,32,Male,CR00053,Web Development,Free,2025-01-16,0.0
TT08789,U02038,32,Female,CR00019,Marketing,Free,2025-10-16,0.0
TT08790,U02039,29,Male,CR00048,Artificial Intelligence,Free,2025-08-28,0.0
TT08791,U02055,33,Female,CR00027,Machine Learning,Free,2025-07-26,0.0
TT08792,U02058,16,Male,CR00052,Web Development,Free,2025-04-20,0.0
TT08793,U02064,35,Male,CR00002,Programming,Free,2025-12-18,0.0
TT08794,U02068,15,Male,CR00005,Programming,Free,2025-03-17,0.0
TT08795,U02071,24,Male,CR00054,Web Development,Free,2025-04-19,0.0
TT08796,U02074,27,Female,CR00024,Data Science,Paid,2025-06-04,117.68
TT08797,U02077,24,Male,CR00003,Programming,Free,2025-08-24,0.0
TT08798,U02094,24,Female,CR00029,Machine Learning,Free,2025-02-01,0.0
TT08799,U02096,31,Male,CR00048,Artificial Intelligence,Free,2025-07-11,0.0
TT08800,U02098,25,Male,CR00027,Machine Learning,Free,2025-04-18,0.0
TT08801,U02125,31,Female,CR00048,Artificial Intelligence,Free,2025-12-18,0.0
TT08802,U02144,15,Male,CR00048,Artificial Intelligence,Free,2025-03-11,0.0
TT08803,U02147,33,Male,CR00033,Cybersecurity,Free,2025-01-25,0.0
TT08804,U02149,21,Female,CR00028,Machine Learning,Paid,2025-03-25,0.78
TT08805,U02151,18,Female,CR00025,Data Science,Paid,2025-08-14,299.57
TT08806,U02152,35,Female,CR00050,Artificial Intelligence,Paid,2025-11-08,490.9
TT08807,U02153,18,Female,CR00027,Machine Learning,Free,2025-06-04,0.0
TT08808,U02155,16,Female,CR00025,Data Science,Paid,2025-07-22,299.57
TT08809,U02174,17,Female,CR00044,Finance,Paid,2025-07-02,119.04
TT08810,U02212,33,Male,CR00022,Data Science,Free,2025-07-29,0.0
TT08811,U02215,32,Male,CR00046,Artificial Intelligence,Paid,2025-03-12,248.1
TT08812,U02217,21,Male,CR00060,Digital Marketing,Free,2025-09-25,0.0
TT08813,U02224,18,Female,CR00030,Machine Learning,Free,2025-07-05,0.0
TT08814,U02231,20,Male,CR00043,Finance,Free,2025-03-26,0.0
TT08815,U02248,29,Male,CR00029,Machine Learning,Free,2025-04-28,0.0
TT08816,U02254,17,Female,CR00044,Finance,Paid,2025-03-02,119.04
TT08817,U02258,21,Male,CR00010,Design,Free,2025-05-03,0.0
TT08818,U02284,28,Male,CR00008,Design,Free,2025-02-12,0.0
TT08819,U02288,32,Female,CR00053,Web Development,Free,2025-07-11,0.0
TT08820,U02290,25,Male,CR00006,Design,Paid,2025-03-28,276.37
TT08821,U02300,35,Male,CR00016,Marketing,Free,2025-05-04,0.0
TT08822,U02301,18,Female,CR00026,Machine Learning,Free,2025-03-10,0.0
TT08823,U02306,18,Female,CR00015,Business,Paid,2025-06-09,285.05
TT08824,U02315,34,Male,CR00024,Data Science,Paid,2025-10-29,117.68
TT08825,U02336,17,Female,CR00007,Design,Free,2025-09-25,0.0
TT08826,U02337,18,Female,CR00038,Project Management,Paid,2025-01-07,342.61
TT08827,U02341,17,Male,CR00042,Finance,Free,2025-04-02,0.0
TT08828,U02344,26,Male,CR00046,Artificial Intelligence,Paid,2025-01-20,248.1
TT08829,U02345,31,Male,CR00043,Finance,Free,2025-01-26,0.0
TT08830,U02349,27,Male,CR00035,Cybersecurity,Free,2025-11-21,0.0
TT08831,U02370,24,Male,CR00036,Project Management,Free,2025-12-12,0.0
TT08832,U02371,34,Female,CR00049,Artificial Intelligence,Paid,2025-09-25,415.51
TT08833,U02415,33,Male,CR00044,Finance,Paid,2025-08-04,119.04
TT08834,U02427,31,Female,CR00007,Design,Free,2025-07-11,0.0
TT08835,U02432,30,Female,CR00047,Artificial Intelligence,Paid,2025-01-11,89.59
TT08836,U02445,26,Female,CR00026,Machine Learning,Free,2025-05-27,0.0
TT08837,U02459,33,Male,CR00041,Finance,Paid,2025-11-18,53.86
TT08838,U02470,34,Male,CR00044,Finance,Paid,2025-01-26,119.04
TT08839,U02485,22,Male,CR00003,Programming,Free,2025-06-08,0.0
TT08840,U02490,24,Female,CR00021,Data Science,Free,2025-09-28,0.0
TT08841,U02512,15,Female,CR00012,Business,Paid,2025-01-29,487.92
TT08842,U02515,15,Male,CR00032,Cybersecurity,Free,2025-06-11,0.0
TT08843,U02537,31,Female,CR00038,Project Management,Paid,2025-02-12,342.61
TT08844,U02540,33,Female,CR00007,Design,Free,2025-10-03,0.0
TT08845,U02541,18,Female,CR00004,Programming,Free,2025-07-27,0.0
TT08846,U02542,35,Female,CR00036,Project Management,Free,2025-10-23,0.0
TT08847,U02564,19,Female,CR00054,Web Development,Free,2025-10-04,0.0
TT08848,U02566,30,Female,CR00016,Marketing,Free,2025-12-28,0.0
TT08849,U02582,23,Male,CR00001,Programming,Paid,2025-05-28,472.28
TT08850,U02583,33,Male,CR00009,Design,Free,2025-09-10,0.0
TT08851,U02605,22,Male,CR00020,Marketing,Free,2025-08-05,0.0
TT08852,U02612,22,Male,CR00024,Data Science,Paid,2025-12-27,117.68
TT08853,U02614,30,Female,CR00047,Artificial Intelligence,Paid,2025-07-20,89.59
TT08854,U02616,19,Female,CR00041,Finance,Paid,2025-09-21,53.86
TT08855,U02630,20,Male,CR00042,Finance,Free,2025-03-13,0.0
TT08856,U02633,19,Female,CR00044,Finance,Paid,2025-09-02,119.04
TT08857,U02643,17,Female,CR00032,Cybersecurity,Free,2025-07-24,0.0
TT08858,U02645,26,Female,CR00028,Machine Learning,Paid,2025-09-26,0.78
TT08859,U02651,16,Female,CR00027,Machine Learning,Free,2025-10-21,0.0
TT08860,U02663,27,Female,CR00050,Artificial Intelligence,Paid,2025-06-19,490.9
TT08861,U02672,32,Male,CR00039,Project Management,Paid,2025-07-30,346.71
TT08862,U02679,18,Male,CR00047,Artificial Intelligence,Paid,2025-02-22,89.59
TT08863,U02683,28,Male,CR00036,Project Management,Free,2025-12-16,0.0
TT08864,U02684,28,Male,CR00056,Digital Marketing,Paid,2025-04-25,212.39
TT08865,U02698,18,Female,CR00049,Artificial Intelligence,Paid,2025-12-15,415.51
TT08866,U02709,19,Female,CR00036,Project Management,Free,2025-01-08,0.0
TT08867,U02733,31,Male,CR00014,Business,Free,2025-01-28,0.0
TT08868,U02743,33,Male,CR00044,Finance,Paid,2025-02-16,119.04
TT08869,U02767,31,Male,CR00051,Web Development,Paid,2025-08-12,37.89
TT08870,U02770,31,Male,CR00024,Data Science,Paid,2025-06-20,117.68
TT08871,U02775,24,Female,CR00015,Business,Paid,2025-06-22,285.05
TT08872,U02788,20,Female,CR00037,Project Management,Free,2025-12-09,0.0
TT08873,U02791,27,Male,CR00054,Web Development,Free,2025-07-18,0.0
TT08874,U02793,22,Female,CR00035,Cybersecurity,Free,2025-03-07,0.0
TT08875,U02825,34,Male,CR00018,Marketing,Free,2025-11-05,0.0
TT08876,U02843,26,Male,CR00040,Project Management,Paid,2025-01-13,327.99
TT08877,U02850,25,Female,CR00059,Digital Marketing,Free,2025-04-25,0.0
TT08878,U02857,35,Male,CR00031,Cybersecurity,Free,2025-08-26,0.0
TT08879,U02874,32,Male,CR00026,Machine Learning,Free,2025-10-09,0.0
TT08880,U02883,16,Female,CR00038,Project Management,Paid,2025-11-14,342.61
TT08881,U02899,28,Female,CR00043,Finance,Free,2025-01-27,0.0
TT08882,U02909,19,Female,CR00013,Business,Free,2025-06-21,0.0
TT08883,U02915,33,Female,CR00049,Artificial Intelligence,Paid,2025-10-23,415.51
TT08884,U02916,20,Male,CR00025,Data Science,Paid,2025-11-09,299.57
TT08885,U02927,20,Male,CR00042,Finance,Free,2025-05-17,0.0
TT08886,U02931,28,Female,CR00023,Data Science,Free,2025-01-25,0.0
TT08887,U02937,23,Male,CR00044,Finance,Paid,2025-08-29,119.04
TT08888,U02947,18,Female,CR00060,Digital Marketing,Free,2025-12-24,0.0
TT08889,U02958,33,Male,CR00046,Artificial Intelligence,Paid,2025-04-23,248.1
TT08890,U02971,20,Female,CR00033,Cybersecurity,Free,2025-04-13,0.0
TT08891,U02974,31,Female,CR00011,Business,Paid,2025-04-10,326.02
TT08892,U02976,28,Female,CR00009,Design,Free,2025-08-13,0.0
TT08893,U02980,27,Male,CR00020,Marketing,Free,2025-03-04,0.0
TT08894,U02981,23,Male,CR00012,Business,Paid,2025-07-15,487.92
TT08895,U02984,35,Female,CR00020,Marketing,Free,2025-01-01,0.0
TT08896,U02989,22,Male,CR00044,Finance,Paid,2025-06-10,119.04
TT08897,U02992,24,Female,CR00025,Data Science,Paid,2025-06-30,299.57
TT08898,U00003,33,Female,CR00046,Artificial Intelligence,Paid,2025-11-04,248.1
TT08899,U00004,23,Female,CR00051,Web Development,Paid,2025-02-17,37.89
TT08900,U00015,27,Female,CR00023,Data Science,Free,2025-02-20,0.0
TT08901,U00018,24,Female,CR00035,Cybersecurity,Free,2025-09-26,0.0
TT08902,U00045,23,Female,CR00011,Business,Paid,2025-01-05,326.02
TT08903,U00048,19,Male,CR00032,Cybersecurity,Free,2025-10-11,0.0
TT08904,U00055,31,Female,CR00033,Cybersecurity,Free,2025-04-13,0.0
TT08905,U00071,30,Female,CR00018,Marketing,Free,2025-11-04,0.0
TT08906,U00083,16,Male,CR00053,Web Development,Free,2025-09-22,0.0
TT08907,U00109,15,Female,CR00018,Marketing,Free,2025-08-17,0.0
TT08908,U00112,34,Female,CR00034,Cybersecurity,Paid,2025-12-25,394.26
TT08909,U00117,19,Female,CR00041,Finance,Paid,2025-10-23,53.86
TT08910,U00126,23,Female,CR00038,Project Management,Paid,2025-05-23,342.61
TT08911,U00128,35,Female,CR00040,Project Management,Paid,2025-05-15,327.99
TT08912,U00133,21,Male,CR00005,Programming,Free,2025-12-30,0.0
TT08913,U00144,24,Female,CR00045,Finance,Free,2025-10-29,0.0
TT08914,U00152,19,Female,CR00004,Programming,Free,2025-09-02,0.0
TT08915,U00161,25,Female,CR00048,Artificial Intelligence,Free,2025-04-17,0.0
TT08916,U00166,33,Male,CR00026,Machine Learning,Free,2025-03-28,0.0
TT08917,U00169,24,Male,CR00007,Design,Free,2025-09-23,0.0
TT08918,U00173,31,Male,CR00023,Data Science,Free,2025-12-12,0.0
TT08919,U00177,29,Female,CR00027,Machine Learning,Free,2025-09-17,0.0
TT08920,U00178,20,Male,CR00004,Programming,Free,2025-07-11,0.0
TT08921,U00191,34,Male,CR00037,Project Management,Free,2025-11-22,0.0
TT08922,U00192,17,Male,CR00026,Machine Learning,Free,2025-01-29,0.0
TT08923,U00198,30,Female,CR00003,Programming,Free,2025-04-15,0.0
TT08924,U00208,18,Female,CR00028,Machine Learning,Paid,2025-02-21,0.78
TT08925,U00216,23,Male,CR00008,Design,Free,2025-09-10,0.0
TT08926,U00220,20,Male,CR00037,Project Management,Free,2025-07-11,0.0
TT08927,U00238,24,Female,CR00036,Project Management,Free,2025-12-14,0.0
TT08928,U00260,35,Male,CR00046,Artificial Intelligence,Paid,2025-03-14,248.1
TT08929,U00272,25,Male,CR00039,Project Management,Paid,2025-02-26,346.71
TT08930,U00292,33,Male,CR00057,Digital Marketing,Paid,2025-06-22,177.34
TT08931,U00298,32,Male,CR00016,Marketing,Free,2025-07-27,0.0
TT08932,U00301,26,Male,CR00022,Data Science,Free,2025-10-07,0.0
TT08933,U00303,35,Male,CR00026,Machine Learning,Free,2025-05-16,0.0
TT08934,U00310,26,Female,CR00045,Finance,Free,2025-10-05,0.0
TT08935,U00315,31,Female,CR00020,Marketing,Free,2025-10-26,0.0
TT08936,U00321,28,Male,CR00005,Programming,Free,2025-02-23,0.0
TT08937,U00322,23,Male,CR00004,Programming,Free,2025-10-09,0.0
TT08938,U00323,21,Female,CR00012,Business,Paid,2025-07-13,487.92
TT08939,U00328,29,Female,CR00024,Data Science,Paid,2025-03-13,117.68
TT08940,U00329,20,Female,CR00011,Business,Paid,2025-12-05,326.02
TT08941,U00330,15,Female,CR00011,Business,Paid,2025-08-04,326.02
TT08942,U00334,24,Female,CR00035,Cybersecurity,Free,2025-02-06,0.0
TT08943,U00338,23,Female,CR00041,Finance,Paid,2025-05-05,53.86
TT08944,U00339,29,Male,CR00036,Project Management,Free,2025-12-15,0.0
TT08945,U00340,30,Male,CR00036,Project Management,Free,2025-03-16,0.0
TT08946,U00351,18,Female,CR00007,Design,Free,2025-04-03,0.0
TT08947,U00352,28,Male,CR00014,Business,Free,2025-11-08,0.0
TT08948,U00353,34,Female,CR00035,Cybersecurity,Free,2025-06-03,0.0
TT08949,U00356,21,Female,CR00045,Finance,Free,2025-04-16,0.0
TT08950,U00357,15,Female,CR00005,Programming,Free,2025-05-26,0.0
TT08951,U00362,16,Male,CR00045,Finance,Free,2025-03-10,0.0
TT08952,U00379,20,Male,CR00011,Business,Paid,2025-04-23,326.02
TT08953,U00383,29,Female,CR00005,Programming,Free,2025-03-13,0.0
TT08954,U00394,30,Female,CR00029,Machine Learning,Free,2025-01-29,0.0
TT08955,U00399,31,Female,CR00040,Project Management,Paid,2025-11-26,327.99
TT08956,U00404,21,Female,CR00006,Design,Paid,2025-08-22,276.37
TT08957,U00406,33,Male,CR00010,Design,Free,2025-06-21,0.0
TT08958,U00407,23,Male,CR00041,Finance,Paid,2025-10-29,53.86
TT08959,U00415,31,Female,CR00035,Cybersecurity,Free,2025-10-29,0.0
TT08960,U00423,27,Female,CR00042,Finance,Free,2025-09-24,0.0
TT08961,U00424,35,Male,CR00059,Digital Marketing,Free,2025-03-28,0.0
TT08962,U00427,29,Female,CR00039,Project Management,Paid,2025-10-11,346.71
TT08963,U00438,21,Male,CR00007,Design,Free,2025-09-30,0.0
TT08964,U00444,15,Female,CR00028,Machine Learning,Paid,2025-03-08,0.78
TT08965,U00450,20,Male,CR00034,Cybersecurity,Paid,2025-06-10,394.26
TT08966,U00464,25,Male,CR00048,Artificial Intelligence,Free,2025-11-28,0.0
TT08967,U00543,18,Female,CR00060,Digital Marketing,Free,2025-05-30,0.0
TT08968,U00548,32,Female,CR00044,Finance,Paid,2025-09-21,119.04
TT08969,U00556,25,Female,CR00009,Design,Free,2025-04-20,0.0
TT08970,U00559,20,Male,CR00054,Web Development,Free,2025-03-18,0.0
TT08971,U00562,23,Female,CR00025,Data Science,Paid,2025-06-13,299.57
TT08972,U00569,15,Female,CR00037,Project Management,Free,2025-10-30,0.0
TT08973,U00570,27,Male,CR00017,Marketing,Free,2025-01-11,0.0
TT08974,U00572,32,Male,CR00025,Data Science,Paid,2025-04-13,299.57
TT08975,U00573,30,Male,CR00020,Marketing,Free,2025-03-10,0.0
TT08976,U00584,31,Female,CR00006,Design,Paid,2025-11-08,276.37
TT08977,U00592,18,Female,CR00021,Data Science,Free,2025-11-02,0.0
TT08978,U00604,30,Female,CR00024,Data Science,Paid,2025-06-17,117.68
TT08979,U00619,32,Female,CR00058,Digital Marketing,Free,2025-02-02,0.0
TT08980,U00622,28,Female,CR00021,Data Science,Free,2025-03-02,0.0
TT08981,U00636,21,Female,CR00001,Programming,Paid,2025-05-24,472.28
TT08982,U00666,30,Female,CR00033,Cybersecurity,Free,2025-01-04,0.0
TT08983,U00687,29,Female,CR00056,Digital Marketing,Paid,2025-11-24,212.39
TT08984,U00701,32,Male,CR00021,Data Science,Free,2025-05-12,0.0
TT08985,U00704,30,Male,CR00038,Project Management,Paid,2025-08-25,342.61
TT08986,U00709,23,Female,CR00012,Business,Paid,2025-04-30,487.92
TT08987,U00723,35,Male,CR00055,Web Development,Paid,2025-06-24,57.32
TT08988,U00752,30,Male,CR00043,Finance,Free,2025-08-18,0.0
TT08989,U00760,21,Female,CR00025,Data Science,Paid,2025-03-29,299.57
TT08990,U00767,16,Female,CR00016,Marketing,Free,2025-10-02,0.0
TT08991,U00775,29,Female,CR00015,Business,Paid,2025-04-12,285.05
TT08992,U00786,32,Female,CR00039,Project Management,Paid,2025-04-20,346.71
TT08993,U00787,29,Female,CR00051,Web Development,Paid,2025-03-23,37.89
TT08994,U00819,28,Female,CR00035,Cybersecurity,Free,2025-12-04,0.0
TT08995,U00821,23,Male,CR00042,Finance,Free,2025-01-11,0.0
TT08996,U00829,22,Male,CR00046,Artificial Intelligence,Paid,2025-02-06,248.1
TT08997,U00836,29,Female,CR00033,Cybersecurity,Free,2025-04-27,0.0
TT08998,U00850,26,Male,CR00019,Marketing,Free,2025-06-26,0.0
TT08999,U00852,23,Male,CR00017,Marketing,Free,2025-01-14,0.0
TT09000,U00858,20,Male,CR00038,Project Management,Paid,2025-08-28,342.61
TT09001,U00870,22,Male,CR00036,Project Management,Free,2025-12-14,0.0
TT09002,U00876,27,Male,CR00055,Web Development,Paid,2025-03-04,57.32
TT09003,U00881,34,Female,CR00056,Digital Marketing,Paid,2025-05-08,212.39
TT09004,U00898,24,Female,CR00027,Machine Learning,Free,2025-02-10,0.0
TT09005,U00903,29,Female,CR00045,Finance,Free,2025-12-02,0.0
TT09006,U00907,23,Female,CR00019,Marketing,Free,2025-01-23,0.0
TT09007,U00911,15,Female,CR00014,Business,Free,2025-10-05,0.0
TT09008,U00915,24,Female,CR00011,Business,Paid,2025-09-07,326.02
TT09009,U00917,28,Female,CR00050,Artificial Intelligence,Paid,2025-01-06,490.9
TT09010,U00919,28,Male,CR00035,Cybersecurity,Free,2025-11-03,0.0
TT09011,U00928,33,Female,CR00045,Finance,Free,2025-06-30,0.0
TT09012,U00959,22,Male,CR00035,Cybersecurity,Free,2025-01-10,0.0
TT09013,U00967,15,Male,CR00031,Cybersecurity,Free,2025-07-09,0.0
TT09014,U00981,34,Male,CR00015,Business,Paid,2025-01-10,285.05
TT09015,U00989,26,Male,CR00017,Marketing,Free,2025-01-22,0.0
TT09016,U00997,34,Female,CR00033,Cybersecurity,Free,2025-10-08,0.0
TT09017,U01000,16,Female,CR00037,Project Management,Free,2025-10-08,0.0
TT09018,U01015,29,Male,CR00047,Artificial Intelligence,Paid,2025-10-01,89.59
TT09019,U01020,28,Male,CR00047,Artificial Intelligence,Paid,2025-02-07,89.59
TT09020,U01022,17,Male,CR00038,Project Management,Paid,2025-11-10,342.61
TT09021,U01031,15,Male,CR00034,Cybersecurity,Paid,2025-04-15,394.26
TT09022,U01032,16,Male,CR00010,Design,Free,2025-07-10,0.0
TT09023,U01033,30,Male,CR00024,Data Science,Paid,2025-10-15,117.68
TT09024,U01066,19,Female,CR00018,Marketing,Free,2025-03-02,0.0
TT09025,U01079,21,Male,CR00053,Web Development,Free,2025-11-05,0.0
TT09026,U01083,29,Male,CR00052,Web Development,Free,2025-11-24,0.0
TT09027,U01084,24,Male,CR00001,Programming,Paid,2025-01-25,472.28
TT09028,U01092,34,Female,CR00034,Cybersecurity,Paid,2025-08-21,394.26
TT09029,U01096,18,Male,CR00007,Design,Free,2025-10-27,0.0
TT09030,U01123,29,Female,CR00008,Design,Free,2025-04-13,0.0
TT09031,U01143,31,Male,CR00027,Machine Learning,Free,2025-11-14,0.0
TT09032,U01146,15,Male,CR00032,Cybersecurity,Free,2025-01-12,0.0
TT09033,U01151,28,Female,CR00035,Cybersecurity,Free,2025-10-15,0.0
TT09034,U01158,35,Male,CR00050,Artificial Intelligence,Paid,2025-03-29,490.9
TT09035,U01163,24,Male,CR00008,Design,Free,2025-02-26,0.0
TT09036,U01180,18,Male,CR00055,Web Development,Paid,2025-11-05,57.32
TT09037,U01197,28,Male,CR00059,Digital Marketing,Free,2025-11-28,0.0
TT09038,U01203,15,Male,CR00041,Finance,Paid,2025-08-23,53.86
TT09039,U01221,32,Male,CR00040,Project Management,Paid,2025-10-02,327.99
TT09040,U01231,21,Female,CR00005,Programming,Free,2025-08-05,0.0
TT09041,U01233,28,Male,CR00024,Data Science,Paid,2025-02-16,117.68
TT09042,U01235,27,Female,CR00050,Artificial Intelligence,Paid,2025-10-29,490.9
TT09043,U01237,24,Male,CR00059,Digital Marketing,Free,2025-07-20,0.0
TT09044,U01244,30,Female,CR00049,Artificial Intelligence,Paid,2025-04-07,415.51
TT09045,U01249,25,Male,CR00056,Digital Marketing,Paid,2025-01-30,212.39
TT09046,U01250,27,Female,CR00033,Cybersecurity,Free,2025-08-12,0.0
TT09047,U01261,25,Male,CR00046,Artificial Intelligence,Paid,2025-04-02,248.1
TT09048,U01266,18,Female,CR00015,Business,Paid,2025-07-11,285.05
TT09049,U01267,30,Female,CR00024,Data Science,Paid,2025-06-14,117.68
TT09050,U01268,33,Male,CR00057,Digital Marketing,Paid,2025-01-28,177.34
TT09051,U01280,26,Female,CR00029,Machine Learning,Free,2025-09-04,0.0
TT09052,U01281,23,Female,CR00002,Programming,Free,2025-05-09,0.0
TT09053,U01284,34,Female,CR00021,Data Science,Free,2025-10-20,0.0
TT09054,U01286,27,Male,CR00042,Finance,Free,2025-02-09,0.0
TT09055,U01290,16,Male,CR00037,Project Management,Free,2025-06-12,0.0
TT09056,U01315,33,Male,CR00005,Programming,Free,2025-02-17,0.0
TT09057,U01318,18,Female,CR00038,Project Management,Paid,2025-02-26,342.61
TT09058,U01321,35,Male,CR00011,Business,Paid,2025-10-28,326.02
TT09059,U01322,26,Female,CR00025,Data Science,Paid,2025-01-26,299.57
TT09060,U01331,16,Male,CR00041,Finance,Paid,2025-03-21,53.86
TT09061,U01332,20,Male,CR00007,Design,Free,2025-09-07,0.0
TT09062,U01334,35,Female,CR00036,Project Management,Free,2025-07-24,0.0
TT09063,U01336,33,Male,CR00049,Artificial Intelligence,Paid,2025-01-21,415.51
TT09064,U01337,32,Female,CR00046,Artificial Intelligence,Paid,2025-02-08,248.1
TT09065,U01343,32,Male,CR00025,Data Science,Paid,2025-10-07,299.57
TT09066,U01344,25,Female,CR00002,Programming,Free,2025-01-06,0.0
TT09067,U01346,16,Male,CR00002,Programming,Free,2025-08-15,0.0
TT09068,U01347,20,Male,CR00022,Data Science,Free,2025-09-05,0.0
TT09069,U01350,16,Female,CR00014,Business,Free,2025-02-07,0.0
TT09070,U01355,28,Female,CR00056,Digital Marketing,Paid,2025-01-08,212.39
TT09071,U01364,16,Female,CR00058,Digital Marketing,Free,2025-09-14,0.0
TT09072,U01365,25,Male,CR00003,Programming,Free,2025-09-04,0.0
TT09073,U01375,22,Male,CR00016,Marketing,Free,2025-10-04,0.0
TT09074,U01394,26,Female,CR00013,Business,Free,2025-04-14,0.0
TT09075,U01395,31,Male,CR00051,Web Development,Paid,2025-12-05,37.89
TT09076,U01399,20,Male,CR00054,Web Development,Free,2025-01-03,0.0
TT09077,U01411,21,Male,CR00009,Design,Free,2025-02-26,0.0
TT09078,U01414,35,Female,CR00043,Finance,Free,2025-08-16,0.0
TT09079,U01429,31,Female,CR00029,Machine Learning,Free,2025-03-07,0.0
TT09080,U01430,19,Female,CR00001,Programming,Paid,2025-10-03,472.28
TT09081,U01432,17,Female,CR00033,Cybersecurity,Free,2025-12-19,0.0
TT09082,U01435,16,Male,CR00025,Data Science,Paid,2025-10-11,299.57
TT09083,U01445,29,Male,CR00049,Artificial Intelligence,Paid,2025-08-08,415.51
TT09084,U01450,16,Female,CR00048,Artificial Intelligence,Free,2025-06-17,0.0
TT09085,U01455,22,Female,CR00048,Artificial Intelligence,Free,2025-05-27,0.0
TT09086,U01460,32,Female,CR00035,Cybersecurity,Free,2025-02-28,0.0
TT09087,U01463,30,Female,CR00054,Web Development,Free,2025-04-08,0.0
TT09088,U01472,27,Female,CR00003,Programming,Free,2025-01-06,0.0
TT09089,U01473,17,Female,CR00048,Artificial Intelligence,Free,2025-03-24,0.0
TT09090,U01475,20,Male,CR00010,Design,Free,2025-01-23,0.0
TT09091,U01496,22,Female,CR00014,Business,Free,2025-11-01,0.0
TT09092,U01497,35,Female,CR00058,Digital Marketing,Free,2025-03-24,0.0
TT09093,U01500,15,Male,CR00012,Business,Paid,2025-07-01,487.92
TT09094,U01506,34,Male,CR00045,Finance,Free,2025-12-16,0.0
TT09095,U01511,15,Male,CR00038,Project Management,Paid,2025-08-16,342.61
TT09096,U01512,19,Male,CR00031,Cybersecurity,Free,2025-10-28,0.0
TT09097,U01517,26,Male,CR00013,Business,Free,2025-05-29,0.0
TT09098,U01522,31,Female,CR00046,Artificial Intelligence,Paid,2025-11-23,248.1
TT09099,U01528,16,Male,CR00030,Machine Learning,Free,2025-09-12,0.0
TT09100,U01531,30,Female,CR00048,Artificial Intelligence,Free,2025-03-23,0.0
TT09101,U01536,33,Female,CR00056,Digital Marketing,Paid,2025-12-11,212.39
TT09102,U01543,25,Female,CR00030,Machine Learning,Free,2025-06-22,0.0
TT09103,U01553,27,Male,CR00014,Business,Free,2025-06-16,0.0
TT09104,U01575,15,Female,CR00055,Web Development,Paid,2025-05-04,57.32
TT09105,U01578,26,Male,CR00032,Cybersecurity,Free,2025-09-06,0.0
TT09106,U01586,27,Male,CR00035,Cybersecurity,Free,2025-08-04,0.0
TT09107,U01618,15,Female,CR00017,Marketing,Free,2025-09-19,0.0
TT09108,U01627,23,Female,CR00030,Machine Learning,Free,2025-09-27,0.0
TT09109,U01628,26,Male,CR00037,Project Management,Free,2025-10-15,0.0
TT09110,U01635,18,Female,CR00024,Data Science,Paid,2025-07-25,117.68
TT09111,U01637,30,Male,CR00055,Web Development,Paid,2025-08-25,57.32
TT09112,U01647,17,Female,CR00021,Data Science,Free,2025-08-11,0.0
TT09113,U01654,22,Female,CR00056,Digital Marketing,Paid,2025-02-16,212.39
TT09114,U01662,28,Male,CR00057,Digital Marketing,Paid,2025-03-15,177.34
TT09115,U01666,28,Female,CR00056,Digital Marketing,Paid,2025-10-04,212.39
TT09116,U01671,25,Male,CR00022,Data Science,Free,2025-01-10,0.0
TT09117,U01674,27,Female,CR00023,Data Science,Free,2025-05-25,0.0
TT09118,U01692,26,Male,CR00014,Business,Free,2025-06-30,0.0
TT09119,U01695,32,Male,CR00055,Web Development,Paid,2025-06-30,57.32
TT09120,U01702,21,Female,CR00054,Web Development,Free,2025-01-19,0.0
TT09121,U01708,22,Male,CR00005,Programming,Free,2025-04-21,0.0
TT09122,U01720,21,Female,CR00035,Cybersecurity,Free,2025-12-06,0.0
TT09123,U01721,15,Female,CR00020,Marketing,Free,2025-04-28,0.0
TT09124,U01724,17,Male,CR00009,Design,Free,2025-06-08,0.0
TT09125,U01726,32,Female,CR00047,Artificial Intelligence,Paid,2025-09-23,89.59
TT09126,U01729,29,Female,CR00038,Project Management,Paid,2025-03-06,342.61
TT09127,U01745,21,Female,CR00018,Marketing,Free,2025-11-13,0.0
TT09128,U01746,24,Male,CR00054,Web Development,Free,2025-09-12,0.0
TT09129,U01762,33,Male,CR00012,Business,Paid,2025-12-16,487.92
TT09130,U01773,17,Male,CR00011,Business,Paid,2025-01-30,326.02
TT09131,U01786,25,Female,CR00012,Business,Paid,2025-09-14,487.92
TT09132,U01789,33,Female,CR00039,Project Management,Paid,2025-10-02,346.71
TT09133,U01795,15,Female,CR00045,Finance,Free,2025-07-21,0.0
TT09134,U01805,21,Male,CR00008,Design,Free,2025-07-29,0.0
TT09135,U01809,24,Female,CR00006,Design,Paid,2025-07-24,276.37
TT09136,U01810,15,Female,CR00014,Business,Free,2025-01-26,0.0
TT09137,U01812,17,Male,CR00030,Machine Learning,Free,2025-01-23,0.0
TT09138,U01820,24,Male,CR00015,Business,Paid,2025-01-28,285.05
TT09139,U01822,22,Male,CR00048,Artificial Intelligence,Free,2025-01-07,0.0
TT09140,U01825,25,Male,CR00058,Digital Marketing,Free,2025-08-28,0.0
TT09141,U01840,35,Female,CR00003,Programming,Free,2025-10-03,0.0
TT09142,U01842,33,Female,CR00023,Data Science,Free,2025-03-20,0.0
TT09143,U01867,24,Female,CR00048,Artificial Intelligence,Free,2025-03-04,0.0
TT09144,U01871,21,Male,CR00055,Web Development,Paid,2025-11-30,57.32
TT09145,U01872,28,Female,CR00034,Cybersecurity,Paid,2025-11-16,394.26
TT09146,U01876,17,Male,CR00038,Project Management,Paid,2025-07-29,342.61
TT09147,U01877,19,Male,CR00041,Finance,Paid,2025-06-27,53.86
TT09148,U01879,32,Female,CR00024,Data Science,Paid,2025-11-13,117.68
TT09149,U01893,23,Female,CR00016,Marketing,Free,2025-04-19,0.0
TT09150,U01903,17,Female,CR00042,Finance,Free,2025-01-20,0.0
TT09151,U01906,19,Male,CR00029,Machine Learning,Free,2025-05-19,0.0
TT09152,U01908,19,Male,CR00048,Artificial Intelligence,Free,2025-05-02,0.0
TT09153,U01917,18,Female,CR00017,Marketing,Free,2025-11-16,0.0
TT09154,U01918,23,Male,CR00047,Artificial Intelligence,Paid,2025-09-06,89.59
TT09155,U01920,33,Male,CR00009,Design,Free,2025-07-25,0.0
TT09156,U01926,26,Female,CR00038,Project Management,Paid,2025-09-18,342.61
TT09157,U01929,19,Male,CR00015,Business,Paid,2025-12-23,285.05
TT09158,U01931,23,Female,CR00031,Cybersecurity,Free,2025-03-23,0.0
TT09159,U01934,22,Male,CR00017,Marketing,Free,2025-12-11,0.0
TT09160,U01943,17,Male,CR00056,Digital Marketing,Paid,2025-01-09,212.39
TT09161,U01953,19,Male,CR00037,Project Management,Free,2025-07-22,0.0
TT09162,U01959,26,Female,CR00018,Marketing,Free,2025-11-27,0.0
TT09163,U01961,30,Male,CR00041,Finance,Paid,2025-09-02,53.86
TT09164,U01987,15,Male,CR00054,Web Development,Free,2025-04-21,0.0
TT09165,U01989,26,Female,CR00001,Programming,Paid,2025-02-02,472.28
TT09166,U01993,23,Female,CR00052,Web Development,Free,2025-11-04,0.0
TT09167,U01998,23,Male,CR00042,Finance,Free,2025-03-02,0.0
TT09168,U02010,31,Male,CR00058,Digital Marketing,Free,2025-04-25,0.0
TT09169,U02022,27,Female,CR00027,Machine Learning,Free,2025-04-10,0.0
TT09170,U02035,32,Male,CR00027,Machine Learning,Free,2025-07-12,0.0
TT09171,U02038,32,Female,CR00037,Project Management,Free,2025-03-29,0.0
TT09172,U02039,29,Male,CR00044,Finance,Paid,2025-09-06,119.04
TT09173,U02055,33,Female,CR00035,Cybersecurity,Free,2025-09-06,0.0
TT09174,U02058,16,Male,CR00004,Programming,Free,2025-10-14,0.0
TT09175,U02064,35,Male,CR00012,Business,Paid,2025-07-05,487.92
TT09176,U02068,15,Male,CR00014,Business,Free,2025-07-02,0.0
TT09177,U02071,24,Male,CR00042,Finance,Free,2025-12-01,0.0
TT09178,U02074,27,Female,CR00018,Marketing,Free,2025-04-25,0.0
TT09179,U02094,24,Female,CR00054,Web Development,Free,2025-07-30,0.0
TT09180,U02096,31,Male,CR00055,Web Development,Paid,2025-03-26,57.32
TT09181,U02098,25,Male,CR00023,Data Science,Free,2025-02-05,0.0
TT09182,U02125,31,Female,CR00024,Data Science,Paid,2025-12-05,117.68
TT09183,U02144,15,Male,CR00008,Design,Free,2025-11-02,0.0
TT09184,U02147,33,Male,CR00042,Finance,Free,2025-07-24,0.0
TT09185,U02149,21,Female,CR00012,Business,Paid,2025-09-15,487.92
TT09186,U02151,18,Female,CR00009,Design,Free,2025-06-18,0.0
TT09187,U02152,35,Female,CR00001,Programming,Paid,2025-07-16,472.28
TT09188,U02153,18,Female,CR00044,Finance,Paid,2025-10-08,119.04
TT09189,U02155,16,Female,CR00031,Cybersecurity,Free,2025-08-29,0.0
TT09190,U02161,23,Female,CR00006,Design,Paid,2025-11-11,276.37
TT09191,U02199,27,Male,CR00052,Web Development,Free,2025-08-04,0.0
TT09192,U02212,33,Male,CR00013,Business,Free,2025-08-04,0.0
TT09193,U02215,32,Male,CR00013,Business,Free,2025-11-12,0.0
TT09194,U02217,21,Male,CR00015,Business,Paid,2025-08-06,285.05
TT09195,U02224,18,Female,CR00057,Digital Marketing,Paid,2025-05-19,177.34
TT09196,U02231,20,Male,CR00056,Digital Marketing,Paid,2025-07-28,212.39
TT09197,U02248,29,Male,CR00040,Project Management,Paid,2025-08-10,327.99
TT09198,U02250,19,Female,CR00052,Web Development,Free,2025-08-22,0.0
TT09199,U02254,17,Female,CR00004,Programming,Free,2025-09-21,0.0
TT09200,U02258,21,Male,CR00044,Finance,Paid,2025-12-07,119.04
TT09201,U02284,28,Male,CR00058,Digital Marketing,Free,2025-06-04,0.0
TT09202,U02288,32,Female,CR00055,Web Development,Paid,2025-04-27,57.32
TT09203,U02290,25,Male,CR00019,Marketing,Free,2025-03-10,0.0
TT09204,U02300,35,Male,CR00009,Design,Free,2025-03-11,0.0
TT09205,U02301,18,Female,CR00059,Digital Marketing,Free,2025-02-22,0.0
TT09206,U02306,18,Female,CR00055,Web Development,Paid,2025-11-28,57.32
TT09207,U02315,34,Male,CR00016,Marketing,Free,2025-09-28,0.0
TT09208,U02336,17,Female,CR00045,Finance,Free,2025-03-06,0.0
TT09209,U02337,18,Female,CR00013,Business,Free,2025-01-04,0.0
TT09210,U02341,17,Male,CR00046,Artificial Intelligence,Paid,2025-08-01,248.1
TT09211,U02344,26,Male,CR00037,Project Management,Free,2025-01-21,0.0
TT09212,U02349,27,Male,CR00058,Digital Marketing,Free,2025-01-23,0.0
TT09213,U02370,24,Male,CR00051,Web Development,Paid,2025-12-20,37.89
TT09214,U02410,18,Male,CR00026,Machine Learning,Free,2025-02-25,0.0
TT09215,U02427,31,Female,CR00033,Cybersecurity,Free,2025-06-29,0.0
TT09216,U02432,30,Female,CR00021,Data Science,Free,2025-04-29,0.0
TT09217,U02445,26,Female,CR00012,Business,Paid,2025-11-03,487.92
TT09218,U02459,33,Male,CR00023,Data Science,Free,2025-10-06,0.0
TT09219,U02470,34,Male,CR00010,Design,Free,2025-11-05,0.0
TT09220,U02485,22,Male,CR00008,Design,Free,2025-12-10,0.0
TT09221,U02490,24,Female,CR00010,Design,Free,2025-04-22,0.0
TT09222,U02512,15,Female,CR00040,Project Management,Paid,2025-06-04,327.99
TT09223,U02515,15,Male,CR00006,Design,Paid,2025-04-17,276.37
TT09224,U02537,31,Female,CR00010,Design,Free,2025-06-09,0.0
TT09225,U02540,33,Female,CR00028,Machine Learning,Paid,2025-06-27,0.78
TT09226,U02564,19,Female,CR00034,Cybersecurity,Paid,2025-11-27,394.26
TT09227,U02566,30,Female,CR00054,Web Development,Free,2025-04-30,0.0
TT09228,U02582,23,Male,CR00032,Cybersecurity,Free,2025-06-05,0.0
TT09229,U02583,33,Male,CR00025,Data Science,Paid,2025-04-18,299.57
TT09230,U02602,33,Male,CR00020,Marketing,Free,2025-10-27,0.0
TT09231,U02612,22,Male,CR00033,Cybersecurity,Free,2025-02-18,0.0
TT09232,U02614,30,Female,CR00033,Cybersecurity,Free,2025-03-03,0.0
TT09233,U02616,19,Female,CR00020,Marketing,Free,2025-11-21,0.0
TT09234,U02623,32,Female,CR00044,Finance,Paid,2025-11-22,119.04
TT09235,U02630,20,Male,CR00034,Cybersecurity,Paid,2025-11-09,394.26
TT09236,U02633,19,Female,CR00014,Business,Free,2025-05-29,0.0
TT09237,U02643,17,Female,CR00049,Artificial Intelligence,Paid,2025-01-08,415.51
TT09238,U02645,26,Female,CR00019,Marketing,Free,2025-07-20,0.0
TT09239,U02651,16,Female,CR00033,Cybersecurity,Free,2025-11-10,0.0
TT09240,U02663,27,Female,CR00029,Machine Learning,Free,2025-05-23,0.0
TT09241,U02679,18,Male,CR00013,Business,Free,2025-12-25,0.0
TT09242,U02683,28,Male,CR00046,Artificial Intelligence,Paid,2025-07-28,248.1
TT09243,U02684,28,Male,CR00025,Data Science,Paid,2025-12-01,299.57
TT09244,U02698,18,Female,CR00012,Business,Paid,2025-03-10,487.92
TT09245,U02733,31,Male,CR00035,Cybersecurity,Free,2025-10-27,0.0
TT09246,U02743,33,Male,CR00058,Digital Marketing,Free,2025-03-06,0.0
TT09247,U02754,34,Male,CR00029,Machine Learning,Free,2025-10-19,0.0
TT09248,U02767,31,Male,CR00058,Digital Marketing,Free,2025-09-08,0.0
TT09249,U02770,31,Male,CR00032,Cybersecurity,Free,2025-10-30,0.0
TT09250,U02775,24,Female,CR00054,Web Development,Free,2025-02-25,0.0
TT09251,U02786,25,Male,CR00006,Design,Paid,2025-01-24,276.37
TT09252,U02788,20,Female,CR00028,Machine Learning,Paid,2025-12-03,0.78
TT09253,U02791,27,Male,CR00060,Digital Marketing,Free,2025-06-21,0.0
TT09254,U02792,27,Female,CR00047,Artificial Intelligence,Paid,2025-11-08,89.59
TT09255,U02793,22,Female,CR00053,Web Development,Free,2025-10-14,0.0
TT09256,U02821,27,Male,CR00043,Finance,Free,2025-12-14,0.0
TT09257,U02825,34,Male,CR00014,Business,Free,2025-11-12,0.0
TT09258,U02832,31,Male,CR00007,Design,Free,2025-10-22,0.0
TT09259,U02843,26,Male,CR00047,Artificial Intelligence,Paid,2025-06-26,89.59
TT09260,U02844,21,Female,CR00010,Design,Free,2025-08-13,0.0
TT09261,U02850,25,Female,CR00047,Artificial Intelligence,Paid,2025-07-07,89.59
TT09262,U02857,35,Male,CR00042,Finance,Free,2025-10-27,0.0
TT09263,U02874,32,Male,CR00014,Business,Free,2025-09-16,0.0
TT09264,U02883,16,Female,CR00020,Marketing,Free,2025-12-01,0.0
TT09265,U02899,28,Female,CR00023,Data Science,Free,2025-06-14,0.0
TT09266,U02909,19,Female,CR00043,Finance,Free,2025-02-19,0.0
TT09267,U02915,33,Female,CR00029,Machine Learning,Free,2025-07-17,0.0
TT09268,U02916,20,Male,CR00015,Business,Paid,2025-04-07,285.05
TT09269,U02927,20,Male,CR00054,Web Development,Free,2025-09-22,0.0
TT09270,U02931,28,Female,CR00021,Data Science,Free,2025-08-21,0.0
TT09271,U02937,23,Male,CR00060,Digital Marketing,Free,2025-11-25,0.0
TT09272,U02945,23,Female,CR00041,Finance,Paid,2025-01-09,53.86
TT09273,U02958,33,Male,CR00032,Cybersecurity,Free,2025-07-02,0.0
TT09274,U02969,18,Female,CR00043,Finance,Free,2025-08-18,0.0
TT09275,U02971,20,Female,CR00023,Data Science,Free,2025-04-22,0.0
TT09276,U02974,31,Female,CR00023,Data Science,Free,2025-12-24,0.0
TT09277,U02976,28,Female,CR00011,Business,Paid,2025-05-08,326.02
TT09278,U02980,27,Male,CR00008,Design,Free,2025-10-08,0.0
TT09279,U02981,23,Male,CR00009,Design,Free,2025-09-20,0.0
TT09280,U02984,35,Female,CR00012,Business,Paid,2025-03-12,487.92
TT09281,U02989,22,Male,CR00035,Cybersecurity,Free,2025-08-27,0.0
TT09282,U02994,31,Female,CR00013,Business,Free,2025-01-26,0.0
TT09283,U00004,23,Female,CR00016,Marketing,Free,2025-05-12,0.0
TT09284,U00015,27,Female,CR00004,Programming,Free,2025-01-26,0.0
TT09285,U00018,24,Female,CR00056,Digital Marketing,Paid,2025-07-27,212.39
TT09286,U00045,23,Female,CR00038,Project Management,Paid,2025-04-14,342.61
TT09287,U00048,19,Male,CR00055,Web Development,Paid,2025-08-18,57.32
TT09288,U00055,31,Female,CR00039,Project Management,Paid,2025-08-03,346.71
TT09289,U00071,30,Female,CR00019,Marketing,Free,2025-05-19,0.0
TT09290,U00083,16,Male,CR00049,Artificial Intelligence,Paid,2025-11-26,415.51
TT09291,U00085,22,Female,CR00033,Cybersecurity,Free,2025-02-02,0.0
TT09292,U00109,15,Female,CR00060,Digital Marketing,Free,2025-03-04,0.0
TT09293,U00117,19,Female,CR00003,Programming,Free,2025-08-01,0.0
TT09294,U00126,23,Female,CR00056,Digital Marketing,Paid,2025-04-18,212.39
TT09295,U00134,26,Female,CR00024,Data Science,Paid,2025-12-30,117.68
TT09296,U00144,24,Female,CR00030,Machine Learning,Free,2025-08-04,0.0
TT09297,U00147,30,Male,CR00040,Project Management,Paid,2025-07-16,327.99
TT09298,U00149,17,Female,CR00019,Marketing,Free,2025-01-20,0.0
TT09299,U00161,25,Female,CR00013,Business,Free,2025-08-17,0.0
TT09300,U00166,33,Male,CR00035,Cybersecurity,Free,2025-12-05,0.0
TT09301,U00169,24,Male,CR00005,Programming,Free,2025-04-17,0.0
TT09302,U00173,31,Male,CR00054,Web Development,Free,2025-01-21,0.0
TT09303,U00178,20,Male,CR00003,Programming,Free,2025-11-12,0.0
TT09304,U00191,34,Male,CR00040,Project Management,Paid,2025-06-17,327.99
TT09305,U00192,17,Male,CR00025,Data Science,Paid,2025-04-09,299.57
TT09306,U00208,18,Female,CR00014,Business,Free,2025-12-07,0.0
TT09307,U00216,23,Male,CR00022,Data Science,Free,2025-01-23,0.0
TT09308,U00220,20,Male,CR00025,Data Science,Paid,2025-04-05,299.57
TT09309,U00238,24,Female,CR00043,Finance,Free,2025-06-27,0.0
TT09310,U00251,28,Female,CR00005,Programming,Free,2025-08-09,0.0
TT09311,U00260,35,Male,CR00015,Business,Paid,2025-02-23,285.05
TT09312,U00265,15,Male,CR00011,Business,Paid,2025-04-02,326.02
TT09313,U00272,25,Male,CR00053,Web Development,Free,2025-03-28,0.0
TT09314,U00282,19,Male,CR00015,Business,Paid,2025-12-23,285.05
TT09315,U00292,33,Male,CR00031,Cybersecurity,Free,2025-09-16,0.0
TT09316,U00293,25,Female,CR00011,Business,Paid,2025-01-08,326.02
TT09317,U00298,32,Male,CR00013,Business,Free,2025-03-20,0.0
TT09318,U00301,26,Male,CR00042,Finance,Free,2025-08-30,0.0
TT09319,U00303,35,Male,CR00033,Cybersecurity,Free,2025-09-22,0.0
TT09320,U00310,26,Female,CR00039,Project Management,Paid,2025-11-08,346.71
TT09321,U00315,31,Female,CR00022,Data Science,Free,2025-12-19,0.0
TT09322,U00321,28,Male,CR00033,Cybersecurity,Free,2025-12-12,0.0
TT09323,U00322,23,Male,CR00044,Finance,Paid,2025-09-16,119.04
TT09324,U00323,21,Female,CR00024,Data Science,Paid,2025-02-28,117.68
TT09325,U00328,29,Female,CR00044,Finance,Paid,2025-03-02,119.04
TT09326,U00329,20,Female,CR00044,Finance,Paid,2025-06-04,119.04
TT09327,U00330,15,Female,CR00006,Design,Paid,2025-11-19,276.37
TT09328,U00334,24,Female,CR00003,Programming,Free,2025-06-22,0.0
TT09329,U00338,23,Female,CR00022,Data Science,Free,2025-08-06,0.0
TT09330,U00339,29,Male,CR00043,Finance,Free,2025-01-03,0.0
TT09331,U00340,30,Male,CR00051,Web Development,Paid,2025-10-08,37.89
TT09332,U00345,16,Male,CR00014,Business,Free,2025-02-09,0.0
TT09333,U00351,18,Female,CR00022,Data Science,Free,2025-12-10,0.0
TT09334,U00352,28,Male,CR00029,Machine Learning,Free,2025-09-05,0.0
TT09335,U00357,15,Female,CR00040,Project Management,Paid,2025-03-17,327.99
TT09336,U00362,16,Male,CR00002,Programming,Free,2025-11-13,0.0
TT09337,U00365,30,Female,CR00043,Finance,Free,2025-03-09,0.0
TT09338,U00379,20,Male,CR00040,Project Management,Paid,2025-12-11,327.99
TT09339,U00383,29,Female,CR00047,Artificial Intelligence,Paid,2025-03-25,89.59
TT09340,U00394,30,Female,CR00045,Finance,Free,2025-02-17,0.0
TT09341,U00399,31,Female,CR00046,Artificial Intelligence,Paid,2025-07-17,248.1
TT09342,U00404,21,Female,CR00046,Artificial Intelligence,Paid,2025-12-06,248.1
TT09343,U00406,33,Male,CR00021,Data Science,Free,2025-07-06,0.0
TT09344,U00407,23,Male,CR00059,Digital Marketing,Free,2025-08-07,0.0
TT09345,U00411,17,Female,CR00023,Data Science,Free,2025-11-25,0.0
TT09346,U00427,29,Female,CR00053,Web Development,Free,2025-12-13,0.0
TT09347,U00438,21,Male,CR00058,Digital Marketing,Free,2025-09-10,0.0
TT09348,U00449,33,Female,CR00041,Finance,Paid,2025-05-24,53.86
TT09349,U00450,20,Male,CR00018,Marketing,Free,2025-10-27,0.0
TT09350,U00464,25,Male,CR00016,Marketing,Free,2025-03-17,0.0
TT09351,U00494,26,Male,CR00049,Artificial Intelligence,Paid,2025-08-21,415.51
TT09352,U00548,32,Female,CR00059,Digital Marketing,Free,2025-07-25,0.0
TT09353,U00556,25,Female,CR00050,Artificial Intelligence,Paid,2025-03-18,490.9
TT09354,U00562,23,Female,CR00051,Web Development,Paid,2025-02-18,37.89
TT09355,U00570,27,Male,CR00035,Cybersecurity,Free,2025-06-07,0.0
TT09356,U00572,32,Male,CR00047,Artificial Intelligence,Paid,2025-05-27,89.59
TT09357,U00574,33,Female,CR00059,Digital Marketing,Free,2025-03-19,0.0
TT09358,U00576,16,Male,CR00056,Digital Marketing,Paid,2025-03-04,212.39
TT09359,U00584,31,Female,CR00045,Finance,Free,2025-10-12,0.0
TT09360,U00592,18,Female,CR00026,Machine Learning,Free,2025-02-08,0.0
TT09361,U00595,29,Male,CR00039,Project Management,Paid,2025-11-21,346.71
TT09362,U00604,30,Female,CR00003,Programming,Free,2025-10-05,0.0
TT09363,U00619,32,Female,CR00008,Design,Free,2025-12-15,0.0
TT09364,U00622,28,Female,CR00048,Artificial Intelligence,Free,2025-02-12,0.0
TT09365,U00633,35,Female,CR00053,Web Development,Free,2025-01-27,0.0
TT09366,U00636,21,Female,CR00022,Data Science,Free,2025-05-21,0.0
TT09367,U00639,33,Female,CR00010,Design,Free,2025-01-25,0.0
TT09368,U00666,30,Female,CR00019,Marketing,Free,2025-10-09,0.0
TT09369,U00687,29,Female,CR00052,Web Development,Free,2025-01-03,0.0
TT09370,U00701,32,Male,CR00052,Web Development,Free,2025-09-20,0.0
TT09371,U00704,30,Male,CR00060,Digital Marketing,Free,2025-02-17,0.0
TT09372,U00709,23,Female,CR00053,Web Development,Free,2025-04-04,0.0
TT09373,U00723,35,Male,CR00037,Project Management,Free,2025-03-10,0.0
TT09374,U00724,16,Female,CR00011,Business,Paid,2025-06-09,326.02
TT09375,U00752,30,Male,CR00039,Project Management,Paid,2025-06-09,346.71
TT09376,U00760,21,Female,CR00042,Finance,Free,2025-12-23,0.0
TT09377,U00765,31,Female,CR00040,Project Management,Paid,2025-10-23,327.99
TT09378,U00767,16,Female,CR00037,Project Management,Free,2025-01-09,0.0
TT09379,U00772,24,Female,CR00038,Project Management,Paid,2025-07-26,342.61
TT09380,U00775,29,Female,CR00059,Digital Marketing,Free,2025-08-19,0.0
TT09381,U00787,29,Female,CR00030,Machine Learning,Free,2025-03-16,0.0
TT09382,U00819,28,Female,CR00021,Data Science,Free,2025-04-11,0.0
TT09383,U00821,23,Male,CR00001,Programming,Paid,2025-12-07,472.28
TT09384,U00829,22,Male,CR00042,Finance,Free,2025-02-08,0.0
TT09385,U00836,29,Female,CR00002,Programming,Free,2025-05-25,0.0
TT09386,U00850,26,Male,CR00047,Artificial Intelligence,Paid,2025-04-01,89.59
TT09387,U00858,20,Male,CR00045,Finance,Free,2025-02-12,0.0
TT09388,U00870,22,Male,CR00051,Web Development,Paid,2025-08-04,37.89
TT09389,U00876,27,Male,CR00057,Digital Marketing,Paid,2025-01-03,177.34
TT09390,U00881,34,Female,CR00040,Project Management,Paid,2025-04-29,327.99
TT09391,U00898,24,Female,CR00028,Machine Learning,Paid,2025-07-29,0.78
TT09392,U00903,29,Female,CR00019,Marketing,Free,2025-05-23,0.0
TT09393,U00907,23,Female,CR00037,Project Management,Free,2025-08-29,0.0
TT09394,U00911,15,Female,CR00011,Business,Paid,2025-01-26,326.02
TT09395,U00915,24,Female,CR00049,Artificial Intelligence,Paid,2025-01-11,415.51
TT09396,U00917,28,Female,CR00032,Cybersecurity,Free,2025-03-16,0.0
TT09397,U00919,28,Male,CR00015,Business,Paid,2025-10-03,285.05
TT09398,U00961,31,Male,CR00019,Marketing,Free,2025-06-27,0.0
TT09399,U00976,30,Male,CR00009,Design,Free,2025-05-29,0.0
TT09400,U00981,34,Male,CR00007,Design,Free,2025-04-11,0.0
TT09401,U00997,34,Female,CR00007,Design,Free,2025-08-24,0.0
TT09402,U01000,16,Female,CR00001,Programming,Paid,2025-07-03,472.28
TT09403,U01015,29,Male,CR00055,Web Development,Paid,2025-12-25,57.32
TT09404,U01020,28,Male,CR00018,Marketing,Free,2025-08-16,0.0
TT09405,U01022,17,Male,CR00058,Digital Marketing,Free,2025-02-08,0.0
TT09406,U01031,15,Male,CR00006,Design,Paid,2025-05-21,276.37
TT09407,U01033,30,Male,CR00058,Digital Marketing,Free,2025-01-04,0.0
TT09408,U01034,18,Female,CR00048,Artificial Intelligence,Free,2025-11-19,0.0
TT09409,U01066,19,Female,CR00042,Finance,Free,2025-05-11,0.0
TT09410,U01079,21,Male,CR00017,Marketing,Free,2025-04-22,0.0
TT09411,U01083,29,Male,CR00013,Business,Free,2025-04-05,0.0
TT09412,U01092,34,Female,CR00048,Artificial Intelligence,Free,2025-11-23,0.0
TT09413,U01096,18,Male,CR00045,Finance,Free,2025-01-07,0.0
TT09414,U01151,28,Female,CR00013,Business,Free,2025-11-01,0.0
TT09415,U01158,35,Male,CR00010,Design,Free,2025-07-09,0.0
TT09416,U01163,24,Male,CR00007,Design,Free,2025-06-23,0.0
TT09417,U01167,16,Female,CR00052,Web Development,Free,2025-07-08,0.0
TT09418,U01170,27,Female,CR00011,Business,Paid,2025-05-07,326.02
TT09419,U01197,28,Male,CR00055,Web Development,Paid,2025-01-01,57.32
TT09420,U01203,15,Male,CR00019,Marketing,Free,2025-12-27,0.0
TT09421,U01231,21,Female,CR00056,Digital Marketing,Paid,2025-09-28,212.39
TT09422,U01233,28,Male,CR00046,Artificial Intelligence,Paid,2025-11-21,248.1
TT09423,U01235,27,Female,CR00057,Digital Marketing,Paid,2025-04-02,177.34
TT09424,U01237,24,Male,CR00057,Digital Marketing,Paid,2025-06-28,177.34
TT09425,U01244,30,Female,CR00036,Project Management,Free,2025-10-14,0.0
TT09426,U01250,27,Female,CR00047,Artificial Intelligence,Paid,2025-03-03,89.59
TT09427,U01261,25,Male,CR00012,Business,Paid,2025-11-01,487.92
TT09428,U01267,30,Female,CR00018,Marketing,Free,2025-08-10,0.0
TT09429,U01268,33,Male,CR00056,Digital Marketing,Paid,2025-08-07,212.39
TT09430,U01277,26,Female,CR00052,Web Development,Free,2025-01-10,0.0
TT09431,U01280,26,Female,CR00038,Project Management,Paid,2025-01-17,342.61
TT09432,U01281,23,Female,CR00024,Data Science,Paid,2025-10-15,117.68
TT09433,U01284,34,Female,CR00045,Finance,Free,2025-05-22,0.0
TT09434,U01286,27,Male,CR00023,Data Science,Free,2025-10-15,0.0
TT09435,U01287,33,Female,CR00015,Business,Paid,2025-11-20,285.05
TT09436,U01290,16,Male,CR00005,Programming,Free,2025-08-06,0.0
TT09437,U01318,18,Female,CR00018,Marketing,Free,2025-11-07,0.0
TT09438,U01321,35,Male,CR00003,Programming,Free,2025-11-09,0.0
TT09439,U01322,26,Female,CR00032,Cybersecurity,Free,2025-12-05,0.0
TT09440,U01331,16,Male,CR00023,Data Science,Free,2025-12-11,0.0
TT09441,U01334,35,Female,CR00030,Machine Learning,Free,2025-11-19,0.0
TT09442,U01336,33,Male,CR00027,Machine Learning,Free,2025-05-18,0.0
TT09443,U01337,32,Female,CR00053,Web Development,Free,2025-06-11,0.0
TT09444,U01343,32,Male,CR00004,Programming,Free,2025-09-21,0.0
TT09445,U01344,25,Female,CR00037,Project Management,Free,2025-11-26,0.0
TT09446,U01346,16,Male,CR00049,Artificial Intelligence,Paid,2025-10-14,415.51
TT09447,U01347,20,Male,CR00044,Finance,Paid,2025-05-29,119.04
TT09448,U01350,16,Female,CR00056,Digital Marketing,Paid,2025-02-14,212.39
TT09449,U01352,25,Male,CR00057,Digital Marketing,Paid,2025-04-27,177.34
TT09450,U01355,28,Female,CR00017,Marketing,Free,2025-06-22,0.0
TT09451,U01364,16,Female,CR00031,Cybersecurity,Free,2025-01-10,0.0
TT09452,U01365,25,Male,CR00006,Design,Paid,2025-10-25,276.37
TT09453,U01394,26,Female,CR00021,Data Science,Free,2025-07-27,0.0
TT09454,U01397,28,Male,CR00043,Finance,Free,2025-02-26,0.0
TT09455,U01399,20,Male,CR00011,Business,Paid,2025-02-01,326.02
TT09456,U01405,35,Male,CR00014,Business,Free,2025-03-09,0.0
TT09457,U01411,21,Male,CR00008,Design,Free,2025-10-20,0.0
TT09458,U01414,35,Female,CR00034,Cybersecurity,Paid,2025-10-04,394.26
TT09459,U01429,31,Female,CR00010,Design,Free,2025-03-21,0.0
TT09460,U01430,19,Female,CR00010,Design,Free,2025-12-03,0.0
TT09461,U01432,17,Female,CR00050,Artificial Intelligence,Paid,2025-02-09,490.9
TT09462,U01435,16,Male,CR00013,Business,Free,2025-03-30,0.0
TT09463,U01450,16,Female,CR00014,Business,Free,2025-02-16,0.0
TT09464,U01451,17,Male,CR00014,Business,Free,2025-06-18,0.0
TT09465,U01455,22,Female,CR00045,Finance,Free,2025-12-14,0.0
TT09466,U01460,32,Female,CR00025,Data Science,Paid,2025-07-23,299.57
TT09467,U01463,30,Female,CR00026,Machine Learning,Free,2025-03-18,0.0
TT09468,U01472,27,Female,CR00051,Web Development,Paid,2025-03-29,37.89
TT09469,U01473,17,Female,CR00008,Design,Free,2025-01-18,0.0
TT09470,U01475,20,Male,CR00053,Web Development,Free,2025-03-01,0.0
TT09471,U01497,35,Female,CR00052,Web Development,Free,2025-09-29,0.0
TT09472,U01500,15,Male,CR00032,Cybersecurity,Free,2025-11-30,0.0
TT09473,U01506,34,Male,CR00024,Data Science,Paid,2025-04-04,117.68
TT09474,U01512,19,Male,CR00019,Marketing,Free,2025-05-09,0.0
TT09475,U01517,26,Male,CR00024,Data Science,Paid,2025-04-30,117.68
TT09476,U01522,31,Female,CR00026,Machine Learning,Free,2025-07-18,0.0
TT09477,U01526,20,Male,CR00030,Machine Learning,Free,2025-08-20,0.0
TT09478,U01530,16,Male,CR00026,Machine Learning,Free,2025-11-03,0.0
TT09479,U01531,30,Female,CR00019,Marketing,Free,2025-11-03,0.0
TT09480,U01536,33,Female,CR00012,Business,Paid,2025-12-06,487.92
TT09481,U01543,25,Female,CR00047,Artificial Intelligence,Paid,2025-11-11,89.59
TT09482,U01553,27,Male,CR00048,Artificial Intelligence,Free,2025-02-16,0.0
TT09483,U01575,15,Female,CR00033,Cybersecurity,Free,2025-08-04,0.0
TT09484,U01578,26,Male,CR00033,Cybersecurity,Free,2025-04-28,0.0
TT09485,U01585,27,Male,CR00002,Programming,Free,2025-03-01,0.0
TT09486,U01602,31,Female,CR00004,Programming,Free,2025-12-01,0.0
TT09487,U01618,15,Female,CR00052,Web Development,Free,2025-03-11,0.0
TT09488,U01627,23,Female,CR00054,Web Development,Free,2025-12-09,0.0
TT09489,U01628,26,Male,CR00058,Digital Marketing,Free,2025-03-10,0.0
TT09490,U01635,18,Female,CR00041,Finance,Paid,2025-12-24,53.86
TT09491,U01647,17,Female,CR00032,Cybersecurity,Free,2025-12-05,0.0
TT09492,U01654,22,Female,CR00002,Programming,Free,2025-09-06,0.0
TT09493,U01656,27,Male,CR00057,Digital Marketing,Paid,2025-08-08,177.34
TT09494,U01662,28,Male,CR00018,Marketing,Free,2025-04-21,0.0
TT09495,U01666,28,Female,CR00032,Cybersecurity,Free,2025-05-29,0.0
TT09496,U01671,25,Male,CR00041,Finance,Paid,2025-09-24,53.86
TT09497,U01674,27,Female,CR00017,Marketing,Free,2025-09-17,0.0
TT09498,U01695,32,Male,CR00001,Programming,Paid,2025-10-23,472.28
TT09499,U01708,22,Male,CR00044,Finance,Paid,2025-01-10,119.04
TT09500,U01720,21,Female,CR00013,Business,Free,2025-08-20,0.0
TT09501,U01721,15,Female,CR00051,Web Development,Paid,2025-08-10,37.89
TT09502,U01724,17,Male,CR00018,Marketing,Free,2025-03-08,0.0
TT09503,U01726,32,Female,CR00025,Data Science,Paid,2025-04-11,299.57
TT09504,U01729,29,Female,CR00002,Programming,Free,2025-12-02,0.0
TT09505,U01745,21,Female,CR00049,Artificial Intelligence,Paid,2025-06-02,415.51
TT09506,U01746,24,Male,CR00056,Digital Marketing,Paid,2025-11-05,212.39
TT09507,U01762,33,Male,CR00056,Digital Marketing,Paid,2025-07-18,212.39
TT09508,U01773,17,Male,CR00049,Artificial Intelligence,Paid,2025-03-11,415.51
TT09509,U01786,25,Female,CR00042,Finance,Free,2025-08-05,0.0
TT09510,U01789,33,Female,CR00041,Finance,Paid,2025-05-10,53.86
TT09511,U01795,15,Female,CR00027,Machine Learning,Free,2025-01-11,0.0
TT09512,U01805,21,Male,CR00033,Cybersecurity,Free,2025-11-06,0.0
TT09513,U01812,17,Male,CR00028,Machine Learning,Paid,2025-03-25,0.78
TT09514,U01820,24,Male,CR00013,Business,Free,2025-11-17,0.0
TT09515,U01822,22,Male,CR00018,Marketing,Free,2025-01-05,0.0
TT09516,U01825,25,Male,CR00030,Machine Learning,Free,2025-05-13,0.0
TT09517,U01842,33,Female,CR00009,Design,Free,2025-07-07,0.0
TT09518,U01854,16,Male,CR00055,Web Development,Paid,2025-06-04,57.32
TT09519,U01872,28,Female,CR00020,Marketing,Free,2025-05-19,0.0
TT09520,U01876,17,Male,CR00044,Finance,Paid,2025-01-24,119.04
TT09521,U01877,19,Male,CR00027,Machine Learning,Free,2025-07-06,0.0
TT09522,U01879,32,Female,CR00028,Machine Learning,Paid,2025-03-01,0.78
TT09523,U01896,32,Female,CR00060,Digital Marketing,Free,2025-11-02,0.0
TT09524,U01900,19,Male,CR00030,Machine Learning,Free,2025-06-17,0.0
TT09525,U01906,19,Male,CR00023,Data Science,Free,2025-04-04,0.0
TT09526,U01917,18,Female,CR00027,Machine Learning,Free,2025-05-25,0.0
TT09527,U01918,23,Male,CR00017,Marketing,Free,2025-09-11,0.0
TT09528,U01920,33,Male,CR00048,Artificial Intelligence,Free,2025-01-09,0.0
TT09529,U01926,26,Female,CR00026,Machine Learning,Free,2025-04-14,0.0
TT09530,U01929,19,Male,CR00035,Cybersecurity,Free,2025-03-21,0.0
TT09531,U01934,22,Male,CR00008,Design,Free,2025-08-27,0.0
TT09532,U01943,17,Male,CR00042,Finance,Free,2025-02-23,0.0
TT09533,U01953,19,Male,CR00002,Programming,Free,2025-03-09,0.0
TT09534,U01959,26,Female,CR00032,Cybersecurity,Free,2025-10-29,0.0
TT09535,U01961,30,Male,CR00021,Data Science,Free,2025-11-15,0.0
TT09536,U01979,25,Female,CR00025,Data Science,Paid,2025-05-24,299.57
TT09537,U01989,26,Female,CR00053,Web Development,Free,2025-01-29,0.0
TT09538,U01993,23,Female,CR00009,Design,Free,2025-03-16,0.0
TT09539,U01998,23,Male,CR00034,Cybersecurity,Paid,2025-11-02,394.26
TT09540,U02010,31,Male,CR00035,Cybersecurity,Free,2025-05-04,0.0
TT09541,U02015,30,Male,CR00014,Business,Free,2025-05-27,0.0
TT09542,U02035,32,Male,CR00026,Machine Learning,Free,2025-09-05,0.0
TT09543,U02038,32,Female,CR00003,Programming,Free,2025-11-18,0.0
TT09544,U02039,29,Male,CR00035,Cybersecurity,Free,2025-03-15,0.0
TT09545,U02055,33,Female,CR00012,Business,Paid,2025-07-15,487.92
TT09546,U02064,35,Male,CR00040,Project Management,Paid,2025-07-02,327.99
TT09547,U02068,15,Male,CR00060,Digital Marketing,Free,2025-04-25,0.0
TT09548,U02071,24,Male,CR00017,Marketing,Free,2025-01-28,0.0
TT09549,U02074,27,Female,CR00047,Artificial Intelligence,Paid,2025-10-19,89.59
TT09550,U02077,24,Male,CR00023,Data Science,Free,2025-10-04,0.0
TT09551,U02096,31,Male,CR00010,Design,Free,2025-12-07,0.0
TT09552,U02098,25,Male,CR00056,Digital Marketing,Paid,2025-05-14,212.39
TT09553,U02125,31,Female,CR00038,Project Management,Paid,2025-11-27,342.61
TT09554,U02144,15,Male,CR00049,Artificial Intelligence,Paid,2025-07-08,415.51
TT09555,U02147,33,Male,CR00034,Cybersecurity,Paid,2025-11-11,394.26
TT09556,U02149,21,Female,CR00031,Cybersecurity,Free,2025-10-02,0.0
TT09557,U02152,35,Female,CR00038,Project Management,Paid,2025-11-09,342.61
TT09558,U02153,18,Female,CR00001,Programming,Paid,2025-03-04,472.28
TT09559,U02161,23,Female,CR00007,Design,Free,2025-04-03,0.0
TT09560,U02174,17,Female,CR00050,Artificial Intelligence,Paid,2025-06-10,490.9
TT09561,U02212,33,Male,CR00058,Digital Marketing,Free,2025-05-01,0.0
TT09562,U02217,21,Male,CR00051,Web Development,Paid,2025-06-08,37.89
TT09563,U02231,20,Male,CR00017,Marketing,Free,2025-04-25,0.0
TT09564,U02248,29,Male,CR00055,Web Development,Paid,2025-11-14,57.32
TT09565,U02254,17,Female,CR00059,Digital Marketing,Free,2025-09-23,0.0
TT09566,U02258,21,Male,CR00051,Web Development,Paid,2025-08-23,37.89
TT09567,U02288,32,Female,CR00008,Design,Free,2025-08-11,0.0
TT09568,U02290,25,Male,CR00016,Marketing,Free,2025-12-11,0.0
TT09569,U02300,35,Male,CR00051,Web Development,Paid,2025-09-23,37.89
TT09570,U02301,18,Female,CR00058,Digital Marketing,Free,2025-07-30,0.0
TT09571,U02306,18,Female,CR00026,Machine Learning,Free,2025-04-08,0.0
TT09572,U02315,34,Male,CR00041,Finance,Paid,2025-06-09,53.86
TT09573,U02336,17,Female,CR00031,Cybersecurity,Free,2025-08-01,0.0
TT09574,U02341,17,Male,CR00006,Design,Paid,2025-05-04,276.37
TT09575,U02344,26,Male,CR00050,Artificial Intelligence,Paid,2025-11-14,490.9
TT09576,U02345,31,Male,CR00039,Project Management,Paid,2025-02-28,346.71
TT09577,U02349,27,Male,CR00052,Web Development,Free,2025-01-28,0.0
TT09578,U02370,24,Male,CR00011,Business,Paid,2025-07-18,326.02
TT09579,U02371,34,Female,CR00057,Digital Marketing,Paid,2025-01-02,177.34
TT09580,U02410,18,Male,CR00020,Marketing,Free,2025-12-24,0.0
TT09581,U02415,33,Male,CR00059,Digital Marketing,Free,2025-08-06,0.0
TT09582,U02427,31,Female,CR00015,Business,Paid,2025-04-20,285.05
TT09583,U02432,30,Female,CR00001,Programming,Paid,2025-04-12,472.28
TT09584,U02445,26,Female,CR00042,Finance,Free,2025-12-18,0.0
TT09585,U02459,33,Male,CR00057,Digital Marketing,Paid,2025-07-03,177.34
TT09586,U02470,34,Male,CR00033,Cybersecurity,Free,2025-05-15,0.0
TT09587,U02485,22,Male,CR00041,Finance,Paid,2025-05-09,53.86
TT09588,U02490,24,Female,CR00048,Artificial Intelligence,Free,2025-03-20,0.0
TT09589,U02512,15,Female,CR00002,Programming,Free,2025-10-12,0.0
TT09590,U02515,15,Male,CR00040,Project Management,Paid,2025-05-26,327.99
TT09591,U02540,33,Female,CR00060,Digital Marketing,Free,2025-01-11,0.0
TT09592,U02541,18,Female,CR00055,Web Development,Paid,2025-02-01,57.32
TT09593,U02542,35,Female,CR00057,Digital Marketing,Paid,2025-12-04,177.34
TT09594,U02566,30,Female,CR00003,Programming,Free,2025-07-05,0.0
TT09595,U02582,23,Male,CR00055,Web Development,Paid,2025-09-10,57.32
TT09596,U02583,33,Male,CR00031,Cybersecurity,Free,2025-09-05,0.0
TT09597,U02593,16,Male,CR00022,Data Science,Free,2025-09-16,0.0
TT09598,U02602,33,Male,CR00023,Data Science,Free,2025-03-16,0.0
TT09599,U02605,22,Male,CR00056,Digital Marketing,Paid,2025-07-23,212.39
TT09600,U02612,22,Male,CR00053,Web Development,Free,2025-09-27,0.0
TT09601,U02616,19,Female,CR00017,Marketing,Free,2025-01-10,0.0
TT09602,U02630,20,Male,CR00009,Design,Free,2025-04-24,0.0
TT09603,U02633,19,Female,CR00059,Digital Marketing,Free,2025-06-21,0.0
TT09604,U02643,17,Female,CR00045,Finance,Free,2025-10-08,0.0
TT09605,U02645,26,Female,CR00009,Design,Free,2025-08-06,0.0
TT09606,U02651,16,Female,CR00040,Project Management,Paid,2025-12-21,327.99
TT09607,U02663,27,Female,CR00045,Finance,Free,2025-10-09,0.0
TT09608,U02672,32,Male,CR00002,Programming,Free,2025-04-28,0.0
TT09609,U02679,18,Male,CR00024,Data Science,Paid,2025-10-18,117.68
TT09610,U02683,28,Male,CR00019,Marketing,Free,2025-10-20,0.0
TT09611,U02684,28,Male,CR00015,Business,Paid,2025-11-15,285.05
TT09612,U02698,18,Female,CR00032,Cybersecurity,Free,2025-05-01,0.0
TT09613,U02733,31,Male,CR00001,Programming,Paid,2025-05-07,472.28
TT09614,U02743,33,Male,CR00021,Data Science,Free,2025-09-20,0.0
TT09615,U02754,34,Male,CR00045,Finance,Free,2025-03-30,0.0
TT09616,U02770,31,Male,CR00034,Cybersecurity,Paid,2025-08-07,394.26
TT09617,U02775,24,Female,CR00038,Project Management,Paid,2025-03-01,342.61
TT09618,U02788,20,Female,CR00017,Marketing,Free,2025-12-13,0.0
TT09619,U02793,22,Female,CR00016,Marketing,Free,2025-07-22,0.0
TT09620,U02832,31,Male,CR00010,Design,Free,2025-02-18,0.0
TT09621,U02843,26,Male,CR00022,Data Science,Free,2025-09-14,0.0
TT09622,U02850,25,Female,CR00051,Web Development,Paid,2025-03-02,37.89
TT09623,U02857,35,Male,CR00029,Machine Learning,Free,2025-01-06,0.0
TT09624,U02883,16,Female,CR00036,Project Management,Free,2025-04-20,0.0
TT09625,U02899,28,Female,CR00042,Finance,Free,2025-04-23,0.0
TT09626,U02909,19,Female,CR00016,Marketing,Free,2025-05-11,0.0
TT09627,U02915,33,Female,CR00019,Marketing,Free,2025-05-26,0.0
TT09628,U02916,20,Male,CR00042,Finance,Free,2025-12-04,0.0
TT09629,U02927,20,Male,CR00021,Data Science,Free,2025-01-23,0.0
TT09630,U02931,28,Female,CR00029,Machine Learning,Free,2025-06-11,0.0
TT09631,U02937,23,Male,CR00041,Finance,Paid,2025-01-17,53.86
TT09632,U02941,22,Male,CR00058,Digital Marketing,Free,2025-11-18,0.0
TT09633,U02945,23,Female,CR00011,Business,Paid,2025-11-04,326.02
TT09634,U02947,18,Female,CR00029,Machine Learning,Free,2025-10-25,0.0
TT09635,U02971,20,Female,CR00059,Digital Marketing,Free,2025-11-04,0.0
TT09636,U02974,31,Female,CR00025,Data Science,Paid,2025-09-23,299.57
TT09637,U02976,28,Female,CR00008,Design,Free,2025-07-27,0.0
TT09638,U02980,27,Male,CR00021,Data Science,Free,2025-01-06,0.0
TT09639,U02981,23,Male,CR00032,Cybersecurity,Free,2025-09-19,0.0
TT09640,U02984,35,Female,CR00049,Artificial Intelligence,Paid,2025-11-18,415.51
TT09641,U02989,22,Male,CR00051,Web Development,Paid,2025-02-04,37.89
TT09642,U02992,24,Female,CR00016,Marketing,Free,2025-06-19,0.0
TT09643,U02994,31,Female,CR00024,Data Science,Paid,2025-07-16,117.68
TT09644,U00003,33,Female,CR00040,Project Management,Paid,2025-05-07,327.99
TT09645,U00004,23,Female,CR00058,Digital Marketing,Free,2025-01-07,0.0
TT09646,U00013,33,Female,CR00055,Web Development,Paid,2025-04-07,57.32
TT09647,U00015,27,Female,CR00058,Digital Marketing,Free,2025-02-09,0.0
TT09648,U00018,24,Female,CR00024,Data Science,Paid,2025-01-25,117.68
TT09649,U00028,30,Female,CR00029,Machine Learning,Free,2025-01-11,0.0
TT09650,U00045,23,Female,CR00020,Marketing,Free,2025-09-29,0.0
TT09651,U00048,19,Male,CR00007,Design,Free,2025-01-17,0.0
TT09652,U00055,31,Female,CR00006,Design,Paid,2025-12-16,276.37
TT09653,U00071,30,Female,CR00005,Programming,Free,2025-03-28,0.0
TT09654,U00083,16,Male,CR00046,Artificial Intelligence,Paid,2025-11-07,248.1
TT09655,U00085,22,Female,CR00006,Design,Paid,2025-12-25,276.37
TT09656,U00109,15,Female,CR00012,Business,Paid,2025-10-21,487.92
TT09657,U00112,34,Female,CR00058,Digital Marketing,Free,2025-09-27,0.0
TT09658,U00126,23,Female,CR00054,Web Development,Free,2025-09-11,0.0
TT09659,U00128,35,Female,CR00025,Data Science,Paid,2025-05-02,299.57
TT09660,U00133,21,Male,CR00047,Artificial Intelligence,Paid,2025-12-01,89.59
TT09661,U00134,26,Female,CR00036,Project Management,Free,2025-11-13,0.0
TT09662,U00147,30,Male,CR00020,Marketing,Free,2025-12-29,0.0
TT09663,U00149,17,Female,CR00026,Machine Learning,Free,2025-09-12,0.0
TT09664,U00152,19,Female,CR00036,Project Management,Free,2025-09-06,0.0
TT09665,U00161,25,Female,CR00033,Cybersecurity,Free,2025-02-13,0.0
TT09666,U00166,33,Male,CR00046,Artificial Intelligence,Paid,2025-06-22,248.1
TT09667,U00169,24,Male,CR00058,Digital Marketing,Free,2025-06-04,0.0
TT09668,U00173,31,Male,CR00049,Artificial Intelligence,Paid,2025-07-13,415.51
TT09669,U00177,29,Female,CR00025,Data Science,Paid,2025-09-29,299.57
TT09670,U00178,20,Male,CR00010,Design,Free,2025-11-11,0.0
TT09671,U00192,17,Male,CR00016,Marketing,Free,2025-11-29,0.0
TT09672,U00208,18,Female,CR00022,Data Science,Free,2025-02-06,0.0
TT09673,U00216,23,Male,CR00012,Business,Paid,2025-02-01,487.92
TT09674,U00220,20,Male,CR00048,Artificial Intelligence,Free,2025-10-03,0.0
TT09675,U00238,24,Female,CR00020,Marketing,Free,2025-11-06,0.0
TT09676,U00251,28,Female,CR00004,Programming,Free,2025-11-12,0.0
TT09677,U00260,35,Male,CR00021,Data Science,Free,2025-09-09,0.0
TT09678,U00265,15,Male,CR00044,Finance,Paid,2025-07-12,119.04
TT09679,U00272,25,Male,CR00027,Machine Learning,Free,2025-06-28,0.0
TT09680,U00282,19,Male,CR00024,Data Science,Paid,2025-05-24,117.68
TT09681,U00293,25,Female,CR00026,Machine Learning,Free,2025-05-17,0.0
TT09682,U00298,32,Male,CR00037,Project Management,Free,2025-10-14,0.0
TT09683,U00301,26,Male,CR00052,Web Development,Free,2025-03-06,0.0
TT09684,U00303,35,Male,CR00049,Artificial Intelligence,Paid,2025-01-15,415.51
TT09685,U00310,26,Female,CR00014,Business,Free,2025-10-30,0.0
TT09686,U00321,28,Male,CR00034,Cybersecurity,Paid,2025-01-30,394.26
TT09687,U00322,23,Male,CR00052,Web Development,Free,2025-01-03,0.0
TT09688,U00323,21,Female,CR00018,Marketing,Free,2025-08-19,0.0
TT09689,U00328,29,Female,CR00043,Finance,Free,2025-10-30,0.0
TT09690,U00329,20,Female,CR00018,Marketing,Free,2025-02-15,0.0
TT09691,U00330,15,Female,CR00023,Data Science,Free,2025-07-25,0.0
TT09692,U00334,24,Female,CR00047,Artificial Intelligence,Paid,2025-11-28,89.59
TT09693,U00338,23,Female,CR00038,Project Management,Paid,2025-06-13,342.61
TT09694,U00339,29,Male,CR00053,Web Development,Free,2025-01-02,0.0
TT09695,U00340,30,Male,CR00025,Data Science,Paid,2025-02-04,299.57
TT09696,U00345,16,Male,CR00031,Cybersecurity,Free,2025-01-17,0.0
TT09697,U00352,28,Male,CR00007,Design,Free,2025-07-07,0.0
TT09698,U00353,34,Female,CR00020,Marketing,Free,2025-06-22,0.0
TT09699,U00356,21,Female,CR00003,Programming,Free,2025-12-22,0.0
TT09700,U00357,15,Female,CR00049,Artificial Intelligence,Paid,2025-01-04,415.51
TT09701,U00362,16,Male,CR00044,Finance,Paid,2025-03-13,119.04
TT09702,U00365,30,Female,CR00051,Web Development,Paid,2025-08-23,37.89
TT09703,U00379,20,Male,CR00050,Artificial Intelligence,Paid,2025-07-14,490.9
TT09704,U00399,31,Female,CR00055,Web Development,Paid,2025-08-03,57.32
TT09705,U00404,21,Female,CR00057,Digital Marketing,Paid,2025-09-01,177.34
TT09706,U00406,33,Male,CR00046,Artificial Intelligence,Paid,2025-07-22,248.1
TT09707,U00411,17,Female,CR00006,Design,Paid,2025-08-07,276.37
TT09708,U00423,27,Female,CR00027,Machine Learning,Free,2025-10-01,0.0
TT09709,U00427,29,Female,CR00044,Finance,Paid,2025-01-13,119.04
TT09710,U00444,15,Female,CR00059,Digital Marketing,Free,2025-07-05,0.0
TT09711,U00449,33,Female,CR00039,Project Management,Paid,2025-09-16,346.71
TT09712,U00543,18,Female,CR00021,Data Science,Free,2025-12-07,0.0
TT09713,U00548,32,Female,CR00034,Cybersecurity,Paid,2025-07-26,394.26
TT09714,U00556,25,Female,CR00008,Design,Free,2025-12-03,0.0
TT09715,U00559,20,Male,CR00060,Digital Marketing,Free,2025-03-07,0.0
TT09716,U00562,23,Female,CR00032,Cybersecurity,Free,2025-04-11,0.0
TT09717,U00569,15,Female,CR00010,Design,Free,2025-11-24,0.0
TT09718,U00570,27,Male,CR00013,Business,Free,2025-04-08,0.0
TT09719,U00572,32,Male,CR00032,Cybersecurity,Free,2025-08-09,0.0
TT09720,U00573,30,Male,CR00029,Machine Learning,Free,2025-01-01,0.0
TT09721,U00574,33,Female,CR00030,Machine Learning,Free,2025-12-01,0.0
TT09722,U00576,16,Male,CR00033,Cybersecurity,Free,2025-02-24,0.0
TT09723,U00584,31,Female,CR00024,Data Science,Paid,2025-09-08,117.68
TT09724,U00595,29,Male,CR00007,Design,Free,2025-08-03,0.0
TT09725,U00604,30,Female,CR00019,Marketing,Free,2025-03-16,0.0
TT09726,U00619,32,Female,CR00037,Project Management,Free,2025-02-04,0.0
TT09727,U00622,28,Female,CR00057,Digital Marketing,Paid,2025-04-27,177.34
TT09728,U00633,35,Female,CR00006,Design,Paid,2025-01-26,276.37
TT09729,U00636,21,Female,CR00060,Digital Marketing,Free,2025-03-25,0.0
TT09730,U00639,33,Female,CR00041,Finance,Paid,2025-10-01,53.86
TT09731,U00687,29,Female,CR00049,Artificial Intelligence,Paid,2025-11-30,415.51
TT09732,U00701,32,Male,CR00040,Project Management,Paid,2025-01-14,327.99
TT09733,U00704,30,Male,CR00040,Project Management,Paid,2025-04-19,327.99
TT09734,U00723,35,Male,CR00047,Artificial Intelligence,Paid,2025-02-21,89.59
TT09735,U00724,16,Female,CR00003,Programming,Free,2025-11-15,0.0
TT09736,U00752,30,Male,CR00022,Data Science,Free,2025-07-24,0.0
TT09737,U00760,21,Female,CR00040,Project Management,Paid,2025-12-29,327.99
TT09738,U00765,31,Female,CR00045,Finance,Free,2025-10-22,0.0
TT09739,U00772,24,Female,CR00033,Cybersecurity,Free,2025-01-19,0.0
TT09740,U00786,32,Female,CR00016,Marketing,Free,2025-03-03,0.0
TT09741,U00819,28,Female,CR00041,Finance,Paid,2025-08-02,53.86
TT09742,U00821,23,Male,CR00047,Artificial Intelligence,Paid,2025-03-23,89.59
TT09743,U00829,22,Male,CR00039,Project Management,Paid,2025-09-22,346.71
TT09744,U00836,29,Female,CR00004,Programming,Free,2025-11-04,0.0
TT09745,U00838,25,Female,CR00027,Machine Learning,Free,2025-11-19,0.0
TT09746,U00850,26,Male,CR00036,Project Management,Free,2025-11-29,0.0
TT09747,U00852,23,Male,CR00032,Cybersecurity,Free,2025-04-05,0.0
TT09748,U00858,20,Male,CR00009,Design,Free,2025-10-30,0.0
TT09749,U00874,25,Male,CR00009,Design,Free,2025-12-04,0.0
TT09750,U00876,27,Male,CR00042,Finance,Free,2025-08-06,0.0
TT09751,U00881,34,Female,CR00023,Data Science,Free,2025-07-01,0.0
TT09752,U00915,24,Female,CR00050,Artificial Intelligence,Paid,2025-06-22,490.9
TT09753,U00919,28,Male,CR00007,Design,Free,2025-04-11,0.0
TT09754,U00961,31,Male,CR00001,Programming,Paid,2025-10-11,472.28
TT09755,U00967,15,Male,CR00019,Marketing,Free,2025-11-03,0.0
TT09756,U00976,30,Male,CR00007,Design,Free,2025-10-28,0.0
TT09757,U00981,34,Male,CR00053,Web Development,Free,2025-08-19,0.0
TT09758,U00989,26,Male,CR00038,Project Management,Paid,2025-01-06,342.61
TT09759,U00997,34,Female,CR00036,Project Management,Free,2025-01-16,0.0
TT09760,U01000,16,Female,CR00057,Digital Marketing,Paid,2025-11-21,177.34
TT09761,U01015,29,Male,CR00021,Data Science,Free,2025-07-20,0.0
TT09762,U01020,28,Male,CR00053,Web Development,Free,2025-07-27,0.0
TT09763,U01022,17,Male,CR00009,Design,Free,2025-10-27,0.0
TT09764,U01031,15,Male,CR00008,Design,Free,2025-05-08,0.0
TT09765,U01034,18,Female,CR00003,Programming,Free,2025-07-06,0.0
TT09766,U01066,19,Female,CR00045,Finance,Free,2025-12-30,0.0
TT09767,U01079,21,Male,CR00051,Web Development,Paid,2025-11-30,37.89
TT09768,U01083,29,Male,CR00024,Data Science,Paid,2025-05-12,117.68
TT09769,U01084,24,Male,CR00056,Digital Marketing,Paid,2025-03-22,212.39
TT09770,U01092,34,Female,CR00002,Programming,Free,2025-03-28,0.0
TT09771,U01096,18,Male,CR00041,Finance,Paid,2025-02-06,53.86
TT09772,U01123,29,Female,CR00046,Artificial Intelligence,Paid,2025-05-22,248.1
TT09773,U01143,31,Male,CR00002,Programming,Free,2025-12-30,0.0
TT09774,U01146,15,Male,CR00057,Digital Marketing,Paid,2025-11-21,177.34
TT09775,U01151,28,Female,CR00060,Digital Marketing,Free,2025-03-29,0.0
TT09776,U01163,24,Male,CR00036,Project Management,Free,2025-03-23,0.0
TT09777,U01170,27,Female,CR00038,Project Management,Paid,2025-01-09,342.61
TT09778,U01177,16,Male,CR00031,Cybersecurity,Free,2025-10-07,0.0
TT09779,U01180,18,Male,CR00007,Design,Free,2025-02-11,0.0
TT09780,U01197,28,Male,CR00044,Finance,Paid,2025-01-20,119.04
TT09781,U01203,15,Male,CR00013,Business,Free,2025-02-24,0.0
TT09782,U01221,32,Male,CR00020,Marketing,Free,2025-08-28,0.0
TT09783,U01224,23,Female,CR00051,Web Development,Paid,2025-05-24,37.89
TT09784,U01231,21,Female,CR00049,Artificial Intelligence,Paid,2025-06-30,415.51
TT09785,U01235,27,Female,CR00032,Cybersecurity,Free,2025-08-07,0.0
TT09786,U01237,24,Male,CR00029,Machine Learning,Free,2025-06-28,0.0
TT09787,U01239,20,Male,CR00039,Project Management,Paid,2025-08-02,346.71
TT09788,U01244,30,Female,CR00053,Web Development,Free,2025-07-11,0.0
TT09789,U01249,25,Male,CR00011,Business,Paid,2025-09-24,326.02
TT09790,U01250,27,Female,CR00048,Artificial Intelligence,Free,2025-08-12,0.0
TT09791,U01261,25,Male,CR00007,Design,Free,2025-04-15,0.0
TT09792,U01267,30,Female,CR00040,Project Management,Paid,2025-07-20,327.99
TT09793,U01277,26,Female,CR00032,Cybersecurity,Free,2025-11-16,0.0
TT09794,U01281,23,Female,CR00045,Finance,Free,2025-11-15,0.0
TT09795,U01284,34,Female,CR00054,Web Development,Free,2025-02-07,0.0
TT09796,U01286,27,Male,CR00018,Marketing,Free,2025-10-30,0.0
TT09797,U01287,33,Female,CR00006,Design,Paid,2025-03-02,276.37
TT09798,U01290,16,Male,CR00024,Data Science,Paid,2025-05-04,117.68
TT09799,U01315,33,Male,CR00053,Web Development,Free,2025-03-07,0.0
TT09800,U01318,18,Female,CR00033,Cybersecurity,Free,2025-08-18,0.0
TT09801,U01331,16,Male,CR00053,Web Development,Free,2025-06-01,0.0
TT09802,U01336,33,Male,CR00036,Project Management,Free,2025-02-26,0.0
TT09803,U01337,32,Female,CR00047,Artificial Intelligence,Paid,2025-10-11,89.59
TT09804,U01343,32,Male,CR00038,Project Management,Paid,2025-09-18,342.61
TT09805,U01344,25,Female,CR00020,Marketing,Free,2025-12-26,0.0
TT09806,U01346,16,Male,CR00051,Web Development,Paid,2025-03-24,37.89
TT09807,U01347,20,Male,CR00058,Digital Marketing,Free,2025-08-03,0.0
TT09808,U01350,16,Female,CR00031,Cybersecurity,Free,2025-01-10,0.0
TT09809,U01352,25,Male,CR00016,Marketing,Free,2025-05-08,0.0
TT09810,U01364,16,Female,CR00026,Machine Learning,Free,2025-10-09,0.0
TT09811,U01365,25,Male,CR00021,Data Science,Free,2025-04-05,0.0
TT09812,U01375,22,Male,CR00056,Digital Marketing,Paid,2025-02-01,212.39
TT09813,U01394,26,Female,CR00060,Digital Marketing,Free,2025-11-17,0.0
TT09814,U01395,31,Male,CR00029,Machine Learning,Free,2025-02-06,0.0
TT09815,U01397,28,Male,CR00055,Web Development,Paid,2025-10-19,57.32
TT09816,U01399,20,Male,CR00051,Web Development,Paid,2025-09-08,37.89
TT09817,U01405,35,Male,CR00039,Project Management,Paid,2025-10-21,346.71
TT09818,U01411,21,Male,CR00004,Programming,Free,2025-07-14,0.0
TT09819,U01414,35,Female,CR00027,Machine Learning,Free,2025-08-30,0.0
TT09820,U01429,31,Female,CR00007,Design,Free,2025-10-21,0.0
TT09821,U01445,29,Male,CR00054,Web Development,Free,2025-10-23,0.0
TT09822,U01455,22,Female,CR00055,Web Development,Paid,2025-12-24,57.32
TT09823,U01460,32,Female,CR00015,Business,Paid,2025-02-16,285.05
TT09824,U01473,17,Female,CR00015,Business,Paid,2025-09-18,285.05
TT09825,U01475,20,Male,CR00038,Project Management,Paid,2025-04-26,342.61
TT09826,U01488,27,Male,CR00051,Web Development,Paid,2025-03-16,37.89
TT09827,U01496,22,Female,CR00010,Design,Free,2025-04-03,0.0
TT09828,U01497,35,Female,CR00045,Finance,Free,2025-12-05,0.0
TT09829,U01500,15,Male,CR00014,Business,Free,2025-05-08,0.0
TT09830,U01506,34,Male,CR00018,Marketing,Free,2025-04-13,0.0
TT09831,U01512,19,Male,CR00010,Design,Free,2025-07-08,0.0
TT09832,U01517,26,Male,CR00026,Machine Learning,Free,2025-01-04,0.0
TT09833,U01522,31,Female,CR00052,Web Development,Free,2025-01-10,0.0
TT09834,U01528,16,Male,CR00025,Data Science,Paid,2025-11-11,299.57
TT09835,U01530,16,Male,CR00019,Marketing,Free,2025-06-14,0.0
TT09836,U01531,30,Female,CR00020,Marketing,Free,2025-09-20,0.0
TT09837,U01536,33,Female,CR00049,Artificial Intelligence,Paid,2025-08-10,415.51
TT09838,U01543,25,Female,CR00003,Programming,Free,2025-04-17,0.0
TT09839,U01553,27,Male,CR00013,Business,Free,2025-12-24,0.0
TT09840,U01578,26,Male,CR00026,Machine Learning,Free,2025-02-24,0.0
TT09841,U01585,27,Male,CR00059,Digital Marketing,Free,2025-05-06,0.0
TT09842,U01586,27,Male,CR00052,Web Development,Free,2025-08-13,0.0
TT09843,U01618,15,Female,CR00046,Artificial Intelligence,Paid,2025-09-22,248.1
TT09844,U01627,23,Female,CR00008,Design,Free,2025-07-22,0.0
TT09845,U01628,26,Male,CR00013,Business,Free,2025-05-09,0.0
TT09846,U01635,18,Female,CR00016,Marketing,Free,2025-11-24,0.0
TT09847,U01637,30,Male,CR00026,Machine Learning,Free,2025-03-26,0.0
TT09848,U01647,17,Female,CR00012,Business,Paid,2025-04-27,487.92
TT09849,U01649,35,Male,CR00040,Project Management,Paid,2025-07-24,327.99
TT09850,U01654,22,Female,CR00013,Business,Free,2025-03-03,0.0
TT09851,U01662,28,Male,CR00009,Design,Free,2025-01-26,0.0
TT09852,U01666,28,Female,CR00008,Design,Free,2025-03-25,0.0
TT09853,U01671,25,Male,CR00055,Web Development,Paid,2025-02-16,57.32
TT09854,U01674,27,Female,CR00034,Cybersecurity,Paid,2025-06-24,394.26
TT09855,U01692,26,Male,CR00046,Artificial Intelligence,Paid,2025-03-15,248.1
TT09856,U01695,32,Male,CR00046,Artificial Intelligence,Paid,2025-06-22,248.1
TT09857,U01702,21,Female,CR00060,Digital Marketing,Free,2025-10-03,0.0
TT09858,U01708,22,Male,CR00006,Design,Paid,2025-09-11,276.37
TT09859,U01720,21,Female,CR00024,Data Science,Paid,2025-02-22,117.68
TT09860,U01724,17,Male,CR00007,Design,Free,2025-09-17,0.0
TT09861,U01726,32,Female,CR00015,Business,Paid,2025-06-02,285.05
TT09862,U01729,29,Female,CR00053,Web Development,Free,2025-06-13,0.0
TT09863,U01745,21,Female,CR00046,Artificial Intelligence,Paid,2025-04-24,248.1
TT09864,U01746,24,Male,CR00005,Programming,Free,2025-03-19,0.0
TT09865,U01762,33,Male,CR00038,Project Management,Paid,2025-10-23,342.61
TT09866,U01773,17,Male,CR00043,Finance,Free,2025-09-28,0.0
TT09867,U01786,25,Female,CR00031,Cybersecurity,Free,2025-07-28,0.0
TT09868,U01789,33,Female,CR00032,Cybersecurity,Free,2025-04-05,0.0
TT09869,U01795,15,Female,CR00036,Project Management,Free,2025-11-07,0.0
TT09870,U01805,21,Male,CR00015,Business,Paid,2025-02-21,285.05
TT09871,U01809,24,Female,CR00026,Machine Learning,Free,2025-08-17,0.0
TT09872,U01810,15,Female,CR00024,Data Science,Paid,2025-11-02,117.68
TT09873,U01820,24,Male,CR00029,Machine Learning,Free,2025-05-04,0.0
TT09874,U01822,22,Male,CR00053,Web Development,Free,2025-10-05,0.0
TT09875,U01825,25,Male,CR00048,Artificial Intelligence,Free,2025-05-08,0.0
TT09876,U01840,35,Female,CR00019,Marketing,Free,2025-11-26,0.0
TT09877,U01842,33,Female,CR00028,Machine Learning,Paid,2025-07-04,0.78
TT09878,U01854,16,Male,CR00019,Marketing,Free,2025-09-03,0.0
TT09879,U01867,24,Female,CR00042,Finance,Free,2025-04-05,0.0
TT09880,U01871,21,Male,CR00021,Data Science,Free,2025-09-30,0.0
TT09881,U01872,28,Female,CR00055,Web Development,Paid,2025-07-27,57.32
TT09882,U01877,19,Male,CR00003,Programming,Free,2025-12-16,0.0
TT09883,U01893,23,Female,CR00011,Business,Paid,2025-09-26,326.02
TT09884,U01896,32,Female,CR00011,Business,Paid,2025-12-28,326.02
TT09885,U01908,19,Male,CR00007,Design,Free,2025-06-30,0.0
TT09886,U01917,18,Female,CR00050,Artificial Intelligence,Paid,2025-01-09,490.9
TT09887,U01918,23,Male,CR00023,Data Science,Free,2025-02-08,0.0
TT09888,U01920,33,Male,CR00018,Marketing,Free,2025-06-21,0.0
TT09889,U01929,19,Male,CR00042,Finance,Free,2025-01-03,0.0
TT09890,U01934,22,Male,CR00048,Artificial Intelligence,Free,2025-08-16,0.0
TT09891,U01953,19,Male,CR00001,Programming,Paid,2025-06-12,472.28
TT09892,U01958,16,Male,CR00017,Marketing,Free,2025-02-17,0.0
TT09893,U01959,26,Female,CR00022,Data Science,Free,2025-01-19,0.0
TT09894,U01961,30,Male,CR00055,Web Development,Paid,2025-02-15,57.32
TT09895,U01962,19,Male,CR00040,Project Management,Paid,2025-11-19,327.99
TT09896,U01979,25,Female,CR00019,Marketing,Free,2025-02-11,0.0
TT09897,U01987,15,Male,CR00048,Artificial Intelligence,Free,2025-06-22,0.0
TT09898,U01989,26,Female,CR00023,Data Science,Free,2025-09-27,0.0
TT09899,U01993,23,Female,CR00038,Project Management,Paid,2025-01-01,342.61
TT09900,U01994,20,Female,CR00031,Cybersecurity,Free,2025-08-27,0.0
TT09901,U01998,23,Male,CR00018,Marketing,Free,2025-07-24,0.0
TT09902,U02010,31,Male,CR00001,Programming,Paid,2025-07-30,472.28
TT09903,U02015,30,Male,CR00001,Programming,Paid,2025-09-17,472.28
TT09904,U02022,27,Female,CR00004,Programming,Free,2025-03-05,0.0
TT09905,U02035,32,Male,CR00036,Project Management,Free,2025-12-25,0.0
TT09906,U02038,32,Female,CR00038,Project Management,Paid,2025-11-14,342.61
TT09907,U02039,29,Male,CR00037,Project Management,Free,2025-04-05,0.0
TT09908,U02055,33,Female,CR00034,Cybersecurity,Paid,2025-12-16,394.26
TT09909,U02058,16,Male,CR00032,Cybersecurity,Free,2025-12-29,0.0
TT09910,U02068,15,Male,CR00010,Design,Free,2025-06-26,0.0
TT09911,U02074,27,Female,CR00060,Digital Marketing,Free,2025-12-18,0.0
TT09912,U02077,24,Male,CR00052,Web Development,Free,2025-01-02,0.0
TT09913,U02094,24,Female,CR00043,Finance,Free,2025-08-14,0.0
TT09914,U02125,31,Female,CR00013,Business,Free,2025-01-03,0.0
TT09915,U02147,33,Male,CR00016,Marketing,Free,2025-11-04,0.0
TT09916,U02149,21,Female,CR00006,Design,Paid,2025-05-30,276.37
TT09917,U02152,35,Female,CR00031,Cybersecurity,Free,2025-07-29,0.0
TT09918,U02155,16,Female,CR00021,Data Science,Free,2025-05-18,0.0
TT09919,U02161,23,Female,CR00016,Marketing,Free,2025-12-05,0.0
TT09920,U02174,17,Female,CR00049,Artificial Intelligence,Paid,2025-07-27,415.51
TT09921,U02199,27,Male,CR00019,Marketing,Free,2025-05-29,0.0
TT09922,U02212,33,Male,CR00039,Project Management,Paid,2025-03-01,346.71
TT09923,U02217,21,Male,CR00031,Cybersecurity,Free,2025-05-27,0.0
TT09924,U02231,20,Male,CR00035,Cybersecurity,Free,2025-04-04,0.0
TT09925,U02248,29,Male,CR00022,Data Science,Free,2025-01-20,0.0
TT09926,U02258,21,Male,CR00003,Programming,Free,2025-04-09,0.0
TT09927,U02288,32,Female,CR00021,Data Science,Free,2025-07-21,0.0
TT09928,U02290,25,Male,CR00020,Marketing,Free,2025-03-28,0.0
TT09929,U02300,35,Male,CR00031,Cybersecurity,Free,2025-05-15,0.0
TT09930,U02301,18,Female,CR00035,Cybersecurity,Free,2025-02-12,0.0
TT09931,U02306,18,Female,CR00013,Business,Free,2025-06-20,0.0
TT09932,U02315,34,Male,CR00022,Data Science,Free,2025-02-20,0.0
TT09933,U02336,17,Female,CR00041,Finance,Paid,2025-05-08,53.86
TT09934,U02337,18,Female,CR00019,Marketing,Free,2025-04-12,0.0
TT09935,U02341,17,Male,CR00047,Artificial Intelligence,Paid,2025-11-23,89.59
TT09936,U02344,26,Male,CR00039,Project Management,Paid,2025-07-16,346.71
TT09937,U02345,31,Male,CR00002,Programming,Free,2025-03-29,0.0
TT09938,U02349,27,Male,CR00060,Digital Marketing,Free,2025-10-18,0.0
TT09939,U02370,24,Male,CR00015,Business,Paid,2025-12-27,285.05
TT09940,U02371,34,Female,CR00046,Artificial Intelligence,Paid,2025-12-04,248.1
TT09941,U02410,18,Male,CR00042,Finance,Free,2025-02-25,0.0
TT09942,U02415,33,Male,CR00027,Machine Learning,Free,2025-11-17,0.0
TT09943,U02427,31,Female,CR00055,Web Development,Paid,2025-07-15,57.32
TT09944,U02432,30,Female,CR00030,Machine Learning,Free,2025-09-19,0.0
TT09945,U02445,26,Female,CR00018,Marketing,Free,2025-12-20,0.0
TT09946,U02459,33,Male,CR00008,Design,Free,2025-08-22,0.0
TT09947,U02470,34,Male,CR00053,Web Development,Free,2025-05-07,0.0
TT09948,U02485,22,Male,CR00021,Data Science,Free,2025-05-08,0.0
TT09949,U02490,24,Female,CR00035,Cybersecurity,Free,2025-11-25,0.0
TT09950,U02512,15,Female,CR00019,Marketing,Free,2025-07-14,0.0
TT09951,U02537,31,Female,CR00026,Machine Learning,Free,2025-06-24,0.0
TT09952,U02540,33,Female,CR00021,Data Science,Free,2025-04-08,0.0
TT09953,U02541,18,Female,CR00034,Cybersecurity,Paid,2025-08-29,394.26
TT09954,U02542,35,Female,CR00028,Machine Learning,Paid,2025-02-10,0.78
TT09955,U02564,19,Female,CR00042,Finance,Free,2025-08-18,0.0
TT09956,U02566,30,Female,CR00006,Design,Paid,2025-07-22,276.37
TT09957,U02582,23,Male,CR00044,Finance,Paid,2025-11-19,119.04
TT09958,U02583,33,Male,CR00024,Data Science,Paid,2025-11-19,117.68
TT09959,U02593,16,Male,CR00018,Marketing,Free,2025-01-02,0.0
TT09960,U02614,30,Female,CR00003,Programming,Free,2025-11-12,0.0
TT09961,U02616,19,Female,CR00044,Finance,Paid,2025-01-18,119.04
TT09962,U02643,17,Female,CR00025,Data Science,Paid,2025-11-08,299.57
TT09963,U02651,16,Female,CR00013,Business,Free,2025-03-11,0.0
TT09964,U02663,27,Female,CR00001,Programming,Paid,2025-09-10,472.28
TT09965,U02672,32,Male,CR00032,Cybersecurity,Free,2025-08-17,0.0
TT09966,U02683,28,Male,CR00034,Cybersecurity,Paid,2025-05-17,394.26
TT09967,U02684,28,Male,CR00034,Cybersecurity,Paid,2025-03-29,394.26
TT09968,U02709,19,Female,CR00058,Digital Marketing,Free,2025-04-29,0.0
TT09969,U02743,33,Male,CR00002,Programming,Free,2025-02-04,0.0
TT09970,U02754,34,Male,CR00051,Web Development,Paid,2025-08-28,37.89
TT09971,U02767,31,Male,CR00022,Data Science,Free,2025-11-29,0.0
TT09972,U02770,31,Male,CR00052,Web Development,Free,2025-07-02,0.0
TT09973,U02775,24,Female,CR00055,Web Development,Paid,2025-03-30,57.32
TT09974,U02788,20,Female,CR00023,Data Science,Free,2025-10-22,0.0
TT09975,U02791,27,Male,CR00011,Business,Paid,2025-07-17,326.02
TT09976,U02792,27,Female,CR00036,Project Management,Free,2025-10-02,0.0
TT09977,U02821,27,Male,CR00057,Digital Marketing,Paid,2025-06-18,177.34
TT09978,U02825,34,Male,CR00005,Programming,Free,2025-06-09,0.0
TT09979,U02832,31,Male,CR00013,Business,Free,2025-10-26,0.0
TT09980,U02843,26,Male,CR00030,Machine Learning,Free,2025-01-28,0.0
TT09981,U02844,21,Female,CR00054,Web Development,Free,2025-06-30,0.0
TT09982,U02857,35,Male,CR00019,Marketing,Free,2025-07-09,0.0
TT09983,U02883,16,Female,CR00048,Artificial Intelligence,Free,2025-12-19,0.0
TT09984,U02899,28,Female,CR00003,Programming,Free,2025-09-09,0.0
TT09985,U02909,19,Female,CR00058,Digital Marketing,Free,2025-11-01,0.0
TT09986,U02915,33,Female,CR00026,Machine Learning,Free,2025-06-14,0.0
TT09987,U02916,20,Male,CR00006,Design,Paid,2025-02-07,276.37
TT09988,U02927,20,Male,CR00012,Business,Paid,2025-04-26,487.92
TT09989,U02931,28,Female,CR00043,Finance,Free,2025-10-14,0.0
TT09990,U02937,23,Male,CR00020,Marketing,Free,2025-08-13,0.0
TT09991,U02941,22,Male,CR00038,Project Management,Paid,2025-01-10,342.61
TT09992,U02945,23,Female,CR00054,Web Development,Free,2025-04-08,0.0
TT09993,U02958,33,Male,CR00035,Cybersecurity,Free,2025-11-04,0.0
TT09994,U02969,18,Female,CR00005,Programming,Free,2025-07-30,0.0
TT09995,U02971,20,Female,CR00051,Web Development,Paid,2025-07-19,37.89
TT09996,U02974,31,Female,CR00045,Finance,Free,2025-12-01,0.0
TT09997,U02976,28,Female,CR00017,Marketing,Free,2025-04-03,0.0
TT09998,U02980,27,Male,CR00060,Digital Marketing,Free,2025-06-01,0.0
TT09999,U02981,23,Male,CR00055,Web Development,Paid,2025-04-26,57.32
TT10000,U02984,35,Female,CR00043,Finance,Free,2025-10-18,0.0
